"grid","terrain_factor","era5_ratio","multiplier","minutes","status","finished"
"HU30",0.985551051500577,0.99452173586766,0.980151942524551,0.810256532828013,"ok","2026-08-12 19:35:33"
"HU31",0.967578744083141,0.999044194278267,0.966653926783319,6.32233861684799,"ok","2026-08-12 19:41:52"
"HU32",0.991630234338371,0.995343395364696,0.987012604392644,4.7022947827975,"ok","2026-08-12 19:46:35"
"HU33",0.973783108917628,0.992686207545005,0.966661061362825,1.20402548313141,"ok","2026-08-12 19:47:47"
"HU34",1.00465478340175,0.999467503218917,1.00411980796348,0.823689234256744,"ok","2026-08-12 19:48:36"
"HU40",0.977543013145527,0.994735767329621,0.972396999279026,0.604758485158284,"ok","2026-08-12 19:49:13"
"HU41",0.973918750217507,1.00234754780335,0.976205071040221,1.27458911736806,"ok","2026-08-12 19:50:29"
"HU42",0.962795088161124,0.998839677166805,0.961677935036643,4.22249075174332,"ok","2026-08-12 19:54:42"
"HU43",0.966337779461317,0.99628242444869,0.962745345758084,5.26500124931335,"ok","2026-08-12 19:59:58"
"HU44",0.961304605851433,1.00312333869687,0.964307085726366,5.72346211671829,"ok","2026-08-12 20:05:42"
"HY20",0.979684739700759,0.994661970991573,0.974455154141124,0.943285481135051,"ok","2026-08-12 20:06:38"
"HY21",0.983186133983079,0.995669100598169,0.978928053743524,0.857897981007894,"ok","2026-08-12 20:07:30"
"HY40",0.988368260832424,0.999946143940311,0.988315031212374,0.642315832773844,"ok","2026-08-12 20:08:08"
"HY41",0.959976206659474,1.00026004288162,0.960225841638541,1.06835686763128,"ok","2026-08-12 20:09:12"
"HY62",0.993999955350496,0.995096291299676,0.989125669121322,3.05288238525391,"ok","2026-08-12 20:12:16"
"HY63",0.995699451246244,1.00394133786585,0.999623839196443,0.257153034210205,"ok","2026-08-12 20:12:31"
"NB33",0.983037318177379,0.992224469673615,0.975393681697922,0.906873281796773,"ok","2026-08-12 20:13:26"
"NB42",0.99233898165943,0.993677013676649,0.986064435850269,0.648489650090535,"ok","2026-08-12 20:14:04"
"NB43",0.971719068815579,0.997002489802525,0.968806330997723,6.81929723421733,"ok","2026-08-12 20:20:54"
"NB44",0.984969647298522,0.999186655139354,0.984168527298,2.2711939851443,"ok","2026-08-12 20:23:10"
"NB45",0.981895150847996,1.00512662394541,0.986928958040218,0.55866623322169,"ok","2026-08-12 20:23:43"
"NB46",0.995375558208789,1.0072146535207,1.00255684798424,0.558866365750631,"ok","2026-08-12 20:24:17"
"NB52",0.975723869062054,0.989616050370514,0.965592001553427,0.635961997509003,"ok","2026-08-12 20:24:55"
"NB53",0.982499298652357,0.994405266910158,0.97700247731544,3.61819738149643,"ok","2026-08-12 20:28:32"
"NB54",0.969376071015107,0.997749407881883,0.967194400870189,2.70778083403905,"ok","2026-08-12 20:31:15"
"NB55",0.974098014361487,1.00452453643933,0.978505356322941,3.7259547829628,"ok","2026-08-12 20:34:58"
"NB56",0.97997670957902,1.00477056253688,0.984651749756751,2.81647504965464,"ok","2026-08-12 20:37:47"
"NC30",0.873004349719937,1.00062387603941,0.873548996216025,4.34746873378754,"ok","2026-08-12 20:42:08"
"NC40",0.84422133885971,1.00226684970453,0.846135061752258,5.11560091574987,"ok","2026-08-12 20:47:15"
"NC50",0.89088172432385,1.00990516536731,0.899706055125992,0.93782043059667,"ok","2026-08-12 20:48:11"
"NC70",1.01315827399862,0.985551133797462,0.998519285655623,0.73971023162206,"ok","2026-08-12 20:48:56"
"NC80",0.880442702441991,1.00014975244034,0.880574550885263,4.432446316878,"ok","2026-08-12 20:53:22"
"NC90",0.95440356056905,0.992615645127176,0.947355905985921,2.62989020347595,"ok","2026-08-12 20:55:59"
"NC91",0.91473705996482,0.992503953903718,0.907880148797346,2.64065821568171,"ok","2026-08-12 20:58:38"
"ND01",0.945310171745275,0.985238033773493,0.931355534916397,2.98032478094101,"ok","2026-08-12 21:01:37"
"ND04",0.958520613978081,1.00542296746309,0.963718640080383,1.31551858186722,"ok","2026-08-12 21:02:56"
"ND05",0.975286045022565,1.00834547037078,0.983425265814332,0.941187032063802,"ok","2026-08-12 21:03:52"
"ND06",0.977159289645027,1.00233571811048,0.979441658294677,1.10380833546321,"ok","2026-08-12 21:04:58"
"ND07",0.968926369554131,1.0126468996219,0.981180284090893,0.657503084341685,"ok","2026-08-12 21:05:38"
"ND14",0.961104821330836,1.01246727954373,0.97308718380919,1.10606422026952,"ok","2026-08-12 21:06:44"
"ND15",0.969188011654894,1.00419420466915,0.973252984538658,4.56106616655986,"ok","2026-08-12 21:11:18"
"ND16",0.979366525184972,0.997157420271954,0.976582597754155,3.5248030145963,"ok","2026-08-12 21:14:49"
"ND17",0.962856481989533,1.00733107089207,0.969915251117884,0.632461682955424,"ok","2026-08-12 21:15:27"
"ND24",0.941482624379265,1.0090606437265,0.950013063013452,0.542347268263499,"ok","2026-08-12 21:16:00"
"ND25",0.96932726554733,1.00022466925356,0.969545043580537,2.22767699956894,"ok","2026-08-12 21:18:14"
"ND34",0.971103248635378,1.00807913339037,0.978948921316926,3.18997928301493,"ok","2026-08-12 21:21:25"
"ND35",0.97767270898731,0.999220922437415,0.976911026116186,2.30920663277308,"ok","2026-08-12 21:23:43"
"NH09",0.994419266195485,0.989528467460949,0.98400617249206,0.622485685348511,"ok","2026-08-12 21:24:21"
"NH16",0.94064770732941,0.991866643521052,0.932997084204595,4.49775325059891,"ok","2026-08-12 21:28:51"
"NH17",0.912625640893193,1.00342478020099,0.915751183119042,1.3446056842804,"ok","2026-08-12 21:30:11"
"NH18",0.87347527745927,1.0168921625267,0.888230163809164,3.37438589731852,"ok","2026-08-12 21:33:34"
"NH19",0.977627464638712,0.993218982540676,0.970998155732282,2.94640280008316,"ok","2026-08-12 21:36:31"
"NH22",0.765717365651073,1.00102017553887,0.766498531777197,1.76825119654338,"ok","2026-08-12 21:38:17"
"NH24",0.920364177630856,0.996669013157017,0.917298456664415,0.996736701329549,"ok","2026-08-12 21:39:17"
"NH25",0.92632611483317,1.00324780732911,0.929334643578071,0.614997998873393,"ok","2026-08-12 21:39:53"
"NH26",0.965010530244599,0.989963638735117,0.955325335938648,7.38245830138524,"ok","2026-08-12 21:47:16"
"NH27",0.954324601307023,1.00041081549768,0.954716652643055,5.50743600130081,"ok","2026-08-12 21:52:47"
"NH28",1.0356152582098,1.01309315305491,1.04917472729154,0.542841347058614,"ok","2026-08-12 21:53:19"
"NH32",0.849424945870489,1.00320883114224,0.852150607089796,0.5128710826238,"ok","2026-08-12 21:53:50"
"NH33",0.804318935134976,0.991883463334783,0.797790651007424,4.35532300074895,"ok","2026-08-12 21:58:12"
"NH34",0.929100267536422,0.996523332265695,0.925870094614345,3.81535271803538,"ok","2026-08-12 22:02:01"
"NH35",0.859139574753961,1.0023507753168,0.861159218859979,2.42104538281759,"ok","2026-08-12 22:04:26"
"NH36",0.906200490925207,0.987375312967002,0.894759993338127,7.37586446603139,"ok","2026-08-12 22:11:48"
"NH37",0.979561946201301,0.996834007135977,0.97646066006976,4.01583808263143,"ok","2026-08-12 22:15:49"
"NH38",0.86976021247773,1.00847092050552,0.877127882096497,1.60877335071564,"ok","2026-08-12 22:17:26"
"NH39",0.878429802000648,0.986432918831977,0.866512073576495,0.626016215483348,"ok","2026-08-12 22:18:03"
"NH43",0.795735256878272,0.995283452222391,0.791982133520878,0.917874399820964,"ok","2026-08-12 22:18:58"
"NH44",0.83702197332278,1.00030112066898,0.83727401793934,4.04607989788055,"ok","2026-08-12 22:23:01"
"NH45",0.809939446991941,1.00622549761489,0.814981723087394,10.3751288135846,"ok","2026-08-12 22:33:24"
"NH46",0.883115996698994,0.989856567146099,0.874158168884272,2.00267099936803,"ok","2026-08-12 22:35:24"
"NH47",0.882666563469663,0.998614547431242,0.881443670811947,0.60603791475296,"ok","2026-08-12 22:36:00"
"NH48",0.874951855049058,1.00921247164122,0.883012324201126,2.61918789943059,"ok","2026-08-12 22:38:37"
"NH49",0.896049870758612,0.98941042603173,0.886561084372955,2.02481593290965,"ok","2026-08-12 22:40:39"
"NH53",0.795995950182376,1.00601481989158,0.80078372245715,0.677153484026591,"ok","2026-08-12 22:41:20"
"NH54",0.869743483119744,1.01218766171816,0.880343622473585,5.68265158335368,"ok","2026-08-12 22:47:01"
"NH55",0.883223096295102,1.01897074575979,0.899978497104087,6.77686823209127,"ok","2026-08-12 22:53:47"
"NH56",0.9131334235201,1.00263415994421,0.915538763008055,1.61147556702296,"ok","2026-08-12 22:55:24"
"NH58",0.817464489927831,1.02050518677547,0.834226751976118,0.762707901000977,"ok","2026-08-12 22:56:10"
"NH59",0.856711302581739,0.998897720405273,0.855766967194331,6.26513174772263,"ok","2026-08-12 23:02:26"
"NH63",0.822384594735595,0.991508399689329,0.815401233455447,5.02652453184128,"ok","2026-08-12 23:07:27"
"NH64",0.82787023183464,0.999110828893285,0.827134113544383,6.86053323348363,"ok","2026-08-12 23:14:19"
"NH65",0.841087498782765,1.0069903411613,0.84696698734576,0.762184230486552,"ok","2026-08-12 23:15:05"
"NH66",0.952443348258878,0.993252136772248,0.946016390812644,5.93902849753698,"ok","2026-08-12 23:21:01"
"NH67",0.874122589921327,1.00124160125536,0.875207901626311,0.346350967884064,"ok","2026-08-12 23:21:22"
"NH68",0.883596193195289,1.00951058334592,0.891999708434811,5.20956410169601,"ok","2026-08-12 23:26:34"
"NH69",0.923276739053414,0.987716646102686,0.911935804122463,7.27544998327891,"ok","2026-08-12 23:33:51"
"NH70",0.872151115194384,0.994663994230471,0.867497311811805,1.40657734870911,"ok","2026-08-12 23:35:15"
"NH74",0.892184512786175,0.989542688814626,0.882854661701199,4.10937446753184,"ok","2026-08-12 23:39:22"
"NH75",0.955490348777322,0.998625944018363,0.954177451548188,3.64982535044352,"ok","2026-08-12 23:43:01"
"NH76",0.96325605274986,0.987176649023768,0.950903882305469,2.8807754834493,"ok","2026-08-12 23:45:54"
"NH77",0.960314025312052,0.994840736621343,0.955359512329248,3.16404568354289,"ok","2026-08-12 23:49:03"
"NH78",0.927833541010282,1.00189885841168,0.929595365534264,3.2374929189682,"ok","2026-08-12 23:52:18"
"NH79",0.867620706768585,0.9796078297538,0.849928037607032,3.78687274853388,"ok","2026-08-12 23:56:05"
"NH80",0.768616189721469,1.00881399312954,0.775390767536924,3.49881879885991,"ok","2026-08-12 23:59:35"
"NH81",0.824305061971103,1.00398708744416,0.82759163833385,0.700356984138489,"ok","2026-08-13 00:00:17"
"NH84",0.734301470060552,1.00838068816142,0.7404554216976,1.33533286650976,"ok","2026-08-13 00:01:37"
"NH85",0.890933495164025,1.01890856947815,0.907779773057747,7.36448554992676,"ok","2026-08-13 00:08:59"
"NH86",0.960321414996851,1.00778282044761,0.967795424141765,0.706505783398946,"ok","2026-08-13 00:09:41"
"NH87",0.963223643757966,1.01522054899883,0.977884436424616,2.07843346993128,"ok","2026-08-13 00:11:46"
"NH88",0.978361671244404,1.02116317489341,0.999066910401962,3.18729372024536,"ok","2026-08-13 00:14:57"
"NH89",0.950249676675556,0.996555120307311,0.946976180861392,1.84478558301926,"ok","2026-08-13 00:16:48"
"NH90",0.719157120237719,1.00169196827125,0.720373911267203,0.20613526503245,"ok","2026-08-13 00:17:00"
"NH91",0.787161156890282,0.99933389962812,0.786636828550947,3.35752556721369,"ok","2026-08-13 00:20:22"
"NH92",0.827152996781629,1.00922025026666,0.83477955442077,1.39485503435135,"ok","2026-08-13 00:21:45"
"NH94",0.798833544608609,0.995902597470036,0.795560402021909,0.625400602817535,"ok","2026-08-13 00:22:23"
"NH95",0.816345167342437,1.00738514654029,0.822373996030715,8.70431880156199,"ok","2026-08-13 00:31:05"
"NH96",0.808886737608425,0.996628413374262,0.806159505902167,1.43480329910914,"ok","2026-08-13 00:32:31"
"NH97",0.974077531121291,1.00352706974843,0.977513170513938,0.202522230148315,"ok","2026-08-13 00:32:43"
"NH98",0.985539504006073,1.00812865755446,0.993550617140527,1.87830165227254,"ok","2026-08-13 00:34:36"
"NJ01",0.62448316411261,0.990431194126404,0.618507605943887,0.214094003041585,"ok","2026-08-13 00:34:49"
"NJ02",0.74458108880736,1.00050017561899,0.744953510114343,3.6795225183169,"ok","2026-08-13 00:38:30"
"NJ03",0.764584032156977,0.97085718675101,0.742301902494667,0.747679217656453,"ok","2026-08-13 00:39:15"
"NJ04",0.825444560335297,0.983776273549147,0.812052773588072,0.620799267292023,"ok","2026-08-13 00:39:52"
"NJ05",0.817170123472145,0.995842503941947,0.813772741905051,2.23405273358027,"ok","2026-08-13 00:42:06"
"NJ06",0.872209649061434,0.985066956758698,0.859184904656519,2.37253766854604,"ok","2026-08-13 00:44:28"
"NJ13",0.809194325976057,0.986152561118503,0.797989057003849,4.31710443496704,"ok","2026-08-13 00:48:47"
"NJ14",0.778465966158858,0.999770568368071,0.778287361441841,0.615669167041779,"ok","2026-08-13 00:49:24"
"NJ15",0.961348433792413,1.01240967120703,0.973278451771167,0.795497767130534,"ok","2026-08-13 00:50:12"
"NJ16",0.897606657011359,1.0015541155701,0.899001641492843,1.1636567513148,"ok","2026-08-13 00:51:22"
"NJ17",0.96475202411082,1.00778364900301,0.972261315241447,0.472379899024963,"ok","2026-08-13 00:51:50"
"NJ23",0.833859768282175,0.983600220586989,0.820184652020963,0.458171951770782,"ok","2026-08-13 00:52:18"
"NJ24",0.799677774105512,0.997272283178358,0.797496479589192,3.28721986611684,"ok","2026-08-13 00:55:35"
"NJ25",0.869757052432139,1.00994361997714,0.878405586033959,4.6590972661972,"ok","2026-08-13 01:00:15"
"NJ26",0.874733286483403,1.00052381071125,0.875191481148351,1.28223356803258,"ok","2026-08-13 01:01:31"
"NJ27",0.965982908425356,1.00665962455647,0.972415991923438,0.44074774980545,"ok","2026-08-13 01:01:58"
"NJ33",0.869092011337425,0.979643169219767,0.851400052330176,0.801275817553202,"ok","2026-08-13 01:02:46"
"NJ34",0.861797846092127,0.993131428719543,0.855878526156899,1.38044224977493,"ok","2026-08-13 01:04:09"
"NJ35",0.82655211915115,1.0056921332503,0.831256963951679,3.3143491824468,"ok","2026-08-13 01:07:28"
"NJ36",0.911824854316014,0.99746149612766,0.909510183392437,2.72732914686203,"ok","2026-08-13 01:10:11"
"NJ42",0.937892927971438,1.02069555009112,0.95730313804238,1.14779485066732,"ok","2026-08-13 01:11:20"
"NJ43",0.843631937652516,0.989797410314873,0.835024707147379,1.46918268203735,"ok","2026-08-13 01:12:48"
"NJ44",0.873185202738239,1.00332664128185,0.876089976680367,2.05302855173747,"ok","2026-08-13 01:14:52"
"NJ45",0.932948277161702,1.01603848071348,0.947911350111631,3.39583808581034,"ok","2026-08-13 01:18:15"
"NJ46",0.916143920102968,1.0075979395702,0.923104726245519,4.05717274745305,"ok","2026-08-13 01:22:19"
"NJ50",0.857976785013866,1.00163077294858,0.859375950345377,1.4619389017423,"ok","2026-08-13 01:23:47"
"NJ51",0.914524671876866,1.00331356689939,0.917555010558276,3.31720373630524,"ok","2026-08-13 01:27:06"
"NJ52",0.943776201801643,1.01056483423133,0.953747040925147,0.782648932933807,"ok","2026-08-13 01:27:53"
"NJ53",0.91663556313773,0.983691859867521,0.901686941923667,4.67608768145243,"ok","2026-08-13 01:32:33"
"NJ54",0.892465349722881,0.996922229134307,0.889718545870863,7.70647155046463,"ok","2026-08-13 01:40:15"
"NJ55",0.932690888248083,1.00952930066561,0.94157878015027,2.42292768557866,"ok","2026-08-13 01:42:41"
"NJ56",0.937836333422549,1.00680437244789,0.944217721130319,7.94963058233261,"ok","2026-08-13 01:50:38"
"NJ60",0.888452304087057,0.993931777055156,0.883060977429997,1.7215308825175,"ok","2026-08-13 01:52:21"
"NJ61",0.803968714771737,0.994897435992709,0.799866412944755,3.74863143364588,"ok","2026-08-13 01:56:06"
"NJ62",0.912749906472838,1.00121815146444,0.913861774108074,4.08768141667048,"ok","2026-08-13 02:00:11"
"NJ64",0.933486696917316,0.988655654960259,0.922896901737478,3.4998490691185,"ok","2026-08-13 02:03:41"
"NJ65",0.906946014451464,1.00088593402543,0.907749508784891,2.46325186491013,"ok","2026-08-13 02:06:09"
"NJ66",0.943083517563781,1.00481839226896,0.947627663893795,4.49854048490524,"ok","2026-08-13 02:10:39"
"NJ70",0.852328981131389,1.00477508497251,0.856398924440827,2.17319060166677,"ok","2026-08-13 02:12:49"
"NJ71",0.888752800554876,1.00512205368388,0.89330504011102,3.67600076595942,"ok","2026-08-13 02:16:30"
"NJ72",0.883109085326659,1.01076192031098,0.892613034928849,2.14597321748734,"ok","2026-08-13 02:18:39"
"NJ73",0.904441828904126,0.984535459849634,0.890455051927368,1.59350244998932,"ok","2026-08-13 02:20:14"
"NJ74",0.92761985733155,0.996560784253642,0.92442957251158,1.79048229853312,"ok","2026-08-13 02:22:02"
"NJ75",0.932578891520062,1.00823436250462,0.940258084176995,1.97879361708959,"ok","2026-08-13 02:24:01"
"NJ76",0.963475480357027,1.01176339235762,0.974809220459415,2.67308613061905,"ok","2026-08-13 02:26:41"
"NJ80",0.892131443808801,1.00377407618295,0.895498415842942,4.6468966682752,"ok","2026-08-13 02:31:20"
"NJ81",0.897116710330669,1.00357159689988,0.900320849592119,3.46965427001317,"ok","2026-08-13 02:34:48"
"NJ83",0.91432201518618,0.980514435362585,0.896505934459858,3.23612014849981,"ok","2026-08-13 02:38:02"
"NJ84",0.954903026074311,0.991371740262067,0.946663874740804,1.53364160060883,"ok","2026-08-13 02:39:34"
"NJ85",0.935797974852293,1.0019235755124,0.93759805292127,1.18839399814606,"ok","2026-08-13 02:40:45"
"NJ86",0.956754186313845,1.00837916666387,0.964770989097328,3.27355514764786,"ok","2026-08-13 02:44:02"
"NJ90",0.905315076438651,1.00469864621,0.909568831691412,0.58234664996465,"ok","2026-08-13 02:44:37"
"NJ91",0.945283340237056,1.00409101451614,0.949150508103829,2.27934604883194,"ok","2026-08-13 02:46:54"
"NJ92",0.957226833043838,1.00818370290713,0.965060493060199,2.22257024844488,"ok","2026-08-13 02:49:07"
"NJ93",0.917228994380415,0.977940105871543,0.896995019872831,2.01276791493098,"ok","2026-08-13 02:51:08"
"NJ94",0.925749934954457,0.987257777118054,0.913953822950321,2.99661993185679,"ok","2026-08-13 02:54:08"
"NJ95",0.960328262256688,0.996384444592417,0.956856142215031,2.92323036591212,"ok","2026-08-13 02:57:03"
"NJ96",0.971525775725395,1.00462873407141,0.976022710184746,2.71909240086873,"ok","2026-08-13 02:59:46"
"NK02",0.979594446650618,1.01972909117522,0.998920954803325,1.8188026825587,"ok","2026-08-13 03:01:35"
"NK03",0.964993904119329,0.987668082637962,0.953093679038859,1.6090967019399,"ok","2026-08-13 03:03:12"
"NK04",0.969086357274997,0.995354930582836,0.964584883874228,2.80637146631877,"ok","2026-08-13 03:06:00"
"NK05",0.970663174996907,1.00290907933841,0.973486911183844,5.44120726585388,"ok","2026-08-13 03:11:27"
"NK06",0.983105103589945,1.00992725148547,0.992864635189936,1.77882839838664,"ok","2026-08-13 03:13:13"
"NK13",0.968590912476731,0.991853847749655,0.960700623435395,0.665596000353495,"ok","2026-08-13 03:13:53"
"NK14",0.944969887851299,0.99776013953527,0.942853287159141,3.03106611569722,"ok","2026-08-13 03:16:55"
"NK15",0.979901593241344,1.00364163372631,0.983470035931754,1.09518555005391,"ok","2026-08-13 03:18:01"
"NM80",0.858884029243265,1.01571154993,0.872378428552799,0.445986684163411,"ok","2026-08-13 03:18:28"
"NM82",0.832774040121959,0.980947570860286,0.816907671733142,1.47836248079936,"ok","2026-08-13 03:19:56"
"NM83",0.889939912437598,1.01370419042844,0.902135818467509,2.05120438337326,"ok","2026-08-13 03:21:59"
"NM93",0.863976233725524,1.01140502992247,0.87382990852347,2.23364861408869,"ok","2026-08-13 03:24:13"
"NN02",0.910184135126151,1.01385967614184,0.922798992468438,2.52581394910812,"ok","2026-08-13 03:26:45"
"NN03",0.867367683557081,0.999972987196223,0.867344253524043,1.08408063650131,"ok","2026-08-13 03:27:50"
"NN05",0.789612756274022,1.00565730919047,0.794079839777,1.75039633115133,"ok","2026-08-13 03:29:35"
"NN06",0.861992473123052,0.998922432733099,0.8610636182497,0.672759397824605,"ok","2026-08-13 03:30:15"
"NN07",0.877072814719218,0.994265089405119,0.872042880541603,1.34630633592606,"ok","2026-08-13 03:31:36"
"NN12",0.838182572854513,1.01311162277484,0.849172506566225,4.09874528249105,"ok","2026-08-13 03:35:42"
"NN13",0.880528578113962,1.00074090954264,0.881180970140051,0.302427629629771,"ok","2026-08-13 03:36:00"
"NN15",0.794176772226565,1.0082752449354,0.800748779538747,5.73468138376872,"ok","2026-08-13 03:41:44"
"NN16",0.832068611856254,1.00318483300001,0.834718611429564,3.53087065219879,"ok","2026-08-13 03:45:16"
"NN17",0.825387306175385,1.00005039117799,0.82542889841404,6.68673775196075,"ok","2026-08-13 03:51:57"
"NN18",0.792680657723512,1.00148392783833,0.793856938618415,3.12040616671244,"ok","2026-08-13 03:55:05"
"NN24",0.963344926243575,0.991742619575504,0.955390220707573,0.225896199544271,"ok","2026-08-13 03:55:18"
"NN25",0.928228738442528,1.00143131301813,0.929557324319664,6.09779744942983,"ok","2026-08-13 04:01:24"
"NN26",0.90931020793562,0.997620296916557,0.90714631962999,1.41696333090464,"ok","2026-08-13 04:02:49"
"NN27",0.851096924590012,0.995625282829859,0.847373616260554,1.86811784903208,"ok","2026-08-13 04:04:41"
"NN28",0.843119202895688,1.00370779298941,0.84624531436542,4.36206329663595,"ok","2026-08-13 04:09:03"
"NN34",0.975362612915444,0.992194965883494,0.967749874445675,0.222304650147756,"ok","2026-08-13 04:09:16"
"NN35",0.981905317134084,1.00281795918715,0.984672286243416,0.964701449871063,"ok","2026-08-13 04:10:14"
"NN37",0.793284760479109,0.998481252369279,0.792079961128644,4.49019243319829,"ok","2026-08-13 04:14:44"
"NN38",0.844987211047742,1.00257443366546,0.847162574570747,3.55359238386154,"ok","2026-08-13 04:18:17"
"NN45",0.910529689638695,1.00203072590593,0.91237872586756,0.595192833741506,"ok","2026-08-13 04:18:53"
"NN46",0.901833090999893,0.999360010509331,0.901255927299315,0.499075667063395,"ok","2026-08-13 04:19:23"
"NN47",0.860834986017258,0.998397413828933,0.859455423773095,0.838967402776082,"ok","2026-08-13 04:20:13"
"NN48",0.876926451889634,0.999745821484007,0.876703556025458,10.1049703836441,"ok","2026-08-13 04:30:19"
"NN55",0.855435889038705,0.991337614704618,0.848025773772354,5.1292023340861,"ok","2026-08-13 04:35:27"
"NN56",0.936196757441673,0.988741370541409,0.925656465049302,1.04415188233058,"ok","2026-08-13 04:36:30"
"NN58",0.836425267331313,1.00621202724325,0.841621163878918,4.16298019886017,"ok","2026-08-13 04:40:39"
"NN59",0.84616289567085,1.00845042097127,0.853313328349541,2.4974577665329,"ok","2026-08-13 04:43:09"
"NN65",0.863831588912959,1.00051175348066,0.864273657735292,4.09584010044734,"ok","2026-08-13 04:47:15"
"NN66",0.894148148605571,0.997761203880508,0.892146333200222,0.578596500555674,"ok","2026-08-13 04:47:50"
"NN69",0.88096289407096,0.99868672100002,0.879805944002414,3.10153979857763,"ok","2026-08-13 04:50:56"
"NN70",0.848951523763362,0.996119701106985,0.845657338105479,0.547087864081065,"ok","2026-08-13 04:51:29"
"NN72",0.815150202010535,1.00718484650237,0.821006931088357,1.67064233223597,"ok","2026-08-13 04:53:09"
"NN73",0.931288656808005,1.00179324200732,0.932958682748331,0.870021800200144,"ok","2026-08-13 04:54:01"
"NN74",0.775557233908606,0.99703788955412,0.773259947724668,1.88674196799596,"ok","2026-08-13 04:55:54"
"NN75",0.820348889556795,0.999079128373347,0.819593453540446,2.07954330046972,"ok","2026-08-13 04:57:59"
"NN76",0.801997032422112,0.996090925346496,0.798861966150485,1.06803498268127,"ok","2026-08-13 04:59:03"
"NN79",0.907401692776173,0.990150369946406,0.898464121792322,1.74996288617452,"ok","2026-08-13 05:00:48"
"NN80",0.94540132463206,0.993640239112122,0.939388798264317,2.2055589000384,"ok","2026-08-13 05:03:01"
"NN81",0.911065607514531,0.988641766085999,0.900717511233379,0.780230065186818,"ok","2026-08-13 05:03:47"
"NN82",0.904625379337189,0.990162477268576,0.895726106604537,11.3562181472778,"ok","2026-08-13 05:15:09"
"NN83",0.931371447950011,0.985896506464532,0.918235856754729,1.43362481594086,"ok","2026-08-13 05:16:35"
"NN84",0.858434120120811,0.981790119899715,0.842802137719417,1.45588937997818,"ok","2026-08-13 05:18:02"
"NN85",0.800552289676226,1.01515270655404,0.812682823602857,2.55254719654719,"ok","2026-08-13 05:20:35"
"NN86",0.813537317294608,1.01182701165774,0.823159032630256,2.62792923053106,"ok","2026-08-13 05:23:13"
"NN89",0.637784149605214,1.00425787338671,0.640499753762286,0.206543282667796,"ok","2026-08-13 05:23:25"
"NN90",0.90708303398719,1.00747779423594,0.913866014270254,5.08042588631312,"ok","2026-08-13 05:28:30"
"NN91",0.904728143495498,1.00409932671845,0.908436919747063,9.95417473316193,"ok","2026-08-13 05:38:27"
"NN92",0.890023163365906,1.00720576662445,0.89643646257148,12.68257518212,"ok","2026-08-13 05:51:08"
"NN93",0.954427423808516,1.00401132951135,0.958255946700083,0.585590449968974,"ok","2026-08-13 05:51:44"
"NN94",0.70166647976439,1.00047936601355,0.702002834827639,0.829246652126312,"ok","2026-08-13 05:52:33"
"NN95",0.799605026278193,1.00869712618759,0.806559292091962,5.06919721364975,"ok","2026-08-13 05:57:37"
"NN96",0.785861765621745,1.00501068739961,0.789799473268578,1.1743972659111,"ok","2026-08-13 05:58:48"
"NO00",0.927174991258541,0.99616868076542,0.923622687880711,5.50825963417689,"ok","2026-08-13 06:04:18"
"NO01",0.893012267733585,0.994731544853151,0.888307472655445,2.11616588036219,"ok","2026-08-13 06:06:25"
"NO02",0.87161599723141,0.993612275163861,0.866048354078318,7.69974988698959,"ok","2026-08-13 06:14:07"
"NO03",0.880551593698271,0.991670077813973,0.873216667441983,4.34485423167547,"ok","2026-08-13 06:18:28"
"NO04",0.821170242682991,0.988810942002413,0.811982121211718,8.28241068522135,"ok","2026-08-13 06:26:45"
"NO05",0.923590667321458,0.994407868831702,0.91842582716398,2.03434386650721,"ok","2026-08-13 06:28:47"
"NO06",0.805245455808055,0.990233941013438,0.797381381187973,1.0408785978953,"ok","2026-08-13 06:29:50"
"NO08",0.740093257489178,0.989379551590985,0.732233135230154,0.341781548659007,"ok","2026-08-13 06:30:10"
"NO09",0.8879131674161,0.989349161335642,0.878456147521992,0.296695514520009,"ok","2026-08-13 06:30:28"
"NO10",0.941225521599423,0.98263082744957,0.924877213105894,5.0879910826683,"ok","2026-08-13 06:35:33"
"NO11",0.901677297998965,0.983223178883809,0.886550019265906,6.63408939838409,"ok","2026-08-13 06:42:11"
"NO12",0.871061227196312,1.01446043100494,0.883657147973259,3.90323671499888,"ok","2026-08-13 06:46:05"
"NO13",0.868486747434142,1.01363414639256,0.880327822888661,4.26936951478322,"ok","2026-08-13 06:50:22"
"NO14",0.900390651006233,1.01124025572671,0.910511272177479,8.34394051631292,"ok","2026-08-13 06:58:42"
"NO15",0.862049655385804,1.01687798496572,0.876599316509114,2.55096671581268,"ok","2026-08-13 07:01:15"
"NO16",0.90885259759258,1.01191105073241,0.919677986990786,2.08614146709442,"ok","2026-08-13 07:03:20"
"NO17",0.957927307256517,1.00678994822121,0.964431584072471,0.257517313957214,"ok","2026-08-13 07:03:36"
"NO18",0.830171094559844,1.00832064184469,0.837078650907494,0.3341947833697,"ok","2026-08-13 07:03:56"
"NO19",0.792761031639778,1.00674419955711,0.79810757023826,2.94223330020905,"ok","2026-08-13 07:06:53"
"NO20",0.871561125563334,1.00018873046084,0.871725615696214,12.1773493011792,"ok","2026-08-13 07:19:03"
"NO21",0.895066429112924,1.00274629038082,0.897524541437389,11.2957057158152,"ok","2026-08-13 07:30:21"
"NO22",0.940254413253252,0.998930791670986,0.939249085403209,12.2340655843417,"ok","2026-08-13 07:42:35"
"NO23",0.875267571905283,0.999033723707314,0.874421821600794,1.45790329774221,"ok","2026-08-13 07:44:02"
"NO24",0.933780178768112,0.997018126233269,0.930995764149151,11.2860041340192,"ok","2026-08-13 07:55:20"
"NO25",0.908458306866241,1.01461538979699,0.921735779135404,6.32954756418864,"ok","2026-08-13 08:01:39"
"NO26",0.895093199870465,1.00889957180709,0.903059146076753,1.31588789621989,"ok","2026-08-13 08:02:58"
"NO29",0.706048036929145,1.0008702151318,0.70666245061466,2.42820440133413,"ok","2026-08-13 08:05:24"
"NO30",0.913665982360032,0.989681397308115,0.904238226094968,9.77563898166021,"ok","2026-08-13 08:15:11"
"NO31",0.905681926032691,0.993855364076762,0.900116840334963,10.7276080131531,"ok","2026-08-13 08:25:54"
"NO32",0.937975652209139,0.985633590583753,0.924500309967032,12.8313901027044,"ok","2026-08-13 08:38:44"
"NO33",0.873171096644561,0.986346746006624,0.861249469882398,5.48892936706543,"ok","2026-08-13 08:44:14"
"NO34",0.929030846469099,0.984296006506934,0.914441352101291,2.30126563707987,"ok","2026-08-13 08:46:32"
"NO35",0.927474620783762,0.995870735606253,0.923644832856056,4.39636583328247,"ok","2026-08-13 08:50:55"
"NO39",0.730345409305493,0.998476386478845,0.729232645164762,2.16741096973419,"ok","2026-08-13 08:53:05"
"NO40",0.922247467653325,1.0066027637522,0.928336849803301,9.7578807314237,"ok","2026-08-13 09:02:51"
"NO41",0.928224838156552,1.01196451723847,0.939330600233852,10.3191927154859,"ok","2026-08-13 09:13:10"
"NO42",0.861511786635084,1.00436037767178,0.8652683033935,9.50870124896367,"ok","2026-08-13 09:22:41"
"NO43",0.88618813348552,1.00545225578083,0.891019857859224,5.23807273308436,"ok","2026-08-13 09:27:55"
"NO44",0.954101470371605,1.00328828978139,0.957238832487037,1.5977393190066,"ok","2026-08-13 09:29:31"
"NO45",0.933192988229571,1.01466575541206,0.946878968347191,9.98862206538518,"ok","2026-08-13 09:39:30"
"NO46",0.923362392230308,1.00748793262838,0.930276467614906,0.912556997934977,"ok","2026-08-13 09:40:25"
"NO49",0.746711134504494,1.0126886695367,0.756185905329596,2.26610901753108,"ok","2026-08-13 09:42:41"
"NO50",0.955558820171437,0.99957486637988,0.95515257999098,8.46087075074514,"ok","2026-08-13 09:51:08"
"NO51",0.942360983933662,1.00526522881474,0.947322730140157,5.34304809967677,"ok","2026-08-13 09:56:29"
"NO52",0.985168972859289,1.00082408766526,0.985980838458019,1.77270258267721,"ok","2026-08-13 09:58:15"
"NO54",0.9193882993909,1.00008828703819,0.9194694694608,1.96708183288574,"ok","2026-08-13 10:00:13"
"NO55",0.899803353731941,1.00279691278977,0.902320025240276,9.56946907043457,"ok","2026-08-13 10:09:48"
"NO56",0.932318752861716,0.995115383215071,0.927764733032584,3.94368422031403,"ok","2026-08-13 10:13:44"
"NO57",0.902498301835218,0.985816197972389,0.889697444591733,1.20106006463369,"ok","2026-08-13 10:14:56"
"NO59",0.77102178206015,1.00229122209562,0.772788364203414,2.38194716771444,"ok","2026-08-13 10:17:19"
"NO60",0.971203529279864,0.990053844259129,0.961543787721563,1.56935421625773,"ok","2026-08-13 10:18:53"
"NO61",0.976804580804625,0.995335825614095,0.972248593898801,1.00460126797358,"ok","2026-08-13 10:19:54"
"NO64",0.969110227452293,0.993901942621637,0.963200537679331,1.40415236949921,"ok","2026-08-13 10:21:18"
"NO65",0.907943451297924,1.00139582351404,0.909210780116661,3.5837153673172,"ok","2026-08-13 10:24:53"
"NO66",0.933308058093924,0.993451362503877,0.927196161949256,6.5119065006574,"ok","2026-08-13 10:31:24"
"NO67",0.906009176531414,0.983631627212017,0.891179280580615,13.2258989016215,"ok","2026-08-13 10:44:37"
"NO68",0.786157410472922,0.994610606590652,0.781920498906209,0.680875917275747,"ok","2026-08-13 10:45:18"
"NO69",0.702345079640622,0.986234019605144,0.692676611043866,2.95614159901937,"ok","2026-08-13 10:48:16"
"NO75",0.932137141698591,1.01274726040527,0.944019336577246,0.57605926990509,"ok","2026-08-13 10:48:50"
"NO76",0.957534640491712,1.00482102070656,0.962150934820775,3.98062165180842,"ok","2026-08-13 10:52:49"
"NO77",0.959285371115069,0.994995324278259,0.954484458908028,10.1568552017212,"ok","2026-08-13 11:02:58"
"NO78",0.883797749134314,1.00609360321023,0.889183261935628,2.59756891727447,"ok","2026-08-13 11:05:34"
"NO79",0.811622517363522,0.997460674505587,0.809561543613341,2.2559183160464,"ok","2026-08-13 11:07:50"
"NO86",0.953263646107612,1.00045725193256,0.953699527752036,0.659465265274048,"ok","2026-08-13 11:08:29"
"NO87",0.945931136615409,0.991232758358053,0.93763792976406,1.67259405056636,"ok","2026-08-13 11:10:10"
"NO88",0.909482871410431,1.00346464683552,0.912633908362822,6.16607603232066,"ok","2026-08-13 11:16:20"
"NO89",0.934810974027883,0.995235977687612,0.930357513689749,3.90555581649144,"ok","2026-08-13 11:20:14"
"NO99",0.923401442646347,0.995181216594781,0.918951771098167,1.6431069334348,"ok","2026-08-13 11:21:52"
"NR71",0.896674149043629,1.00768737618974,0.903567220546945,0.60871041615804,"ok","2026-08-13 11:22:29"
"NR72",0.941814714471074,1.00216052992543,0.943849533345901,2.18350956837336,"ok","2026-08-13 11:24:40"
"NR78",0.705822086547108,1.01024072099505,0.713050213607584,0.527298633257548,"ok","2026-08-13 11:25:12"
"NR79",0.864214653187332,0.994012976797839,0.859040580007052,0.742749615510305,"ok","2026-08-13 11:25:56"
"NR82",0.989990608715742,0.98987160081055,0.979963588636862,1.14387018283208,"ok","2026-08-13 11:27:05"
"NR83",0.967997058432709,0.983632933614696,0.952153786316561,2.00006696780523,"ok","2026-08-13 11:29:05"
"NR84",0.984312764252914,1.00489050008825,0.989126545913355,3.38939599990845,"ok","2026-08-13 11:32:28"
"NR85",0.99977757919537,0.99545700278156,0.995235592434027,0.650460831324259,"ok","2026-08-13 11:33:07"
"NR88",0.774729234076626,0.996093023546289,0.771702385201087,2.22535313367844,"ok","2026-08-13 11:35:21"
"NR89",0.851892293277095,0.978857898255358,0.833881499737155,2.33911236524582,"ok","2026-08-13 11:37:41"
"NR91",0.99731700353059,1.0033881774934,1.00069609055574,0.214598866303762,"ok","2026-08-13 11:37:54"
"NR92",0.916553619885672,0.99800296962032,0.914723234462155,12.0579040845235,"ok","2026-08-13 11:49:57"
"NR93",0.915958688008593,0.99182621626167,0.908471839779566,16.6810516516368,"ok","2026-08-13 12:06:38"
"NR94",0.901611480126567,1.01436211836811,0.914560530926193,16.7380747159322,"ok","2026-08-13 12:23:23"
"NR95",0.952625185325679,1.00496134406111,0.957351486631356,1.49888166983922,"ok","2026-08-13 12:24:53"
"NS01",NA,NA,NA,0,"empty","2026-08-13 12:24:53"
"NS02",0.838300770020143,1.01886621176285,0.854116329868299,3.93785439729691,"ok","2026-08-13 12:28:49"
"NS03",0.879370287919908,1.01244477697189,0.890313855028777,3.11322121620178,"ok","2026-08-13 12:31:56"
"NS04",0.880147237061369,1.01899252333834,0.896863454002431,1.6904147307078,"ok","2026-08-13 12:33:37"
"NS05",NA,NA,NA,0,"empty","2026-08-13 12:33:37"
"NS06",0.897212109150508,0.998481155428959,0.895849383409453,0.958291868368785,"ok","2026-08-13 12:34:35"
"NS10",0.993886601168268,0.983580171845365,0.97756715397189,1.1081272482872,"ok","2026-08-13 12:35:41"
"NS14",0.966764632614253,1.00023382739932,0.96699068867405,0.79238688548406,"ok","2026-08-13 12:36:29"
"NS15",0.954325170175224,0.99172405418017,0.946427226772354,3.20228326718013,"ok","2026-08-13 12:39:41"
"NS16",0.918130173738835,0.981454444389128,0.901102939543742,1.72959501743317,"ok","2026-08-13 12:41:25"
"NS17",0.844760211162263,1.01225824592113,0.855115489575072,1.3024963816007,"ok","2026-08-13 12:42:43"
"NS18",0.840480891023658,0.997796384199446,0.838628794052135,0.910307550430298,"ok","2026-08-13 12:43:38"
"NS20",0.913528164626257,0.992001644878011,0.906221441951637,9.16079990069071,"ok","2026-08-13 12:52:47"
"NS21",0.948214931393807,1.02306109561382,0.97008180658913,3.86150910059611,"ok","2026-08-13 12:56:39"
"NS23",0.970484047638246,1.00860052603976,0.978830720961133,0.628577367464701,"ok","2026-08-13 12:57:17"
"NS24",0.919396374818758,1.00600956281408,0.924921545084272,10.591939731439,"ok","2026-08-13 13:07:52"
"NS25",0.93554027295636,0.998133992563912,0.933794547850263,11.9044812480609,"ok","2026-08-13 13:19:47"
"NS26",0.970358303567758,0.988912865987454,0.959599811015915,12.5029762864113,"ok","2026-08-13 13:32:17"
"NS27",0.884301475311014,1.01950474117143,0.901549546704473,8.47423400084178,"ok","2026-08-13 13:40:45"
"NS28",0.911631827252448,1.00663231084669,0.917678052908521,1.4695561170578,"ok","2026-08-13 13:42:13"
"NS29",0.886284573206749,0.992740140611585,0.879850271827146,1.69043386777242,"ok","2026-08-13 13:43:55"
"NS30",0.895532698184353,0.996221160260451,0.892148623636388,8.91574771404266,"ok","2026-08-13 13:52:50"
"NS31",0.909028360035951,1.01422690845605,0.921961023298134,9.28212606509527,"ok","2026-08-13 14:02:07"
"NS32",0.921416864000643,1.00638069783689,0.92729614659165,6.11497869888941,"ok","2026-08-13 14:08:14"
"NS33",0.906218889993218,0.999419187394728,0.905692546638774,9.29262213309606,"ok","2026-08-13 14:17:31"
"NS34",0.91338051058791,1.00704494669983,0.919815227601664,7.52876253128052,"ok","2026-08-13 14:25:03"
"NS35",0.894635123893534,0.9845697746812,0.880830702353744,13.8386735161146,"ok","2026-08-13 14:38:53"
"NS36",0.888009088415561,0.976573771215903,0.867206384347981,12.8735439658165,"ok","2026-08-13 14:51:46"
"NS37",0.89526359152523,1.00829842910425,0.902692872969117,7.32688099940618,"ok","2026-08-13 14:59:05"
"NS38",0.89601358432059,0.99730359983184,0.893597573141154,2.28748924732208,"ok","2026-08-13 15:01:23"
"NS40",0.901796315806275,0.985868437332802,0.889052524656411,8.06278665065765,"ok","2026-08-13 15:09:26"
"NS41",0.93527467467249,1.00357828617183,0.938621355107738,9.97654843330383,"ok","2026-08-13 15:19:25"
"NS42",0.920222040753802,0.995899106124767,0.91644830782302,7.57245452006658,"ok","2026-08-13 15:26:59"
"NS43",0.910349284695337,0.989245226675466,0.900558684492286,7.7461270014445,"ok","2026-08-13 15:34:44"
"NS44",0.919112335716111,0.997249839194757,0.916584628994809,8.80208944876989,"ok","2026-08-13 15:43:32"
"NS45",0.909842869432687,0.990826952627687,0.90149683769002,10.0956470330556,"ok","2026-08-13 15:53:38"
"NS46",0.826821669603482,0.983736246772605,0.813374446005988,10.2892573157946,"ok","2026-08-13 16:03:55"
"NS47",0.872992028150514,1.00553419759833,0.877823338536064,10.3818986177444,"ok","2026-08-13 16:14:18"
"NS48",0.950489444411664,0.996091372335478,0.946774335074401,4.10742988586426,"ok","2026-08-13 16:18:25"
"NS49",0.974392635310427,0.985840767999232,0.960595983927227,0.609303383032481,"ok","2026-08-13 16:19:01"
"NS50",0.872976877680538,0.998750140490391,0.8718857792283,1.26554801861445,"ok","2026-08-13 16:20:17"
"NS51",0.94033155367757,1.00154748434154,0.941786702032741,6.02906356652578,"ok","2026-08-13 16:26:19"
"NS52",0.909712413051276,0.994324198841176,0.904549066283083,11.2829092343648,"ok","2026-08-13 16:37:36"
"NS53",0.915433416403921,0.988230321924454,0.90465905979325,10.7715859969457,"ok","2026-08-13 16:48:22"
"NS54",0.883652934107904,1.00265498401869,0.885999018526029,8.7486759185791,"ok","2026-08-13 16:57:07"
"NS55",0.852588242006395,0.996952987410155,0.849990394899048,9.25142321586609,"ok","2026-08-13 17:06:22"
"NS56",0.750436831832643,0.990573846252482,0.743363098877988,5.34482494990031,"ok","2026-08-13 17:11:43"
"NS57",0.81920852241663,1.01037781853003,0.827710119800521,10.3230983654658,"ok","2026-08-13 17:22:02"
"NS58",0.918484326355053,1.00205099694139,0.920368134899118,14.5030062834422,"ok","2026-08-13 17:36:33"
"NS59",0.895981650291998,1.01504446660334,0.909461216307023,0.392153946558634,"ok","2026-08-13 17:36:56"
"NS60",0.911745125045506,0.99560164083804,0.907734942521391,1.73107446432114,"ok","2026-08-13 17:38:40"
"NS61",0.960848073994334,0.999437386201413,0.960307487609559,8.17715699672699,"ok","2026-08-13 17:46:51"
"NS62",0.928495475522123,0.993212236059748,0.922193067414687,5.34142031669617,"ok","2026-08-13 17:52:11"
"NS63",0.957593317100484,0.987964967396388,0.946068650308179,1.13112636804581,"ok","2026-08-13 17:53:19"
"NS64",0.961035398063597,1.00307773017822,0.963993205710556,1.91037855148315,"ok","2026-08-13 17:55:14"
"NS65",0.864580138438737,0.997928508959774,0.862789168428404,6.55531491438548,"ok","2026-08-13 18:01:47"
"NS66",0.800631796562856,0.992061798324835,0.794276219894191,5.92525099913279,"ok","2026-08-13 18:07:43"
"NS67",0.875874324429937,1.01251517141723,0.886836041740129,15.1663218339284,"ok","2026-08-13 18:22:52"
"NS68",0.890303086865929,1.00499598323368,0.894751026160807,11.2831307172775,"ok","2026-08-13 18:34:09"
"NS69",0.917608381040248,1.01911791859625,0.935151143372215,4.78548369805018,"ok","2026-08-13 18:38:57"
"NS70",0.923306265963783,0.994504752224724,0.918232469259848,0.573723765214284,"ok","2026-08-13 18:39:31"
"NS71",0.947472086803322,1.00054998620677,0.947993183382364,1.46015643278758,"ok","2026-08-13 18:40:59"
"NS72",0.979346807855072,0.99575458012729,0.975189069454729,1.21866066853205,"ok","2026-08-13 18:42:12"
"NS73",0.961475029566937,0.991537627802722,0.953338670008352,1.53213456869125,"ok","2026-08-13 18:43:44"
"NS74",0.939205263761395,1.00256487346303,0.941614206418758,6.85736118555069,"ok","2026-08-13 18:50:35"
"NS75",0.828257672404447,0.997788355662159,0.826425861013001,6.7281459848086,"ok","2026-08-13 18:57:19"
"NS76",0.844646820842027,0.992203951071253,0.838061912899233,6.87721471786499,"ok","2026-08-13 19:04:12"
"NS77",0.83498521714509,1.00796261003079,0.841633878810695,10.6601953307788,"ok","2026-08-13 19:14:51"
"NS78",0.865060895233427,1.00111989659854,0.866029673987525,10.4432874162992,"ok","2026-08-13 19:25:18"
"NS79",0.867260719461427,1.00296637788386,0.869833342479182,5.22939503590266,"ok","2026-08-13 19:30:31"
"NS80",0.847959859125181,0.992848315604424,0.8418955178326,1.52516330083211,"ok","2026-08-13 19:32:03"
"NS83",0.926862490484374,0.994815484543238,0.922057157576165,1.85257263183594,"ok","2026-08-13 19:33:54"
"NS84",0.913996948553073,1.0037829018069,0.917454509261253,3.16673007011414,"ok","2026-08-13 19:37:04"
"NS85",0.879974875748916,0.999358537383149,0.879410404762355,9.92244064807892,"ok","2026-08-13 19:47:00"
"NS86",0.916774019886375,0.993985522644732,0.91126010330387,15.9555985490481,"ok","2026-08-13 20:02:57"
"NS87",0.877122268802691,1.0025016713779,0.879316540477475,8.64618881940842,"ok","2026-08-13 20:11:36"
"NS88",0.848519081047161,0.996373222659523,0.845441691271056,7.59908296664556,"ok","2026-08-13 20:19:12"
"NS89",0.900830116342757,0.999178913114819,0.900090456548452,12.5542882323265,"ok","2026-08-13 20:31:45"
"NS90",0.950654545680824,0.995993775711094,0.946846010349558,2.74956543048223,"ok","2026-08-13 20:34:30"
"NS91",0.931569664240464,1.00628991082596,0.93742915435671,1.1877282500267,"ok","2026-08-13 20:35:41"
"NS93",0.927554577067586,1.00257986450365,0.929947542196164,4.42574364741643,"ok","2026-08-13 20:40:07"
"NS94",0.944491626377966,1.01242776765257,0.956229548860385,10.4083665688833,"ok","2026-08-13 20:50:31"
"NS95",0.892422090851198,1.00848337368978,0.899992840936906,9.14710148572922,"ok","2026-08-13 20:59:40"
"NS96",0.861330493006022,1.00348533939638,0.864332522106603,6.83306626876195,"ok","2026-08-13 21:06:30"
"NS97",0.860207646000186,1.01266508255551,0.871102246851655,10.9995775183042,"ok","2026-08-13 21:17:30"
"NS98",0.886732681367667,1.00738215626589,0.893278680587594,9.55274116595586,"ok","2026-08-13 21:27:03"
"NS99",0.856504777063799,1.01150941542912,0.866362646360051,12.2866529663404,"ok","2026-08-13 21:39:20"
"NT00",0.894930357858608,0.997283477109085,0.89249925905571,1.98460358381271,"ok","2026-08-13 21:41:19"
"NT03",0.927900896478526,1.00136122586843,0.929163979182151,2.77434196472168,"ok","2026-08-13 21:44:06"
"NT04",0.938746851273558,1.00467618628521,0.943136606424768,2.3835130850474,"ok","2026-08-13 21:46:29"
"NT05",0.930054334741829,1.00153529805863,0.931482245356379,7.25721478462219,"ok","2026-08-13 21:53:44"
"NT06",0.842838067432308,0.997379937627728,0.84062977912591,9.11690026521683,"ok","2026-08-13 22:02:51"
"NT07",0.879213762723591,1.00513991320313,0.883732845150983,9.25392563343048,"ok","2026-08-13 22:12:07"
"NT08",0.921071619920643,1.0011824961839,0.922160783596301,14.1126718680064,"ok","2026-08-13 22:26:13"
"NT09",0.908860259531307,0.998263709498932,0.907282214095885,8.89249364932378,"ok","2026-08-13 22:35:07"
"NT10",0.94042260815688,0.998022784140623,0.938563189661515,1.20668934981028,"ok","2026-08-13 22:36:19"
"NT11",0.876327267307773,0.998469812037017,0.874986321871705,1.15617416699727,"ok","2026-08-13 22:37:29"
"NT12",0.922358631005474,0.999334572323438,0.921744868044687,0.827662416299184,"ok","2026-08-13 22:38:18"
"NT13",0.90387178093005,0.999543459889832,0.903459127207606,0.219942951202393,"ok","2026-08-13 22:38:32"
"NT14",0.939357414883874,0.995994247371336,0.935594581449948,3.45244153340658,"ok","2026-08-13 22:41:59"
"NT15",0.915343191668021,0.993941073291148,0.909797194356258,9.56504706939061,"ok","2026-08-13 22:51:33"
"NT16",0.904729061709076,0.991009174002448,0.896594800140321,15.8311611135801,"ok","2026-08-13 23:07:23"
"NT17",0.869598726675651,0.999838418786352,0.869458215858008,9.58485716581345,"ok","2026-08-13 23:16:58"
"NT18",0.882736380897432,0.997645699243329,0.880658153967944,8.1164887825648,"ok","2026-08-13 23:25:05"
"NT19",0.870557100732089,0.982559996490045,0.855374581839704,8.41807713508606,"ok","2026-08-13 23:33:30"
"NT20",0.86684006655703,0.999987448759882,0.866829186639211,1.40432200034459,"ok","2026-08-13 23:34:54"
"NT21",0.84193123579923,1.00169930206674,0.84336193128828,5.14883675177892,"ok","2026-08-13 23:40:03"
"NT22",0.912426718080079,1.00370777844203,0.915809794195312,4.23843611478806,"ok","2026-08-13 23:44:17"
"NT23",0.835250357544243,1.00498632548008,0.839415187684315,0.780385315418243,"ok","2026-08-13 23:45:04"
"NT24",0.899204585071439,1.0025119940133,0.901463381605868,1.76791301568349,"ok","2026-08-13 23:46:50"
"NT25",0.92715949177652,1.00172039993148,0.928754576902644,15.1385495861371,"ok","2026-08-14 00:01:59"
"NT26",0.839136956290974,1.00031469909331,0.839401031930285,12.2813154141108,"ok","2026-08-14 00:14:15"
"NT27",0.776212650207766,1.01108441889639,0.784816516375342,6.57958025137583,"ok","2026-08-14 00:20:50"
"NT28",0.936461533521235,1.01097569806483,0.946739852562492,5.50072665214539,"ok","2026-08-14 00:26:20"
"NT29",0.872687260088275,0.997928548077039,0.870879530385222,8.76540313164393,"ok","2026-08-14 00:35:06"
"NT30",0.894051192566481,1.00295886483161,0.896696569197826,1.89034510056178,"ok","2026-08-14 00:37:00"
"NT31",0.903768618547477,0.99686013320097,0.900930905468094,4.94524623552958,"ok","2026-08-14 00:41:56"
"NT32",0.918648058586726,0.999906507232173,0.91856217163707,5.93113808234533,"ok","2026-08-14 00:47:52"
"NT33",0.783961031012554,1.00223156117335,0.78571048801078,4.46224584976832,"ok","2026-08-14 00:52:20"
"NT34",0.951221331943259,0.992627423763103,0.944208380155344,1.19724898338318,"ok","2026-08-14 00:53:32"
"NT35",0.931019967231704,0.993261415254244,0.924746210282523,9.36309120257696,"ok","2026-08-14 01:02:54"
"NT36",0.85948651362297,0.993635386583091,0.854016214226713,8.67095296382904,"ok","2026-08-14 01:11:34"
"NT37",0.900144316980238,1.00514917602699,0.904779318518064,3.14115613301595,"ok","2026-08-14 01:14:42"
"NT38",0.998646459940491,1.00718164706546,1.00581838635896,0.636616249879201,"ok","2026-08-14 01:15:21"
"NT39",0.897462315162189,0.985495518523151,0.884445089635749,3.1780416170756,"ok","2026-08-14 01:18:31"
"NT40",0.922243055849051,1.00328227508748,0.925270111255863,7.00817763408025,"ok","2026-08-14 01:25:32"
"NT41",0.914875207445118,0.989463129301849,0.905235285679325,8.08478913704554,"ok","2026-08-14 01:33:37"
"NT42",0.875363131156154,0.993314442872256,0.869510840935289,8.49296896457672,"ok","2026-08-14 01:42:06"
"NT43",0.837225077406798,0.996643968562933,0.83441532372712,3.78514020045598,"ok","2026-08-14 01:45:54"
"NT45",0.943723802076972,1.00160360948294,0.945237166515259,2.72467739979426,"ok","2026-08-14 01:48:37"
"NT46",0.913131150955044,1.01455164602544,0.926418712238541,4.5645315806071,"ok","2026-08-14 01:53:11"
"NT47",0.934590541990699,1.01739479327715,0.950847551267404,3.7154670159022,"ok","2026-08-14 01:56:54"
"NT48",0.960797336766286,1.02133978078398,0.981300541310711,1.54700553417206,"ok","2026-08-14 01:58:27"
"NT49",0.988401635002963,1.00096243285529,0.989352905210716,0.867512083053589,"ok","2026-08-14 01:59:19"
"NT50",0.861669570384989,1.00842163586888,0.868926237746065,6.63252956867218,"ok","2026-08-14 02:05:57"
"NT51",0.904063230972677,0.994907250160344,0.899459063098103,11.6021463831266,"ok","2026-08-14 02:17:33"
"NT52",0.90051112769754,0.999440441307895,0.900007238868699,7.68732016483943,"ok","2026-08-14 02:25:14"
"NT53",0.86344791087585,1.00371567801387,0.866656205294411,3.92993928194046,"ok","2026-08-14 02:29:10"
"NT57",0.925088324755718,1.00664729971612,0.931237664114248,1.61980066696803,"ok","2026-08-14 02:30:47"
"NT58",0.927438852376319,1.01179995564841,0.938382589700972,1.67023021380107,"ok","2026-08-14 02:32:27"
"NT59",0.995053726820949,0.99334073304562,0.988427398420097,0.614599033196767,"ok","2026-08-14 02:33:04"
"NT60",0.921136796846696,1.00777383088817,0.928297558530251,5.19199791749318,"ok","2026-08-14 02:38:16"
"NT61",0.896675834608809,0.988585582089229,0.886440801902094,7.73233335018158,"ok","2026-08-14 02:46:00"
"NT62",0.895293803114483,0.993541022067985,0.889511120197498,7.90698554913203,"ok","2026-08-14 02:53:54"
"NT63",0.921414770081134,0.998549882308407,0.920078610221744,8.11775741577148,"ok","2026-08-14 03:02:01"
"NT64",0.953456952453719,0.984299449029362,0.93848715297341,0.859438717365265,"ok","2026-08-14 03:02:53"
"NT69",0.968814413565352,0.983951827666703,0.953266712897473,0.668978782494863,"ok","2026-08-14 03:03:33"
"NT70",0.871570473026874,1.01906429137466,0.888186346478213,8.63017410039902,"ok","2026-08-14 03:12:11"
"NT71",0.939997230576534,0.999847913742962,0.939854269916109,11.7639409859975,"ok","2026-08-14 03:23:56"
"NT72",0.936488158760109,1.00513730488756,0.941299183955248,16.5273837804794,"ok","2026-08-14 03:40:28"
"NT73",0.932772039519082,1.0106474362619,0.942703670356746,9.89927609761556,"ok","2026-08-14 03:50:22"
"NT74",0.93128246327522,0.996808752041567,0.928310510015568,2.11828371683757,"ok","2026-08-14 03:52:29"
"NT80",0.955429998315429,1.01403351947041,0.968838043799407,13.3779508988063,"ok","2026-08-14 04:05:52"
"NT81",0.912645011626862,0.990529402936419,0.904001718459657,9.25262518326442,"ok","2026-08-14 04:15:07"
"NT82",0.93254485665852,0.99598484789536,0.928800547214636,11.5532197316488,"ok","2026-08-14 04:26:40"
"NT83",0.937146748935215,1.00162528249998,0.938669877146174,14.2668239156405,"ok","2026-08-14 04:40:56"
"NT84",0.913686023530277,0.997801061692725,0.911676884332314,3.95448329846064,"ok","2026-08-14 04:44:54"
"NT85",0.967813353982276,1.00325262499275,0.970961287885759,0.617462718486786,"ok","2026-08-14 04:45:31"
"NT90",0.904768646330682,0.993067778173436,0.898496589372598,12.2023670514425,"ok","2026-08-14 04:57:43"
"NT91",0.910318998624219,0.977832117973095,0.890139154455867,13.6029362638791,"ok","2026-08-14 05:11:19"
"NT92",0.91799215611,0.98329470246774,0.902656824009901,16.0029421011607,"ok","2026-08-14 05:27:19"
"NT93",0.922747386887822,0.988740049781756,0.912357297247451,12.2071648319562,"ok","2026-08-14 05:39:32"
"NT94",0.95885900770515,1.00379498702542,0.962497865198595,8.92877878348033,"ok","2026-08-14 05:48:27"
"NT95",0.935719426791392,1.00884185441003,0.943992921731719,5.479077064991,"ok","2026-08-14 05:53:56"
"NU00",0.886286762741824,1.01027091245876,0.895389736495301,9.67428186734517,"ok","2026-08-14 06:03:36"
"NU01",0.915110239046,0.994979031442373,0.910515499308987,12.2253748496373,"ok","2026-08-14 06:15:50"
"NU02",0.91274232711786,1.00047550374272,0.913176339510543,12.3657696167628,"ok","2026-08-14 06:28:12"
"NU03",0.916654415028087,1.00571721049102,0.921895121266321,8.60589104890823,"ok","2026-08-14 06:36:48"
"NU04",0.965502283888518,1.02049162424249,0.985286993895228,7.19540516932805,"ok","2026-08-14 06:44:00"
"NU05",0.964469908111136,1.024874923687,0.98846102347381,1.26056948105494,"ok","2026-08-14 06:45:16"
"NU10",0.913609558018058,1.00075094559064,0.914295629087218,10.3713051835696,"ok","2026-08-14 06:55:38"
"NU11",0.902360622401203,0.9916847654937,0.894857282216686,11.8405567169189,"ok","2026-08-14 07:07:28"
"NU12",0.937057789284683,0.997027758131125,0.934272626889816,11.1115197340647,"ok","2026-08-14 07:18:35"
"NU13",0.960297037072904,1.00188646318982,0.962108602084633,9.92883261442184,"ok","2026-08-14 07:28:31"
"NU14",0.99427913691602,1.01154489586545,1.0057579860129,1.86474016904831,"ok","2026-08-14 07:30:23"
"NU20",0.940750734275296,0.998738182797433,0.939563678815459,6.97701756556829,"ok","2026-08-14 07:37:21"
"NU21",0.936874778014969,0.991310562883729,0.928733863545588,5.38679296573003,"ok","2026-08-14 07:42:45"
"NU22",0.960831709469482,0.996435938004496,0.957407245689687,4.62197614908218,"ok","2026-08-14 07:47:22"
"NU23",0.977613339211406,1.00090129020847,0.978494452541703,1.56347175041835,"ok","2026-08-14 07:48:56"
"NX06",0.960365192729227,1.01426176216723,0.97406169270162,3.1372311313947,"ok","2026-08-14 07:52:04"
"NX07",0.969513772350368,1.00331169580598,0.972724507044104,2.6931642015775,"ok","2026-08-14 07:54:46"
"NX08",0.968574494479404,0.993631326920272,0.962405960170702,2.13136741717656,"ok","2026-08-14 07:56:53"
"NX15",0.94234943694175,0.989195356159504,0.932167686902303,0.880735266208649,"ok","2026-08-14 07:57:46"
"NX16",0.924384865288713,1.00321053147822,0.927352631996713,2.81237330039342,"ok","2026-08-14 08:00:35"
"NX17",0.93277299856462,0.990944965817257,0.924326707177878,1.44436191717784,"ok","2026-08-14 08:02:02"
"NX18",0.924439875715066,0.979893604782182,0.905852722218829,8.18129223585129,"ok","2026-08-14 08:10:13"
"NX19",0.962026193276192,0.991855764665862,0.954191225560546,4.64383995135625,"ok","2026-08-14 08:14:51"
"NX25",0.95025958818775,0.978124793584585,0.929472463547916,0.449598332246145,"ok","2026-08-14 08:15:18"
"NX27",0.818295463640192,0.985863379127655,0.80672753090915,1.63169278303782,"ok","2026-08-14 08:16:56"
"NX28",0.890203473252487,1.012960748287,0.901741176393523,5.40261473655701,"ok","2026-08-14 08:22:20"
"NX29",0.913746657937759,1.0016345998127,0.915240268053683,9.3834921836853,"ok","2026-08-14 08:31:43"
"NX36",0.88119690838962,1.00670533393402,0.887105627921997,0.964111351966858,"ok","2026-08-14 08:32:41"
"NX37",0.810058895705087,0.992053061835409,0.803621407751242,2.61397734880447,"ok","2026-08-14 08:35:18"
"NX38",0.845716231678419,1.01941504266688,0.862135848400527,1.08125440279643,"ok","2026-08-14 08:36:23"
"NX39",0.882923064914933,1.00689759657134,0.889013112020243,2.12133173147837,"ok","2026-08-14 08:38:30"
"NX45",0.968969841874703,0.976208694558207,0.945916784402776,2.85270616610845,"ok","2026-08-14 08:41:21"
"NX46",0.911894724423931,0.998012161937694,0.910082025381905,2.35734830300013,"ok","2026-08-14 08:43:43"
"NX49",0.86602360152423,0.996764495322358,0.86322157811055,1.38647308349609,"ok","2026-08-14 08:45:06"
"NX54",0.929720019134192,0.99396191737438,0.924106292839967,0.411671483516693,"ok","2026-08-14 08:45:31"
"NX55",0.903076177963733,0.979920111771162,0.884942509248095,2.90640731652578,"ok","2026-08-14 08:48:25"
"NX56",0.821708287506861,1.0102190962176,0.830105403559696,0.964947783946991,"ok","2026-08-14 08:49:23"
"NX57",0.918484804859371,0.995339882631242,0.914204557867305,0.215389219919841,"ok","2026-08-14 08:49:36"
"NX58",0.866954889271686,1.0221544942122,0.886161836348297,1.40032740036647,"ok","2026-08-14 08:51:00"
"NX64",0.941311172887397,1.00899229906944,0.949775724471407,1.78375964959462,"ok","2026-08-14 08:52:47"
"NX65",0.892606745758075,0.995355245536839,0.888460806591868,2.33492321968079,"ok","2026-08-14 08:55:07"
"NX66",0.893122022229282,1.00995542768841,0.902013433938515,0.909513366222382,"ok","2026-08-14 08:56:02"
"NX67",0.886535839658592,0.996014863046261,0.883002872923155,4.39280689954758,"ok","2026-08-14 09:00:25"
"NX68",0.906779388501447,1.01555296314656,0.920882494912868,2.10040058692296,"ok","2026-08-14 09:02:31"
"NX75",0.946957503824447,0.987041103050336,0.934685979116674,1.79516245126724,"ok","2026-08-14 09:04:19"
"NX76",0.933199692498732,1.00278791396673,0.935801372955193,3.85576001405716,"ok","2026-08-14 09:08:10"
"NX77",0.859372391161924,0.990505840780266,0.851213372851188,0.272176599502563,"ok","2026-08-14 09:08:27"
"NX84",0.956527447110006,1.00816903882355,0.96434135696124,0.416113797823588,"ok","2026-08-14 09:08:52"
"NX85",0.913046031602218,1.02009584552583,0.931394463611269,3.21690845092138,"ok","2026-08-14 09:12:05"
"NX86",0.921115792363851,1.00874168640216,0.92916789776077,3.52162844737371,"ok","2026-08-14 09:15:36"
"NX87",0.939994110460015,0.99844565534644,0.938533035640044,0.231891131401062,"ok","2026-08-14 09:15:50"
"NX88",0.924400934557195,1.00539466175558,0.929387764925671,5.620245997111,"ok","2026-08-14 09:21:27"
"NX89",0.89964228392882,0.998254145159486,0.898071639092691,5.14795254866282,"ok","2026-08-14 09:26:36"
"NX90",0.992802783567313,1.02628756894763,1.01890115519174,1.53289695183436,"ok","2026-08-14 09:28:08"
"NX91",0.938762472054921,1.0134865539639,0.951423142793574,4.68848038514455,"ok","2026-08-14 09:32:49"
"NX92",0.960857095881977,0.980245702504944,0.941876038959689,2.47232513427734,"ok","2026-08-14 09:35:18"
"NX93",0.985106960106276,1.00961323684982,0.994577026636182,0.673698918024699,"ok","2026-08-14 09:35:58"
"NX97",0.922136268185547,0.994171065652355,0.916761196418711,0.36790988445282,"ok","2026-08-14 09:36:20"
"NX98",0.907253183265647,1.00363269519903,0.910548957548805,2.34552234808604,"ok","2026-08-14 09:38:41"
"NX99",0.929214808132744,0.999061928954295,0.928343138625995,2.31116708517075,"ok","2026-08-14 09:41:00"
"NY00",0.93687056451308,1.01559426782748,0.951480375015782,13.6618528326352,"ok","2026-08-14 09:54:39"
"NY01",0.927370212449239,1.00273337146641,0.929905059726749,16.9078518986702,"ok","2026-08-14 10:11:34"
"NY02",0.934997628930523,0.990578537327334,0.926188583670523,15.4042254328728,"ok","2026-08-14 10:26:58"
"NY03",0.934646232868072,1.0071333895016,0.941313428493325,8.37545986572901,"ok","2026-08-14 10:35:21"
"NY04",0.991782445817751,0.996829454516515,0.988637954463563,3.59880360364914,"ok","2026-08-14 10:38:56"
"NY05",0.99916453364753,1.01301459634142,1.01216825673162,0.685257001717885,"ok","2026-08-14 10:39:38"
"NY07",0.913140140531422,0.999686636560141,0.912853995795912,0.557547497749329,"ok","2026-08-14 10:40:11"
"NY08",0.926401030981841,1.00030855305225,0.926686874847555,1.04081281820933,"ok","2026-08-14 10:41:13"
"NY09",0.890639467977054,0.998161910519536,0.889002392940079,0.891245746612549,"ok","2026-08-14 10:42:07"
"NY10",0.883597317477659,1.01232968874248,0.89449179737585,17.7794893821081,"ok","2026-08-14 10:59:54"
"NY11",0.87939778351729,0.999607665765022,0.879052765660653,16.5275215983391,"ok","2026-08-14 11:16:25"
"NY12",0.900199898665013,0.98786384989048,0.88927493756624,20.8586291313171,"ok","2026-08-14 11:37:17"
"NY13",0.919450391916084,1.00396337863374,0.923094521954191,10.3858404318492,"ok","2026-08-14 11:47:40"
"NY14",0.960641791738332,0.994640825461145,0.955493544707088,8.56895225048065,"ok","2026-08-14 11:56:14"
"NY15",0.979874830802062,1.01045895032817,0.990123292985246,12.5573805332184,"ok","2026-08-14 12:08:48"
"NY16",0.967279644878198,1.0046200507001,0.971748525878708,2.05973188082377,"ok","2026-08-14 12:10:51"
"NY17",0.903557896311806,1.0008394927951,0.904316426655716,3.69407166639964,"ok","2026-08-14 12:14:33"
"NY18",0.933922011296909,0.997233158206359,0.931337996844052,3.47751046816508,"ok","2026-08-14 12:18:02"
"NY19",0.945337580725441,0.997089993781061,0.942586642486533,1.54582719802856,"ok","2026-08-14 12:19:34"
"NY20",0.877460080876744,1.00218466934043,0.879377041012885,15.0686437169711,"ok","2026-08-14 12:34:38"
"NY21",0.837176510816307,0.990120454909128,0.828905587728679,16.2705674012502,"ok","2026-08-14 12:50:55"
"NY22",0.838380422424201,0.979224182067756,0.820962383409958,17.0050778508186,"ok","2026-08-14 13:07:55"
"NY23",0.949272700753336,0.996065900571595,0.945538167563902,20.8248114665349,"ok","2026-08-14 13:28:45"
"NY24",0.946023532108173,0.987914424070815,0.934590292880084,18.1954930981,"ok","2026-08-14 13:46:56"
"NY25",0.962055041663138,1.00493034730333,0.966798307143453,7.28362514972687,"ok","2026-08-14 13:54:13"
"NY26",0.979926669511404,1.00062894007294,0.980542984662403,3.37234193086624,"ok","2026-08-14 13:57:36"
"NY27",0.935053235318889,0.998442438600451,0.933596832493034,0.529832581679026,"ok","2026-08-14 13:58:07"
"NY29",0.815427082802888,0.9977057330033,0.813556275358598,2.01452349821726,"ok","2026-08-14 14:00:08"
"NY30",0.822589825859053,1.0053305235164,0.826974660270146,15.2874300678571,"ok","2026-08-14 14:15:26"
"NY31",0.836169330318228,0.994271477431588,0.831379315438486,13.1293962836266,"ok","2026-08-14 14:28:33"
"NY32",0.919598953205263,0.984473827828131,0.905321101528728,15.6996931155523,"ok","2026-08-14 14:44:15"
"NY33",0.924348344718547,1.00155300829584,0.925783865366136,14.5299509008725,"ok","2026-08-14 14:58:47"
"NY34",0.910285362658393,0.994628680525395,0.905395929162498,12.0686489343643,"ok","2026-08-14 15:10:51"
"NY35",0.9117172875838,0.999727303640372,0.911468665598466,6.04445771773656,"ok","2026-08-14 15:16:54"
"NY36",0.939950367134203,0.996688775910686,0.936837980835789,7.67934821446737,"ok","2026-08-14 15:24:35"
"NY37",0.88958424658315,0.995652067510353,0.885716394335153,2.39967201550802,"ok","2026-08-14 15:26:59"
"NY38",0.846194284388399,0.997478666517263,0.84406074640627,2.41994356711706,"ok","2026-08-14 15:29:24"
"NY39",0.931305651069905,0.999746671535273,0.931069724839128,1.27547078529994,"ok","2026-08-14 15:30:40"
"NY40",0.9241440064586,1.01082609054753,0.934148873151474,15.385165699323,"ok","2026-08-14 15:46:04"
"NY41",0.883259587500406,1.00126898940728,0.884380434560822,13.2420924504598,"ok","2026-08-14 15:59:18"
"NY42",0.906115727848406,0.992954665003166,0.899731838999813,14.1325147827466,"ok","2026-08-14 16:13:26"
"NY43",0.91074897647163,0.997561788332182,0.908528377690743,10.4459412654241,"ok","2026-08-14 16:23:53"
"NY44",0.913539385004048,0.99206192794624,0.906287643541939,8.84888979991277,"ok","2026-08-14 16:32:44"
"NY45",0.892409435001724,0.9961746274649,0.888995636459004,7.63452746868134,"ok","2026-08-14 16:40:22"
"NY46",0.935598630374676,0.994149494205214,0.930124905166075,7.47187544902166,"ok","2026-08-14 16:47:50"
"NY47",0.894078185114142,0.993933503236782,0.888654262698083,9.75411751667658,"ok","2026-08-14 16:57:35"
"NY48",0.886521987903419,0.996755667216233,0.883645815554533,4.60746446847916,"ok","2026-08-14 17:02:12"
"NY49",0.924197508213556,0.999554209240588,0.923785509504522,1.3965473651886,"ok","2026-08-14 17:03:36"
"NY50",0.933889830011026,1.00478509505694,0.938358581620336,11.9636627833048,"ok","2026-08-14 17:15:33"
"NY51",0.935423080958418,0.997178598355709,0.932783876739695,14.6121382673581,"ok","2026-08-14 17:30:10"
"NY52",0.884215435539151,0.990798542454319,0.876079364747802,9.53796070019404,"ok","2026-08-14 17:39:43"
"NY53",0.904859336928926,0.997231628321459,0.902354349967509,9.42301853100459,"ok","2026-08-14 17:49:08"
"NY54",0.921896746208478,0.993323397055332,0.915741607678062,17.6848467508952,"ok","2026-08-14 18:06:49"
"NY55",0.943605137567125,0.998753395482268,0.942428835139679,17.0760320663452,"ok","2026-08-14 18:23:54"
"NY56",0.911800566169726,0.997744453184865,0.909743957306664,10.3619877338409,"ok","2026-08-14 18:34:15"
"NY57",0.955843298458359,0.998223696622294,0.95414543077875,17.2544071356455,"ok","2026-08-14 18:51:31"
"NY58",0.825929344922074,1.00145852419783,0.827133982857337,7.24413075049718,"ok","2026-08-14 18:58:45"
"NY59",0.911152521193747,1.00447474303183,0.915229694588889,4.77489488124847,"ok","2026-08-14 19:03:32"
"NY60",0.95453202064137,1.00753085328592,0.961720461245537,16.6322035034498,"ok","2026-08-14 19:20:10"
"NY61",0.923356458031546,1.00204653241468,0.92524613695321,9.9732363820076,"ok","2026-08-14 19:30:08"
"NY62",0.938109407177186,0.997778396920761,0.936025300429538,16.8982079188029,"ok","2026-08-14 19:47:02"
"NY63",0.990020287398638,1.00067426116117,0.990687819627205,20.6317630330722,"ok","2026-08-14 20:07:40"
"NY64",0.975881175329778,0.998572101121974,0.974487715694437,11.0819504141808,"ok","2026-08-14 20:18:45"
"NY65",0.945150408421072,1.00120038388627,0.946284951741445,12.6659443815549,"ok","2026-08-14 20:31:25"
"NY66",0.919321670635328,1.00129435718439,0.920511601244478,7.30848319927851,"ok","2026-08-14 20:38:43"
"NY67",0.870004148505377,1.00250823046879,0.872186319418629,10.5657152851423,"ok","2026-08-14 20:49:17"
"NY68",0.79198832618921,1.00068480989843,0.792530687634425,8.27326688369115,"ok","2026-08-14 20:57:34"
"NY69",0.826725542894683,1.00377743648274,0.829848446121626,10.6653142333031,"ok","2026-08-14 21:08:14"
"NY70",0.950290293421568,1.00566116771593,0.955670046151447,18.7910090843836,"ok","2026-08-14 21:27:01"
"NY71",0.945265753152748,1.00240576142476,0.947539837037828,18.0114145835241,"ok","2026-08-14 21:45:02"
"NY72",0.98217798706022,1.00036024217318,0.982531808992728,13.1043734312057,"ok","2026-08-14 21:58:08"
"NY73",0.973507827870324,1.00542639996397,0.9787904707124,15.6092039306959,"ok","2026-08-14 22:13:45"
"NY74",0.963321548829273,1.00526675266128,0.968395125160236,15.6307236472766,"ok","2026-08-14 22:29:22"
"NY75",0.95273424663464,1.00954032405073,0.961823640081758,10.3122006336848,"ok","2026-08-14 22:39:41"
"NY76",0.933600912596745,1.0108886685852,0.943766583524847,9.85266788403193,"ok","2026-08-14 22:49:32"
"NY77",0.835170385203318,1.01293649065786,0.845974559089225,5.91958454847336,"ok","2026-08-14 22:55:28"
"NY78",0.842022045936357,1.01156248125093,0.851757910055367,7.9712588985761,"ok","2026-08-14 23:03:26"
"NY79",0.870063142458314,1.01492074457332,0.883045132369596,11.1629160324732,"ok","2026-08-14 23:14:36"
"NY80",0.971508046307529,1.00244077160988,0.973879275565731,12.410752650102,"ok","2026-08-14 23:27:00"
"NY81",0.965709888387113,1.00130904998459,0.966974050901622,12.4823598980904,"ok","2026-08-14 23:39:29"
"NY82",0.959306086921931,1.00142913888056,0.960677068549112,13.2642266631126,"ok","2026-08-14 23:52:45"
"NY83",0.96042457064278,1.00864589421159,0.968728299878765,11.6474570830663,"ok","2026-08-15 00:04:24"
"NY84",0.966476250767535,1.01046283061946,0.976588328077045,11.0972850839297,"ok","2026-08-15 00:15:30"
"NY85",0.952007689758014,1.00129288203673,0.953238523398935,12.3502998510997,"ok","2026-08-15 00:27:51"
"NY86",0.915207012105511,1.00398685196983,0.918855806984522,9.5424759666125,"ok","2026-08-15 00:37:23"
"NY87",0.919955918078431,1.00699207343039,0.926388317410357,9.80354303121567,"ok","2026-08-15 00:47:12"
"NY88",0.952221308253791,1.00584805696114,0.957789952704073,10.5231537501017,"ok","2026-08-15 00:57:43"
"NY89",0.948417498115236,1.0096060519449,0.957528045867583,10.3382479508718,"ok","2026-08-15 01:08:03"
"NY90",0.970058149644475,0.997819067790803,0.967942518581121,11.8025491515795,"ok","2026-08-15 01:19:51"
"NY91",0.967897692970719,0.998523024686639,0.966468131972342,8.50926390091578,"ok","2026-08-15 01:28:22"
"NY92",0.939429104865705,1.00058629839312,0.939979890640342,12.90674153169,"ok","2026-08-15 01:41:16"
"NY93",0.950498648372788,1.00099228750054,0.951441816300851,11.9687878330549,"ok","2026-08-15 01:53:15"
"NY94",0.95380105172559,1.00468546160303,0.958270049930376,9.80105384985606,"ok","2026-08-15 02:03:03"
"NY95",0.89052372159418,0.988735948540037,0.880492816567826,10.0903221170108,"ok","2026-08-15 02:13:08"
"NY96",0.854083575354362,0.992826238434649,0.847956583427887,8.57496815125148,"ok","2026-08-15 02:21:43"
"NY97",0.940798682956451,0.996910218696072,0.937891820775092,10.3018583695094,"ok","2026-08-15 02:32:01"
"NY98",0.932017124243567,0.983977587903565,0.917083961798003,9.53812413613002,"ok","2026-08-15 02:41:33"
"NY99",0.924535268931695,0.988295038307999,0.913713619025945,11.3691629687945,"ok","2026-08-15 02:52:55"
"NZ00",0.94591774419059,1.00214511210289,0.947946843791988,10.4590125322342,"ok","2026-08-15 03:03:23"
"NZ01",0.899510249725437,1.00427974473168,0.903359923977792,11.2211183508237,"ok","2026-08-15 03:14:36"
"NZ02",0.910471757351466,1.00791230539742,0.917675687951356,10.1976871848106,"ok","2026-08-15 03:24:48"
"NZ03",0.906490650701215,1.00999045244793,0.915546902441542,12.3171525835991,"ok","2026-08-15 03:37:07"
"NZ04",0.936149536471199,1.01547172889847,0.95063338830791,11.0415539820989,"ok","2026-08-15 03:48:09"
"NZ05",0.88337311090306,1.00100730232135,0.884262934688294,9.33541003465652,"ok","2026-08-15 03:57:30"
"NZ06",0.89803447707637,1.00659563425431,0.903957584034925,8.75226755142212,"ok","2026-08-15 04:06:15"
"NZ07",0.940072070043743,1.01195676862364,0.951312294274804,9.24340343077978,"ok","2026-08-15 04:15:29"
"NZ08",0.914022938414469,0.999784708074658,0.91382615665625,7.91643139918645,"ok","2026-08-15 04:23:24"
"NZ09",0.90182281937279,1.00492084456297,0.906260549290261,11.5792202671369,"ok","2026-08-15 04:34:59"
"NZ10",0.895210226565252,0.999669034031159,0.8949139424453,10.0962054014206,"ok","2026-08-15 04:45:05"
"NZ11",0.931101363808339,1.00275208080675,0.933663830000812,6.95719381570816,"ok","2026-08-15 04:52:02"
"NZ12",0.921644395666531,1.00751046503948,0.928566373679014,8.52996731599172,"ok","2026-08-15 05:00:34"
"NZ13",0.8982202175448,0.997294779326626,0.895790333643055,9.49740966558456,"ok","2026-08-15 05:10:04"
"NZ14",0.891907287878245,1.0040966778668,0.895561144723734,10.4059843977292,"ok","2026-08-15 05:20:28"
"NZ15",0.836289694617902,0.991733098850224,0.829376170379919,8.32082491715749,"ok","2026-08-15 05:28:48"
"NZ16",0.871208894450629,0.998568957717222,0.869962157685538,9.97356058359146,"ok","2026-08-15 05:38:46"
"NZ17",0.928168265154547,1.00499130262232,0.932801033850366,8.21968874931335,"ok","2026-08-15 05:46:59"
"NZ18",0.9104933590866,0.989247923908244,0.900703665208662,6.79583016633987,"ok","2026-08-15 05:53:47"
"NZ19",0.918124180952759,0.995023354132209,0.913555002041501,8.09621250232061,"ok","2026-08-15 06:01:53"
"NZ20",0.936854791266362,0.98950665553716,0.927024051229941,9.22151499986649,"ok","2026-08-15 06:11:06"
"NZ21",0.904614864415437,0.993000149167642,0.898282695303796,6.27755345106125,"ok","2026-08-15 06:17:23"
"NZ22",0.898162146424752,0.998340922005521,0.896672025372145,7.50706670284271,"ok","2026-08-15 06:24:53"
"NZ23",0.890487618585693,0.986585526874789,0.878542196357842,10.0911980470022,"ok","2026-08-15 06:34:59"
"NZ24",0.851932623699922,0.994246765596592,0.847031255619866,9.8425440510114,"ok","2026-08-15 06:44:49"
"NZ25",0.837038919455302,0.984445284819072,0.824019017467823,9.71651068131129,"ok","2026-08-15 06:54:32"
"NZ26",0.797752351917407,0.99219706431151,0.791527541620054,6.72779623270035,"ok","2026-08-15 07:01:16"
"NZ27",0.885955873122654,0.999476352610192,0.885491944642208,6.44650073448817,"ok","2026-08-15 07:07:43"
"NZ28",0.891682311487785,0.98649967018195,0.879644306189779,5.83600628376007,"ok","2026-08-15 07:13:33"
"NZ29",0.940609222008217,0.992748935609781,0.933788803973402,7.52599184910456,"ok","2026-08-15 07:21:04"
"NZ30",0.945812068708907,0.999902980953038,0.945720306923395,5.61882693370183,"ok","2026-08-15 07:26:42"
"NZ31",0.932320961886662,1.00335370443445,0.935447690830868,9.28290990193685,"ok","2026-08-15 07:35:58"
"NZ32",0.943292433858323,1.00890534391718,0.951692777396303,7.16792163451513,"ok","2026-08-15 07:43:09"
"NZ33",0.912365732424023,0.997344955549594,0.909943360849411,7.45173378388087,"ok","2026-08-15 07:50:36"
"NZ34",0.911326603753834,1.00552408191413,0.916360846563492,8.83183163404465,"ok","2026-08-15 07:59:26"
"NZ35",0.842845569551496,0.996103191560487,0.839561161822862,7.7164829492569,"ok","2026-08-15 08:07:09"
"NZ36",0.857312466757587,1.00451031687765,0.861179217645824,5.83295366764069,"ok","2026-08-15 08:12:59"
"NZ37",0.91100928986354,1.01247063503849,0.922370154234098,3.70992733240128,"ok","2026-08-15 08:16:41"
"NZ38",0.952895020617602,0.999817031541257,0.952720670884336,1.7179142832756,"ok","2026-08-15 08:18:24"
"NZ39",0.989512942669907,1.00641745480259,0.995863097256066,1.04538275003433,"ok","2026-08-15 08:19:27"
"NZ40",0.933753122409314,0.994341258949923,0.928469255284899,15.6590963323911,"ok","2026-08-15 08:35:07"
"NZ41",0.87198783877307,0.997333382783969,0.869662580990027,8.6124063650767,"ok","2026-08-15 08:43:43"
"NZ42",0.883986917974163,1.00257966461473,0.886267307746343,8.33856351772944,"ok","2026-08-15 08:52:04"
"NZ43",0.903267749906576,0.991401866587238,0.895501333285434,7.12664866447449,"ok","2026-08-15 08:59:11"
"NZ44",0.901757673012083,0.999524520263821,0.901328905511622,3.67402653296789,"ok","2026-08-15 09:02:52"
"NZ45",0.912224510823834,0.98482480504113,0.898381326025823,1.70981683333715,"ok","2026-08-15 09:04:34"
"NZ46",0.959480212376414,0.993266683963648,0.953019728875858,1.45068585077922,"ok","2026-08-15 09:06:01"
"NZ50",0.902033514907894,1.00830753206722,0.909527187258696,14.3670238335927,"ok","2026-08-15 09:20:23"
"NZ51",0.863104378723679,1.01071709195336,0.872354347715807,12.0426391164462,"ok","2026-08-15 09:32:26"
"NZ52",0.935263340217169,1.01545312083218,0.949716077623453,9.36139859755834,"ok","2026-08-15 09:41:48"
"NZ53",0.938533755033094,1.00368285669294,0.941990240354369,1.93693161805471,"ok","2026-08-15 09:43:44"
"NZ60",0.938332369889543,0.999355935934485,0.937728023728588,9.51405613422394,"ok","2026-08-15 09:53:15"
"NZ61",0.904053369994809,1.00109778032593,0.905045821997977,9.01376788218816,"ok","2026-08-15 10:02:16"
"NZ62",0.9318046277028,1.00506756768459,0.936526610722494,5.13216751813889,"ok","2026-08-15 10:07:23"
"NZ70",0.930644383250644,0.992788928074741,0.923933439666185,5.20579078197479,"ok","2026-08-15 10:12:36"
"NZ71",0.920634562069381,0.993966718740365,0.915080114819076,7.79512958526611,"ok","2026-08-15 10:20:24"
"NZ72",0.96785502807724,0.997142241424534,0.965089132070943,1.14749303658803,"ok","2026-08-15 10:21:32"
"NZ81",0.886375201416995,1.00954773062326,0.894838073071259,3.20384166638056,"ok","2026-08-15 10:24:45"
"NZ90",0.79623216841581,0.997918237166188,0.794574601880516,0.62313539981842,"ok","2026-08-15 10:25:22"
"NZ91",0.949815830412689,0.998482073426891,0.948374079724145,0.677015352249146,"ok","2026-08-15 10:26:03"
"OV00",0.997155256109413,1.01194225940082,1.00906354284076,0.59303701321284,"ok","2026-08-15 10:26:38"
"SD08",0.991797696801487,0.992026429332172,0.983889527777851,1.56061953306198,"ok","2026-08-15 10:28:12"
"SD09",0.971225510614446,0.979322367902282,0.951142866822043,5.63485785325368,"ok","2026-08-15 10:33:50"
"SD16",0.956044435267329,0.99214120299263,0.948531076120537,1.56742630004883,"ok","2026-08-15 10:35:24"
"SD17",0.981233193235117,1.02293233256704,1.0037351591482,4.68477441867193,"ok","2026-08-15 10:40:05"
"SD18",0.937644501396284,1.00960586550334,0.946651388366646,14.9702590664228,"ok","2026-08-15 10:55:03"
"SD19",0.931404037079072,0.996250439837599,0.927911681606541,15.4287474830945,"ok","2026-08-15 11:10:29"
"SD20",0.929854414727347,0.992005829413499,0.922420999915406,2.2122051358223,"ok","2026-08-15 11:12:42"
"SD21",0.962139354924645,0.991356145175658,0.95382276201989,1.18623623450597,"ok","2026-08-15 11:13:53"
"SD22",0.997227442192677,0.989120108880433,0.986377716200176,0.587373832861582,"ok","2026-08-15 11:14:28"
"SD23",0.996710525061716,0.983711886053734,0.980475990458068,1.17701879739761,"ok","2026-08-15 11:15:39"
"SD26",0.975689684159503,0.982739673629234,0.95884896177432,4.12957786719004,"ok","2026-08-15 11:19:47"
"SD27",0.9308802644363,1.01265445858019,0.942660050185728,13.2257005492846,"ok","2026-08-15 11:33:00"
"SD28",0.924731416946926,0.99917488979018,0.923968411613462,13.7352883815765,"ok","2026-08-15 11:46:44"
"SD29",0.880509664451666,0.985970821638405,0.868156837319966,15.447304169337,"ok","2026-08-15 12:02:11"
"SD30",0.933255612357338,0.999889704628026,0.933152678582426,7.15846841732661,"ok","2026-08-15 12:09:21"
"SD31",0.915664924214566,0.99815781013861,0.913978095574747,5.08011986811956,"ok","2026-08-15 12:14:26"
"SD32",0.954628972409149,0.994976654617349,0.949833541368452,3.84186693429947,"ok","2026-08-15 12:18:16"
"SD33",0.905081982833503,0.988743502795834,0.894893930024196,8.8189800341924,"ok","2026-08-15 12:27:05"
"SD34",0.932469704030385,1.01582719431794,0.947228083231663,4.83864014943441,"ok","2026-08-15 12:31:56"
"SD35",0.99540930561247,1.00456065933959,0.999949028358825,1.25160419940948,"ok","2026-08-15 12:33:11"
"SD36",0.995539340195706,0.992120268239487,0.987694757237925,0.689183636506398,"ok","2026-08-15 12:33:52"
"SD37",0.946829715410524,1.01848036518692,0.964327474321141,11.9406946659088,"ok","2026-08-15 12:45:48"
"SD38",0.804405897306733,1.00518311159209,0.808575222837811,10.8656402667363,"ok","2026-08-15 12:56:40"
"SD39",0.73834567143854,0.992470440451694,0.73278625373821,8.63069346745809,"ok","2026-08-15 13:05:18"
"SD40",0.902408830691064,1.00488850572221,0.906820261423666,9.02502024968465,"ok","2026-08-15 13:14:20"
"SD41",0.934184386315856,1.00396685942691,0.937890164455181,8.87595871289571,"ok","2026-08-15 13:23:12"
"SD42",0.948324817623622,0.999965252245869,0.948291865466023,7.06171449820201,"ok","2026-08-15 13:30:16"
"SD43",0.936742076909978,0.993195741571617,0.930368241737942,8.7706936677297,"ok","2026-08-15 13:39:02"
"SD44",0.947892820203346,1.01916010189912,0.966054543227889,8.20334386825562,"ok","2026-08-15 13:47:14"
"SD45",0.960099225498176,1.00793546545858,0.967718059738922,11.4208280007044,"ok","2026-08-15 13:58:40"
"SD46",0.923143420621246,0.995781850961342,0.919249464089009,7.91763436396917,"ok","2026-08-15 14:06:35"
"SD47",0.896712037886421,1.02182923520387,0.916286575871587,11.7497337500254,"ok","2026-08-15 14:18:20"
"SD48",0.859967205774981,1.00935048091939,0.86800831272388,10.3283869862556,"ok","2026-08-15 14:28:40"
"SD49",0.854780416265535,0.997700304605101,0.852814681678599,11.4672093351682,"ok","2026-08-15 14:40:08"
"SD50",0.833140246669887,0.993108347321432,0.827398533457302,7.07218470176061,"ok","2026-08-15 14:47:12"
"SD51",0.852433725496126,0.991234688642547,0.844961878480559,6.54293075005213,"ok","2026-08-15 14:53:45"
"SD52",0.837763588459451,0.986644381554898,0.826574737624788,7.11286271810532,"ok","2026-08-15 15:00:51"
"SD53",0.8720516353483,0.979735628090437,0.854380056685259,6.08468058506648,"ok","2026-08-15 15:06:56"
"SD54",0.930217136603362,1.00554781214606,0.935377806532283,15.919506017367,"ok","2026-08-15 15:22:52"
"SD55",0.958703577552495,0.99506385899063,0.953971281507508,17.1479285518328,"ok","2026-08-15 15:40:00"
"SD56",0.914830402346557,0.983957086918547,0.900153857717441,16.4100523034732,"ok","2026-08-15 15:56:25"
"SD57",0.906259052071664,1.01084869979503,0.91609078446412,11.0679609497388,"ok","2026-08-15 16:07:29"
"SD58",0.93885668306732,0.999911067777681,0.938773188456056,12.4921297828356,"ok","2026-08-15 16:19:59"
"SD59",0.935452748130724,0.989951148603859,0.926052522476647,16.0267860492071,"ok","2026-08-15 16:36:00"
"SD60",0.843475294051843,1.00232524071214,0.845436577145255,7.12301030158997,"ok","2026-08-15 16:43:08"
"SD61",0.91834698331756,1.00626885564698,0.924103967989815,14.3668245991071,"ok","2026-08-15 16:57:30"
"SD62",0.848674885188506,1.00119382960645,0.849688058392691,11.5727141499519,"ok","2026-08-15 17:09:04"
"SD63",0.886234948165694,0.994230474496822,0.881121793030445,10.6747163494428,"ok","2026-08-15 17:19:45"
"SD64",0.893627023718185,1.01829881528205,0.909979339556248,14.2538959503174,"ok","2026-08-15 17:34:00"
"SD65",0.946550401245249,1.00863504716355,0.954723908602682,10.3576947331429,"ok","2026-08-15 17:44:21"
"SD66",0.945881471490084,0.998669164097096,0.944622658467933,15.487721200784,"ok","2026-08-15 17:59:51"
"SD67",0.94984009609115,1.00862609726782,0.958033509148911,19.3514899492264,"ok","2026-08-15 18:19:12"
"SD68",0.947578917734202,0.999436964721889,0.947045397374723,17.9707477490107,"ok","2026-08-15 18:37:10"
"SD69",0.917339126623007,0.991375106329077,0.909427174195706,14.8667624513308,"ok","2026-08-15 18:52:02"
"SD70",0.797135969432222,0.990053392002858,0.789207170423858,5.5085634191831,"ok","2026-08-15 18:57:32"
"SD71",0.859326099467725,0.993364872629485,0.853624361344949,9.77071093320847,"ok","2026-08-15 19:07:19"
"SD72",0.912621649407915,0.9882187154997,0.901869794115107,11.2424159010251,"ok","2026-08-15 19:18:33"
"SD73",0.884277045902555,0.981654918873485,0.868054911757157,13.9165178656578,"ok","2026-08-15 19:32:28"
"SD74",0.911934024532809,1.00617285984964,0.917563265458366,15.7260567188263,"ok","2026-08-15 19:48:12"
"SD75",0.908802451895819,0.997720003364951,0.906730385363572,11.4963030338287,"ok","2026-08-15 19:59:42"
"SD76",0.943591990960338,0.989258697342753,0.933456583800479,14.8573321342468,"ok","2026-08-15 20:14:33"
"SD77",0.962458105571365,1.00077556373584,0.963204553175314,15.1148706634839,"ok","2026-08-15 20:29:40"
"SD78",0.952882902148494,0.993446978387064,0.946638639896118,15.7849876324336,"ok","2026-08-15 20:45:27"
"SD79",0.970906640725492,0.987420732215174,0.95869334609774,13.411425336202,"ok","2026-08-15 20:58:52"
"SD80",0.807269195779736,1.01156623122724,0.816606257960753,6.21808366775513,"ok","2026-08-15 21:05:05"
"SD81",0.892532962327703,1.01505875402652,0.905973396667959,12.7009524822235,"ok","2026-08-15 21:17:47"
"SD82",0.928716885439148,1.00987022990326,0.937883534613475,11.4148537357648,"ok","2026-08-15 21:29:12"
"SD83",0.882170680315446,1.00367996920434,0.885417041251979,11.7702478488286,"ok","2026-08-15 21:40:58"
"SD84",0.915087664358151,1.00931685757947,0.923613405799704,14.7113150835037,"ok","2026-08-15 21:55:41"
"SD85",0.937587884589136,1.00187768412118,0.939348378472242,9.68820139964422,"ok","2026-08-15 22:05:22"
"SD86",0.959656346672093,0.994643618010587,0.954516060700753,13.9924139300982,"ok","2026-08-15 22:19:22"
"SD87",0.956633395459247,1.00514799877762,0.961558143009703,12.8789259831111,"ok","2026-08-15 22:32:14"
"SD88",0.932795174263779,0.999516063727387,0.932343760844034,11.6916953166326,"ok","2026-08-15 22:43:56"
"SD89",0.954973030927153,0.995332670665293,0.950515857286053,12.0557654817899,"ok","2026-08-15 22:55:59"
"SD90",0.845059596631252,1.00340124784267,0.847933853761222,10.1391966342926,"ok","2026-08-15 23:06:08"
"SD91",0.942586897651619,1.00897222992727,0.951044004023786,12.6720886508624,"ok","2026-08-15 23:18:48"
"SD92",0.907003642237202,1.00399957672106,0.910631272890607,10.3449664990107,"ok","2026-08-15 23:29:09"
"SD93",0.969351006386619,0.998373548840255,0.967774404318081,10.6602141181628,"ok","2026-08-15 23:39:48"
"SD94",0.937465081739154,1.00708420619323,0.944106277677148,10.911950802803,"ok","2026-08-15 23:50:43"
"SD95",0.922231707554086,1.00056524234228,0.922752991964585,16.1663895169894,"ok","2026-08-16 00:06:53"
"SD96",0.946788249681327,0.994319894438176,0.941410392478442,11.7501935164134,"ok","2026-08-16 00:18:38"
"SD97",0.946616296972338,1.00243544800317,0.948921731742567,13.9553101499875,"ok","2026-08-16 00:32:35"
"SD98",0.935544365532844,0.998245702398142,0.933903142295958,11.7465664982796,"ok","2026-08-16 00:44:20"
"SD99",0.94710246516814,0.995666753264406,0.942998436502677,11.0290398518244,"ok","2026-08-16 00:55:22"
"SE00",0.961150977138506,1.00075798261533,0.961879512869889,11.0432481169701,"ok","2026-08-16 01:06:24"
"SE01",0.912293826197939,1.00623122164419,0.917978531233601,10.256134502093,"ok","2026-08-16 01:16:40"
"SE02",0.876148665810701,1.00149647247318,0.877459798171504,9.29313703378042,"ok","2026-08-16 01:25:57"
"SE03",0.914937168374794,0.996297753767577,0.911549845690275,11.5262730995814,"ok","2026-08-16 01:37:29"
"SE04",0.910634566339117,1.00557352014143,0.915710006436086,10.5374449491501,"ok","2026-08-16 01:48:01"
"SE05",0.922534067861411,0.999792293166288,0.922342451231185,14.1563110510508,"ok","2026-08-16 02:02:11"
"SE06",0.974349586131717,0.994312775230803,0.968808241031611,13.4490911523501,"ok","2026-08-16 02:15:38"
"SE07",0.945736088621394,1.0032858384226,0.948843624599028,12.9641235470772,"ok","2026-08-16 02:28:35"
"SE08",0.933682148753041,1.00013446412869,0.933807695509644,12.6168841004372,"ok","2026-08-16 02:41:12"
"SE09",0.941666528146047,0.998714266280356,0.94045579573815,12.0148104826609,"ok","2026-08-16 02:53:13"
"SE10",0.917310394550403,0.999773506930113,0.917102630103102,10.6451098163923,"ok","2026-08-16 03:03:52"
"SE11",0.840487097091025,1.00697927344047,0.846353086364811,7.59607596794764,"ok","2026-08-16 03:11:28"
"SE12",0.876973045588136,1.00248769512258,0.879154687156276,10.0380944172541,"ok","2026-08-16 03:21:30"
"SE13",0.818970302140832,0.997686610233763,0.817075704625007,9.24396221637726,"ok","2026-08-16 03:30:45"
"SE14",0.892819953782053,1.00759000963407,0.899596465832745,10.6695856014888,"ok","2026-08-16 03:41:25"
"SE15",0.924011792060515,1.00234618851052,0.926179697910635,10.3009177009265,"ok","2026-08-16 03:51:43"
"SE16",0.918864955783859,0.997388720258114,0.916465542339292,10.454986000061,"ok","2026-08-16 04:02:10"
"SE17",0.940931263526321,1.00385737206462,0.944560785496971,9.98426451683044,"ok","2026-08-16 04:12:09"
"SE18",0.922294342371598,1.00126865514445,0.923464415833746,11.365952750047,"ok","2026-08-16 04:23:31"
"SE19",0.897921973120884,1.00046911010098,0.898343197388363,8.28799034754435,"ok","2026-08-16 04:31:49"
"SE20",0.876655363034716,0.991061577633175,0.868819447129769,10.0186062494914,"ok","2026-08-16 04:41:50"
"SE21",0.886137223007902,0.9968955619253,0.883386264873388,15.0990891853968,"ok","2026-08-16 04:56:56"
"SE22",0.856283991220301,0.992847964913268,0.850159818070886,6.86232133309046,"ok","2026-08-16 05:03:47"
"SE23",0.797199284032298,0.988557769933137,0.788077546415262,7.11076244910558,"ok","2026-08-16 05:10:54"
"SE24",0.880454926116351,0.997843253551649,0.878556008081516,9.30954476594925,"ok","2026-08-16 05:20:13"
"SE25",0.888631365231892,0.99307218147071,0.88247508839413,11.0635225812594,"ok","2026-08-16 05:31:17"
"SE26",0.871996191984691,0.988507068653828,0.861974399616087,8.484969886144,"ok","2026-08-16 05:39:46"
"SE27",0.867035484279075,0.994938333145491,0.862646839506616,8.65284450054169,"ok","2026-08-16 05:48:25"
"SE28",0.918770034983914,0.992475134052062,0.911856413633678,7.05469919840495,"ok","2026-08-16 05:55:28"
"SE29",0.934098320810212,0.991830933525546,0.926467609533838,9.22774976491928,"ok","2026-08-16 06:04:42"
"SE30",0.832188973076702,0.998923068042325,0.831292762176771,7.66802411476771,"ok","2026-08-16 06:12:22"
"SE31",0.866521624193308,1.00543066956384,0.87122741680422,7.63541106383006,"ok","2026-08-16 06:20:00"
"SE32",0.858501881055412,1.00196068842726,0.860185135758376,6.62721985181173,"ok","2026-08-16 06:26:38"
"SE33",0.837234705990747,0.998224206675988,0.835747950189217,6.66268906593323,"ok","2026-08-16 06:33:17"
"SE34",0.87502458103538,1.00814957090373,0.882155655901036,7.02364516655604,"ok","2026-08-16 06:40:19"
"SE35",0.85983976598227,1.00375856540576,0.863071529981184,6.94468701680501,"ok","2026-08-16 06:47:16"
"SE36",0.910473948508998,0.999397164958372,0.909925082908347,6.7053795337677,"ok","2026-08-16 06:53:58"
"SE37",0.928700864162814,1.00592718442538,0.934205445460719,6.06391840378443,"ok","2026-08-16 07:00:02"
"SE38",0.944155974983306,1.00327420936962,0.947247339322979,6.16567336718241,"ok","2026-08-16 07:06:12"
"SE39",0.941954233258991,1.00240788673867,0.944222352365693,7.52255750099818,"ok","2026-08-16 07:13:43"
"SE40",0.916724925050466,0.993639671588412,0.910894253464057,7.41351575056712,"ok","2026-08-16 07:21:08"
"SE41",0.935913218579615,1.00071703753664,0.936584303488372,7.78000173568726,"ok","2026-08-16 07:28:55"
"SE42",0.900404580292003,0.998068345655013,0.898665309872236,7.17097378174464,"ok","2026-08-16 07:36:05"
"SE43",0.894528012985087,0.99507976187058,0.890126722147763,7.22074513037999,"ok","2026-08-16 07:43:18"
"SE44",0.892480084453565,0.999553192367158,0.892081317539672,7.09677766958872,"ok","2026-08-16 07:50:24"
"SE45",0.930472933188199,0.995720387317622,0.926490869422718,8.11161536773046,"ok","2026-08-16 07:58:31"
"SE46",0.931133960845469,0.99168620843668,0.923392707177472,6.48310911655426,"ok","2026-08-16 08:05:00"
"SE47",0.940924783418317,0.997325970695384,0.938408722974018,7.41807786623637,"ok","2026-08-16 08:12:25"
"SE48",0.906822550438702,0.994448496414022,0.901788321798096,15.4316619992256,"ok","2026-08-16 08:27:51"
"SE49",0.921416897540212,0.993169592928604,0.915123245047549,13.6355646848679,"ok","2026-08-16 08:41:29"
"SE50",0.880704334147773,1.0038866871759,0.884127356389068,8.83394215106964,"ok","2026-08-16 08:50:19"
"SE51",0.925871942801781,1.01208268198738,0.937058959047696,7.07227649688721,"ok","2026-08-16 08:57:23"
"SE52",0.943601175727529,1.0103866511243,0.953402031940292,13.2455892642339,"ok","2026-08-16 09:10:38"
"SE53",0.927135644602294,1.00824725565825,0.93478196929321,6.0755837837855,"ok","2026-08-16 09:16:42"
"SE54",0.916333753475666,1.01357507881424,0.928773056399245,5.65976311763128,"ok","2026-08-16 09:22:22"
"SE55",0.908248189753973,1.01036604754273,0.917663133669563,4.97896276712418,"ok","2026-08-16 09:27:21"
"SE56",0.935360024381074,1.00670546125856,0.941632044787368,6.24713823397954,"ok","2026-08-16 09:33:36"
"SE57",0.900949806711276,1.01256585894999,0.912271014903429,10.7485027631124,"ok","2026-08-16 09:44:21"
"SE58",0.825046347026947,1.00949256305133,0.832878151496373,11.2482072512309,"ok","2026-08-16 09:55:35"
"SE59",0.911375635869461,1.00776768511304,0.918454914828595,13.6343147317568,"ok","2026-08-16 10:09:14"
"SE60",0.889223764031535,0.997963576699516,0.887412928039117,5.41829943259557,"ok","2026-08-16 10:14:39"
"SE61",0.931835274469461,1.0012755902744,0.933023914482917,4.93127504984538,"ok","2026-08-16 10:19:35"
"SE62",0.937919501320506,1.00066136951568,0.938539812686839,13.5117554187775,"ok","2026-08-16 10:33:05"
"SE63",0.925339675444202,0.999573658109419,0.924945164377544,4.84267306725184,"ok","2026-08-16 10:37:56"
"SE64",0.913672529216938,1.00178592861128,0.91530428312821,5.16665021578471,"ok","2026-08-16 10:43:06"
"SE65",0.879095113615508,0.999428002378807,0.878592273301717,5.2744072675705,"ok","2026-08-16 10:48:22"
"SE66",0.935245507997839,0.99641844917372,0.931895878675894,8.08159166574478,"ok","2026-08-16 10:56:27"
"SE67",0.880953598907351,1.00182381196756,0.882560292623903,8.61605724891027,"ok","2026-08-16 11:05:04"
"SE68",0.882681270023705,0.998846679340639,0.881663255479355,11.3571179310481,"ok","2026-08-16 11:16:26"
"SE69",0.917847939754653,0.996868881216903,0.91497404883046,10.2183618505796,"ok","2026-08-16 11:26:39"
"SE70",0.94892416310427,0.994943187518344,0.944125631552139,6.28760713338852,"ok","2026-08-16 11:32:56"
"SE71",0.959651981760242,0.992341640837807,0.952302622213212,7.92330731948217,"ok","2026-08-16 11:40:51"
"SE72",0.947314353758455,0.992777132930716,0.940472028108433,7.87227981885274,"ok","2026-08-16 11:48:44"
"SE73",0.951419095157518,0.992786342644034,0.944555883803129,7.61844025055567,"ok","2026-08-16 11:56:21"
"SE74",0.930016985768932,0.996117299301029,0.926406008168232,5.06369258562724,"ok","2026-08-16 12:01:25"
"SE75",0.936560844658344,0.994740316696871,0.93163483122133,11.3593717694283,"ok","2026-08-16 12:12:46"
"SE76",0.916366932560069,0.99256579086896,0.909554469142647,11.8178505659103,"ok","2026-08-16 12:24:35"
"SE77",0.92944525550506,0.994524447892449,0.924356029577425,8.62740796407064,"ok","2026-08-16 12:33:13"
"SE78",0.925984245128185,0.991912285852876,0.918495149248848,7.75364026625951,"ok","2026-08-16 12:40:58"
"SE79",0.92810262818696,0.989968331427109,0.918792210219359,4.84240854978561,"ok","2026-08-16 12:45:49"
"SE80",0.945801059809659,1.00286095616415,0.948506955181783,7.93747318585714,"ok","2026-08-16 12:53:45"
"SE81",0.941712096497532,1.00447922187166,0.945930233916974,9.53892908493678,"ok","2026-08-16 13:03:17"
"SE82",0.973304370647737,1.00255172714154,0.975787977827295,9.04906365076701,"ok","2026-08-16 13:12:20"
"SE83",0.94048952246973,1.00362243531359,0.943896384927985,8.39018794695536,"ok","2026-08-16 13:20:44"
"SE84",0.924105423076947,1.00814189957268,0.931629396626207,10.3348112980525,"ok","2026-08-16 13:31:04"
"SE85",0.920935349561409,1.00789141819438,0.928202835534782,8.16587280035019,"ok","2026-08-16 13:39:14"
"SE86",0.930272787509408,1.00677580466535,0.936576134203062,8.85855089823405,"ok","2026-08-16 13:48:05"
"SE87",0.933589625377348,1.00963411031201,0.942583930814385,12.5320560693741,"ok","2026-08-16 14:00:37"
"SE88",0.923183942934683,1.00760905884719,0.930208503883256,5.88221921523412,"ok","2026-08-16 14:06:30"
"SE90",0.891779491763821,0.996083584087738,0.888286912372048,6.71956726710002,"ok","2026-08-16 14:13:13"
"SE91",0.927905942199738,0.998488503806984,0.926503415900626,8.49495111703873,"ok","2026-08-16 14:21:43"
"SE92",0.946740130992047,0.994644557658512,0.941669918808146,11.0963666836421,"ok","2026-08-16 14:32:49"
"SE93",0.936124195912713,0.996670115470975,0.933007010435497,8.63368676503499,"ok","2026-08-16 14:41:27"
"SE94",0.941863197045292,0.98953554830407,0.932007115115637,9.54339573383331,"ok","2026-08-16 14:50:59"
"SE95",0.954960489631306,0.990412246131409,0.945804563502492,9.25715631643931,"ok","2026-08-16 15:00:15"
"SE96",0.946051360829977,0.990480285625659,0.937045222091419,7.78200061718623,"ok","2026-08-16 15:08:02"
"SE97",0.949119182833287,0.996658106823272,0.945947327912275,8.79283278385798,"ok","2026-08-16 15:16:49"
"SE98",0.926766887857167,0.995469533521959,0.922568201538772,5.36650549968084,"ok","2026-08-16 15:22:11"
"SE99",0.877556267493453,0.99430112949536,0.872555187964472,1.1353343129158,"ok","2026-08-16 15:23:20"
"SH12",0.986069871719121,0.992799797301458,0.978969968767818,1.47202620108922,"ok","2026-08-16 15:24:48"
"SH13",0.986149771952172,1.0004951853236,0.986638098846116,0.688929001490275,"ok","2026-08-16 15:25:29"
"SH22",0.974613963300033,1.0193678623777,0.993490152412611,2.2290451169014,"ok","2026-08-16 15:27:43"
"SH23",0.974632752432111,1.02066551005749,0.994774035379859,11.7451922337214,"ok","2026-08-16 15:39:28"
"SH24",0.979567416091917,1.02552243231757,1.00456835916961,0.690011215209961,"ok","2026-08-16 15:40:09"
"SH27",0.96936013634479,1.00833061549479,0.977435502916651,1.31301133235296,"ok","2026-08-16 15:41:28"
"SH28",0.968357345090469,0.992356787806316,0.96095598442263,2.46820590098699,"ok","2026-08-16 15:43:56"
"SH32",0.954941105970402,0.993678617380856,0.948904557860815,0.758305402596792,"ok","2026-08-16 15:44:41"
"SH33",0.946675064528014,0.996257806705804,0.943132423449754,9.5128053188324,"ok","2026-08-16 15:54:12"
"SH34",0.951639836863446,1.00302255116484,0.954516216960863,4.05022423267364,"ok","2026-08-16 15:58:15"
"SH36",0.934176734016656,0.982990550965151,0.918286902469858,1.67500043312709,"ok","2026-08-16 15:59:56"
"SH37",0.984479611390696,0.99302221227073,0.977610121638617,4.56546785036723,"ok","2026-08-16 16:04:30"
"SH38",0.988338106033702,1.00214463505097,0.990457730578113,3.58103273312251,"ok","2026-08-16 16:08:05"
"SH39",0.980064989845937,0.990451443912614,0.970706784321109,1.54316719770432,"ok","2026-08-16 16:09:37"
"SH43",0.958496570060155,1.00627110050355,0.964507398383312,2.85817035039266,"ok","2026-08-16 16:12:29"
"SH44",0.972157326686465,1.01499952103528,0.986739220957698,9.49072136878967,"ok","2026-08-16 16:21:58"
"SH45",0.973809123911227,1.0262610375551,0.999382361885763,8.02167069911957,"ok","2026-08-16 16:29:59"
"SH46",0.949776148845056,0.993308862912308,0.943421066430513,6.36244069735209,"ok","2026-08-16 16:36:21"
"SH47",0.964259491070201,1.00570814771221,0.969763626678129,4.4001696507136,"ok","2026-08-16 16:40:45"
"SH48",0.96924024234053,1.01703793657221,0.985754096112762,4.6703337987264,"ok","2026-08-16 16:45:25"
"SH49",0.968579122747579,0.990972766828034,0.959835533161039,1.97456936438878,"ok","2026-08-16 16:47:24"
"SH50",0.984047690719191,0.981439988732103,0.965783754491295,2.61491839885712,"ok","2026-08-16 16:50:01"
"SH51",1.00210039129683,0.992826013506219,0.994911336624252,1.09434279998144,"ok","2026-08-16 16:51:06"
"SH52",0.974643004716518,0.994212941687936,0.969002688814778,5.35723818540573,"ok","2026-08-16 16:56:28"
"SH53",0.959600866784575,0.985642946479535,0.945823825781864,5.74684781630834,"ok","2026-08-16 17:02:13"
"SH54",0.947432344374195,0.995622398453698,0.943284863078446,6.61119409799576,"ok","2026-08-16 17:08:49"
"SH55",0.934745181605162,1.00862478146089,0.942807154518128,5.3431992650032,"ok","2026-08-16 17:14:10"
"SH56",0.953903079754196,0.978255844371328,0.933161262733351,3.17654900153478,"ok","2026-08-16 17:17:21"
"SH57",0.920635688412385,0.992421893591805,0.913659013202414,4.88065343300501,"ok","2026-08-16 17:22:13"
"SH58",0.95818708114719,1.00540341146642,0.963364560208432,1.73525060017904,"ok","2026-08-16 17:23:58"
"SH60",0.915021099896692,1.01750723331531,0.931040587781019,10.0927895307541,"ok","2026-08-16 17:34:03"
"SH61",0.91816595102165,1.01278484652256,0.929904561787698,9.35784635146459,"ok","2026-08-16 17:43:25"
"SH62",0.956722733969686,1.01375784306022,0.969885175195787,3.81181149880091,"ok","2026-08-16 17:47:13"
"SH63",0.912771826152893,0.999008308532292,0.911866638120933,4.61097096999486,"ok","2026-08-16 17:51:50"
"SH64",0.894737338709553,1.00991037558643,0.903604521787366,4.66332688331604,"ok","2026-08-16 17:56:30"
"SH65",0.882834632842938,1.02427650083278,0.904266768542356,2.98124963442485,"ok","2026-08-16 17:59:29"
"SH66",0.935377203320212,0.988828866167074,0.924927979397654,2.92008186578751,"ok","2026-08-16 18:02:24"
"SH67",0.93466429680987,1.00457690102443,0.938942162787437,4.79326680103938,"ok","2026-08-16 18:07:12"
"SH68",0.966452871808199,1.01904513947874,0.984859101551418,0.710278268655141,"ok","2026-08-16 18:07:54"
"SH70",0.860950646564599,1.0032649213364,0.863761582700159,4.27740326722463,"ok","2026-08-16 18:12:11"
"SH71",0.90674447551669,0.997918049758683,0.904856678637075,3.88321509758631,"ok","2026-08-16 18:16:04"
"SH72",0.809230613948264,0.997933995221093,0.80755873963261,4.78890361785889,"ok","2026-08-16 18:20:51"
"SH73",0.967447897112084,0.991420201309773,0.95914738891158,4.84561003446579,"ok","2026-08-16 18:25:42"
"SH74",0.925862581417981,1.00231394032645,0.928004972181872,3.41622841755549,"ok","2026-08-16 18:29:07"
"SH75",0.816477417554386,1.01682001521977,0.830210580144253,5.17560255130132,"ok","2026-08-16 18:34:17"
"SH76",0.887852496245044,0.979563516410993,0.869707913276073,4.99381991624832,"ok","2026-08-16 18:39:17"
"SH77",0.914339419424875,0.995819221622554,0.910516768950497,6.71845673322678,"ok","2026-08-16 18:46:00"
"SH78",0.943874139784679,1.01320129439684,0.95633450017754,1.57666408220927,"ok","2026-08-16 18:47:35"
"SH80",0.912798680150973,1.00538561602191,0.917714663347573,4.00933544635773,"ok","2026-08-16 18:51:35"
"SH81",0.871171863158966,0.999469832270897,0.870709995950616,3.24652078549067,"ok","2026-08-16 18:54:50"
"SH82",0.912956379167096,0.998596330148603,0.911674889822018,2.75150113105774,"ok","2026-08-16 18:57:35"
"SH83",0.944912163997374,0.991151518828265,0.9365511265053,4.74989093542099,"ok","2026-08-16 19:02:20"
"SH84",0.9624673239007,1.00117966533433,0.963602713238128,3.34333366552989,"ok","2026-08-16 19:05:41"
"SH85",0.952781332205652,1.01516762111536,0.967232758458336,3.95702829758326,"ok","2026-08-16 19:09:38"
"SH86",0.967381810583353,0.977628828719057,0.945740346404724,5.07905374765396,"ok","2026-08-16 19:14:43"
"SH87",0.926266743389427,0.99360446668,0.920342773568873,4.68826115131378,"ok","2026-08-16 19:19:24"
"SH88",0.952940620434027,1.00821841962193,0.960772286327532,1.51365266640981,"ok","2026-08-16 19:20:55"
"SH90",0.924459558498154,0.998587913331,0.923154141479569,4.23904776573181,"ok","2026-08-16 19:25:10"
"SH91",0.910465491959668,0.9922264578045,0.903387950040374,3.55490226745605,"ok","2026-08-16 19:28:43"
"SH92",0.893896766667594,0.990518000627356,0.885420838086843,2.68559723297755,"ok","2026-08-16 19:31:24"
"SH93",0.88237943244776,0.992897166199155,0.8761120379898,5.10333114862442,"ok","2026-08-16 19:36:30"
"SH94",0.946836856631263,1.00172930510229,0.948474226438476,3.65093483130137,"ok","2026-08-16 19:40:09"
"SH95",0.880543672223558,1.01450166680857,0.893313023168539,1.91991704702377,"ok","2026-08-16 19:42:04"
"SH96",0.9434778590401,0.978414155543876,0.923112092727063,5.06236666838328,"ok","2026-08-16 19:47:08"
"SH97",0.937938659960922,0.993388643872044,0.931737613453743,5.60467623074849,"ok","2026-08-16 19:52:44"
"SH98",0.979411248248017,1.00705653345879,0.98632249649119,0.485500466823578,"ok","2026-08-16 19:53:14"
"SJ00",0.952766689183243,1.01055545606941,0.962823576115318,7.21716301838557,"ok","2026-08-16 20:00:27"
"SJ01",0.906720064491036,1.00358196391396,0.909967903042111,4.89631968339284,"ok","2026-08-16 20:05:20"
"SJ02",0.901112540105497,1.00099410378935,0.902008339496247,3.93546429872513,"ok","2026-08-16 20:09:17"
"SJ03",0.923553744594392,1.00199690303265,0.925397991867792,3.77888574997584,"ok","2026-08-16 20:13:03"
"SJ04",0.918962622575103,1.00924056535395,0.927454356746847,6.12950163284937,"ok","2026-08-16 20:19:11"
"SJ05",0.871176225890749,1.0204136988545,0.88896015501528,2.24507391850154,"ok","2026-08-16 20:21:26"
"SJ06",0.943148666849706,0.982476853692038,0.926621734770339,6.88153959910075,"ok","2026-08-16 20:28:19"
"SJ07",0.961705410233867,0.995944174528069,0.957804900934546,7.20230066776276,"ok","2026-08-16 20:35:31"
"SJ08",0.955743244448847,1.00826149106862,0.963639108726758,4.56893448034922,"ok","2026-08-16 20:40:05"
"SJ10",0.915606817085229,1.00148600774418,0.916967415906037,4.82951834996541,"ok","2026-08-16 20:44:55"
"SJ11",0.887684521502709,0.994217764824097,0.882551720837371,4.40398310025533,"ok","2026-08-16 20:49:19"
"SJ12",0.942559882061186,0.990744158804573,0.933835697475648,4.17768346865972,"ok","2026-08-16 20:53:30"
"SJ13",0.920735669417147,0.997307296435871,0.918256401198487,7.05270913441976,"ok","2026-08-16 21:00:33"
"SJ14",0.917311474945467,1.00271315923598,0.919800287045987,4.71622873147329,"ok","2026-08-16 21:05:16"
"SJ15",0.937226499047919,1.01181216488499,0.948297172989255,6.85156906843185,"ok","2026-08-16 21:12:07"
"SJ16",0.944878091301243,0.987388142428855,0.932961423391656,2.62059425115585,"ok","2026-08-16 21:14:44"
"SJ17",0.930971246549854,0.999052511892346,0.93008916236518,4.28313841819763,"ok","2026-08-16 21:19:01"
"SJ18",0.979701112390876,1.00983696081411,0.989338393843001,12.1117290496826,"ok","2026-08-16 21:31:08"
"SJ20",0.900516361809012,1.00221232638294,0.902508597914509,8.16739401817322,"ok","2026-08-16 21:39:18"
"SJ21",0.918005507024031,0.994770377678238,0.913204684932997,11.5821123162905,"ok","2026-08-16 21:50:53"
"SJ22",0.870054272346341,0.990519320636699,0.861805566761555,10.482789448897,"ok","2026-08-16 22:01:22"
"SJ23",0.876660922675641,0.995702298060582,0.872893295328046,7.17657626867294,"ok","2026-08-16 22:08:32"
"SJ24",0.907795174599938,0.999349984234004,0.907205093424152,5.83892068068186,"ok","2026-08-16 22:14:23"
"SJ25",0.895166959755759,1.00638432487452,0.900881996443773,4.38322263161341,"ok","2026-08-16 22:18:46"
"SJ26",0.91421636673201,0.99448725460933,0.909176524670232,5.64970634778341,"ok","2026-08-16 22:24:25"
"SJ27",0.956768998693025,1.00437765490845,0.96095740319641,11.5129537343979,"ok","2026-08-16 22:35:56"
"SJ28",0.883906196546092,1.00920615732091,0.892043576048419,7.4720040678978,"ok","2026-08-16 22:43:24"
"SJ29",0.957628956761538,0.987717840653531,0.9458672053198,2.72828801870346,"ok","2026-08-16 22:46:08"
"SJ30",0.883493222712555,1.00971673253748,0.892077890056333,14.4446782867114,"ok","2026-08-16 23:00:34"
"SJ31",0.910116749676046,1.00229579051639,0.912206187078758,13.6295619686445,"ok","2026-08-16 23:14:12"
"SJ32",0.908312833347947,0.997479622004714,0.906023541669941,7.37232576608658,"ok","2026-08-16 23:21:35"
"SJ33",0.897065246706124,1.00157705865708,0.89847997121941,5.85272001425425,"ok","2026-08-16 23:27:26"
"SJ34",0.936047917674233,1.00363017621519,0.939445936561256,5.58341321547826,"ok","2026-08-16 23:33:01"
"SJ35",0.931248503560576,1.00874921352668,0.939396195564626,6.64169356425603,"ok","2026-08-16 23:39:39"
"SJ36",0.93081119339703,0.994846914478688,0.926014643713261,8.37848375240962,"ok","2026-08-16 23:48:02"
"SJ37",0.883183179871723,1.00278328139752,0.885641327186864,7.96551711559296,"ok","2026-08-16 23:56:00"
"SJ38",0.84702764153142,1.01030911045224,0.855759743044071,7.78642026583354,"ok","2026-08-17 00:03:47"
"SJ39",0.834462888538871,0.997016040885254,0.831972885396698,7.05059146881104,"ok","2026-08-17 00:10:50"
"SJ40",0.89443169935725,1.00717626036787,0.900850374113114,13.4496864835421,"ok","2026-08-17 00:24:17"
"SJ41",0.885218709496574,1.00004730295881,0.885260582960724,5.4076292514801,"ok","2026-08-17 00:29:42"
"SJ42",0.934011793910677,0.994962373933957,0.92930659175168,7.39775935014089,"ok","2026-08-17 00:37:06"
"SJ43",0.917908008275573,0.996823059985407,0.914991869594367,11.9760818163554,"ok","2026-08-17 00:49:04"
"SJ44",0.950498255752335,0.997457037906046,0.948081174717588,7.6190442999204,"ok","2026-08-17 00:56:41"
"SJ45",0.928291595578808,1.00077321281678,0.929009362538221,12.2900265336037,"ok","2026-08-17 01:08:59"
"SJ46",0.900729529189631,1.00092707174008,0.9015645700816,4.60556806723277,"ok","2026-08-17 01:13:35"
"SJ47",0.935938378827805,1.00693079291141,0.942425173909305,10.3687717835108,"ok","2026-08-17 01:23:57"
"SJ48",0.882965155492039,1.01259053204702,0.894082156578663,7.07385138273239,"ok","2026-08-17 01:31:02"
"SJ49",0.835824271962393,1.00348250738732,0.838735036164006,5.47289263407389,"ok","2026-08-17 01:36:30"
"SJ50",0.91672772824044,1.00753069247624,0.923631322846257,10.9358081499736,"ok","2026-08-17 01:47:26"
"SJ51",0.904478117451099,1.00078802039561,0.905190864655031,7.70359793106715,"ok","2026-08-17 01:55:08"
"SJ52",0.900128978285635,0.995587771463433,0.896157403521053,9.58831916650136,"ok","2026-08-17 02:04:44"
"SJ53",0.919070917397212,0.996771720960549,0.916103900018809,5.74133309920629,"ok","2026-08-17 02:10:28"
"SJ54",0.907729373194225,0.996189915109466,0.904270847224724,10.9676423509916,"ok","2026-08-17 02:21:26"
"SJ55",0.900634854098014,0.997863099328068,0.898710286873127,9.16243888139725,"ok","2026-08-17 02:30:36"
"SJ56",0.890394106580151,0.996101509390624,0.886922913517005,9.01871883471807,"ok","2026-08-17 02:39:37"
"SJ57",0.857574559950674,1.00008409791389,0.857646680182175,7.82401185035706,"ok","2026-08-17 02:47:27"
"SJ58",0.870225810197615,1.0037212690776,0.87346415459563,9.89238388140996,"ok","2026-08-17 02:57:20"
"SJ59",0.862010430491785,0.992999808561708,0.855976192456539,6.3370504339536,"ok","2026-08-17 03:03:40"
"SJ60",0.811098855169342,1.00584135611508,0.815836772426921,11.8086052497228,"ok","2026-08-17 03:15:29"
"SJ61",0.903582194419787,0.999528707353986,0.903156342776487,11.5177407821019,"ok","2026-08-17 03:27:00"
"SJ62",0.927799608569878,0.99430464286527,0.92251545844961,8.94081904888153,"ok","2026-08-17 03:35:56"
"SJ63",0.906783152663721,1.00124786932732,0.907914699546458,6.12633911768595,"ok","2026-08-17 03:42:04"
"SJ64",0.926010092492859,0.999583777039528,0.925624665830735,8.39136210282644,"ok","2026-08-17 03:50:28"
"SJ65",0.895003429674795,0.999713673509018,0.894747166483359,4.80291843016942,"ok","2026-08-17 03:55:16"
"SJ66",0.890213248505451,1.00190153423314,0.89190601947228,5.00025649865468,"ok","2026-08-17 04:00:16"
"SJ67",0.867511870579994,1.00388752388869,0.870884343700594,5.08457828362783,"ok","2026-08-17 04:05:21"
"SJ68",0.881201850668897,1.00558360860464,0.886122136904716,5.37596989870071,"ok","2026-08-17 04:10:43"
"SJ69",0.883142683001295,1.00339465791445,0.886140650299733,4.55415418545405,"ok","2026-08-17 04:15:17"
"SJ70",0.872913191429161,1.00642712059998,0.87852350978379,7.13751263221105,"ok","2026-08-17 04:22:25"
"SJ71",0.895630677681091,1.00052255799887,0.896098696655744,7.58603156805038,"ok","2026-08-17 04:30:00"
"SJ72",0.918608160805537,0.995349443828864,0.914336121954447,6.63178316752116,"ok","2026-08-17 04:36:38"
"SJ73",0.86659960685935,1.00396045726174,0.870031737565359,7.62419178088506,"ok","2026-08-17 04:44:15"
"SJ74",0.90059724918487,1.00132898208757,0.901794126797155,8.55534688234329,"ok","2026-08-17 04:52:49"
"SJ75",0.886255380282634,1.00002355424793,0.886276255361592,6.68975513378779,"ok","2026-08-17 04:59:30"
"SJ76",0.896069598697924,1.00855742983897,0.903737651419614,4.70219408671061,"ok","2026-08-17 05:04:12"
"SJ77",0.876186642892003,1.00859524102011,0.883717678266263,6.90005891720454,"ok","2026-08-17 05:11:06"
"SJ78",0.858246421843734,0.99585948577119,0.854692840322265,5.32995630105337,"ok","2026-08-17 05:16:26"
"SJ79",0.841366363958906,0.992170032346691,0.834778492544525,5.41923888127009,"ok","2026-08-17 05:21:51"
"SJ80",0.867452026942488,1.00531364376395,0.872061357995978,5.68814209699631,"ok","2026-08-17 05:27:33"
"SJ81",0.92348239088337,0.999853253873233,0.92334687341937,5.62967106898626,"ok","2026-08-17 05:33:10"
"SJ82",0.913557081882648,0.994838477456953,0.908841736410151,5.95965938568115,"ok","2026-08-17 05:39:08"
"SJ83",0.884954793860581,1.00315632769673,0.887748001186795,7.76417423089345,"ok","2026-08-17 05:46:54"
"SJ84",0.810864542016627,0.99968579466894,0.810609764054757,5.70005103349686,"ok","2026-08-17 05:52:36"
"SJ85",0.863061553260178,0.997089463327153,0.86054958095849,9.53485618034999,"ok","2026-08-17 06:02:08"
"SJ86",0.879560740005694,1.00398261587904,0.883063692575422,10.9830892999967,"ok","2026-08-17 06:13:07"
"SJ87",0.84703494817089,1.0022897706616,0.848974463944565,7.06018346945445,"ok","2026-08-17 06:20:11"
"SJ88",0.802098372285237,1.00047017042786,0.802475495220123,4.40938928127289,"ok","2026-08-17 06:24:35"
"SJ89",0.791680816494705,1.01466253216069,0.803288861927561,7.26475715239843,"ok","2026-08-17 06:31:51"
"NS01",NA,NA,NA,0,"empty","2026-08-17 21:34:26"
"NS05",NA,NA,NA,0,"empty","2026-08-17 21:34:27"
"SJ90",0.854423765315808,1.00435769676071,0.8581470849902,5.75829233328501,"ok","2026-08-17 21:40:12"
"SJ91",0.864728028591583,0.999304864919936,0.864126925804195,11.4515181660652,"ok","2026-08-17 21:51:39"
"SJ92",0.866212581912579,0.994502931904626,0.861450952364736,6.24623028039932,"ok","2026-08-17 21:57:54"
"SJ93",0.89674905175956,0.999673400921099,0.89645617434525,6.79100644985835,"ok","2026-08-17 22:04:42"
"SJ94",0.869012059871857,0.995598968547696,0.86518751046393,6.14311558405558,"ok","2026-08-17 22:10:50"
"SJ95",0.857723316135042,0.991977696078254,0.850842399012239,8.01402099927266,"ok","2026-08-17 22:18:51"
"SJ96",0.892196467137354,0.999083675978892,0.891378926082968,11.9532192349434,"ok","2026-08-17 22:30:48"
"SJ97",0.875387344726844,0.99599551681623,0.8718818708256,12.8753450155258,"ok","2026-08-17 22:43:41"
"SJ98",0.837142793031484,0.992892671907548,0.831192944541178,10.6796946009,"ok","2026-08-17 22:54:22"
"SJ99",0.820651035772061,1.00717341001414,0.826537902130186,10.384729385376,"ok","2026-08-17 23:04:45"
"SK00",0.870183790730519,1.00591166825621,0.875328028623251,5.37054831584295,"ok","2026-08-17 23:10:07"
"SK01",0.819538863775563,1.00123241658815,0.820548877065917,8.53801664908727,"ok","2026-08-17 23:18:39"
"SK02",0.907300412392816,0.996691702519597,0.904298792724529,6.50155474742254,"ok","2026-08-17 23:25:10"
"SK03",0.903420305681915,1.00185647181494,0.90509748001646,8.06385006507238,"ok","2026-08-17 23:33:13"
"SK04",0.828814673887475,0.997415787374146,0.826672840542722,8.06726884841919,"ok","2026-08-17 23:41:17"
"SK05",0.923469041256845,0.993125623274739,0.91712076717313,9.76239099899928,"ok","2026-08-17 23:51:03"
"SK06",0.939643158245451,0.999384914916122,0.939065197754647,10.0395990689596,"ok","2026-08-18 00:01:06"
"SK07",0.887203190078985,0.995348440151713,0.883076311342741,9.54094238678614,"ok","2026-08-18 00:10:38"
"SK08",0.916578037347438,0.991384336941848,0.90868110981115,14.0201184988022,"ok","2026-08-18 00:24:39"
"SK09",0.925146619924279,1.00493377632329,0.929711086413237,14.568886868159,"ok","2026-08-18 00:39:13"
"SK10",0.896374654900249,1.00747373130729,0.903073918221638,12.151439499855,"ok","2026-08-18 00:51:23"
"SK11",0.917696440119447,1.0031756543273,0.92061072679066,6.5212820649147,"ok","2026-08-18 00:57:54"
"SK12",0.892443079149268,0.998962479383638,0.891517151055721,5.62131558259328,"ok","2026-08-18 01:03:31"
"SK13",0.911672572219048,1.0011298275504,0.912702605008082,6.97614978551865,"ok","2026-08-18 01:10:30"
"SK14",0.88148280742729,0.996638896287614,0.878520052290842,9.97677754958471,"ok","2026-08-18 01:20:28"
"SK15",0.910653226681678,0.992106179813462,0.903464693857962,8.41334646940231,"ok","2026-08-18 01:28:53"
"SK16",0.932358194336814,0.998832853220478,0.931269995472933,7.89715896844864,"ok","2026-08-18 01:36:47"
"SK17",0.919231283103753,0.994392210404093,0.914076427478131,9.32696224848429,"ok","2026-08-18 01:46:07"
"SK18",0.877620063268344,0.990036879824866,0.868876229109892,12.4065859834353,"ok","2026-08-18 01:58:31"
"SK19",0.9260561941713,1.00400635276986,0.929766301969867,10.7595388491948,"ok","2026-08-18 02:09:17"
"SK20",0.918952557906131,1.01011381821398,0.928246677024065,6.08762723207474,"ok","2026-08-18 02:15:22"
"SK21",0.915289333620363,1.00617295344506,0.920939372065565,6.35543228387833,"ok","2026-08-18 02:21:43"
"SK22",0.887854503336265,1.00235416753616,0.889944661584855,6.98027295271556,"ok","2026-08-18 02:28:42"
"SK23",0.920018075630723,1.00490248173391,0.924528447441372,6.70134126742681,"ok","2026-08-18 02:35:24"
"SK24",0.887528637572512,1.00067037191294,0.888123611843072,8.92027246952057,"ok","2026-08-18 02:44:19"
"SK25",0.886056064993581,0.996319450204988,0.8827948915252,8.7308161854744,"ok","2026-08-18 02:53:03"
"SK26",0.831144739378811,1.00321450061389,0.833816454653776,8.71179230213165,"ok","2026-08-18 03:01:46"
"SK27",0.863401857600838,0.998868087041417,0.862424561849755,10.3957997163137,"ok","2026-08-18 03:12:10"
"SK28",0.903148697179796,0.98887512222687,0.893101278312708,9.17663923501968,"ok","2026-08-18 03:21:20"
"SK29",0.863833874118708,0.994953752529009,0.859474754616079,9.93144713242849,"ok","2026-08-18 03:31:16"
"SK30",0.938422129850823,1.00608471840868,0.944132164259438,6.87383891741435,"ok","2026-08-18 03:38:09"
"SK31",0.882906760142225,1.0024557897462,0.885074993510632,6.23999071915944,"ok","2026-08-18 03:44:23"
"SK32",0.880584370425247,0.99909058813302,0.879783556548905,8.05004896322886,"ok","2026-08-18 03:52:26"
"SK33",0.838795629665154,1.0065232980138,0.844267343530134,5.59005964994431,"ok","2026-08-18 03:58:02"
"SK34",0.8634762011142,1.00290143662917,0.865981522592527,7.9902058839798,"ok","2026-08-18 04:06:01"
"SK35",0.843875528396837,0.999140798910897,0.843150469623771,7.80451374848684,"ok","2026-08-18 04:13:49"
"SK36",0.851765178003633,1.00282482228891,0.854171263263371,7.66795093218485,"ok","2026-08-18 04:21:29"
"SK37",0.834754999672682,0.999075305416802,0.833983106246187,8.53230005105337,"ok","2026-08-18 04:30:01"
"SK38",0.752474688368276,0.995469753159942,0.749065792289072,6.95794091622035,"ok","2026-08-18 04:36:59"
"SK39",0.794400351721099,1.00222494238648,0.796167846735475,8.31629761457443,"ok","2026-08-18 04:45:18"
"SK40",0.905402373524588,1.00258233057018,0.907740421752055,6.74922218322754,"ok","2026-08-18 04:52:03"
"SK41",0.8558414138221,0.999126703920476,0.855094010870715,8.08972231547038,"ok","2026-08-18 05:00:08"
"SK42",0.908239596962379,0.996166370408399,0.904757742767199,6.50728363593419,"ok","2026-08-18 05:06:39"
"SK43",0.885265142093428,1.00517463206052,0.889846063479769,6.46162666877111,"ok","2026-08-18 05:13:06"
"SK44",0.866723433769654,1.00237260526603,0.868779826352807,6.35991174777349,"ok","2026-08-18 05:19:28"
"SK45",0.867867944855387,0.999516168617739,0.867448043108008,6.32638750076294,"ok","2026-08-18 05:25:48"
"SK46",0.896738384944205,1.00070106129506,0.897367053517681,7.11688450177511,"ok","2026-08-18 05:32:55"
"SK47",0.889201193602634,0.997941448104381,0.887370726799957,7.8900829633077,"ok","2026-08-18 05:40:48"
"SK48",0.86291344543787,0.995304096907795,0.858861287521133,7.49904479980469,"ok","2026-08-18 05:48:18"
"SK49",0.844356069280221,0.996029043535304,0.841003168088407,6.69822049935659,"ok","2026-08-18 05:55:00"
"SK50",0.822272519466514,1.00432228288663,0.825826613905552,6.23058139880498,"ok","2026-08-18 06:01:14"
"SK51",0.840377643586028,1.00083517755356,0.841079508130461,8.69482958316803,"ok","2026-08-18 06:09:56"
"SK52",0.913763988191516,0.998137392383446,0.912062004427378,6.8694459994634,"ok","2026-08-18 06:16:48"
"SK53",0.848179659497072,1.00776710056049,0.85476755620575,6.18268719911575,"ok","2026-08-18 06:22:59"
"SK54",0.818245059902854,1.00584044083691,0.823023971765314,6.1413009484609,"ok","2026-08-18 06:29:07"
"SK55",0.821289640356902,1.00404728772772,0.824613635839224,6.94330629905065,"ok","2026-08-18 06:36:04"
"SK56",0.846931007542602,1.00641056779468,0.852360316183874,7.12629075050354,"ok","2026-08-18 06:43:11"
"SK57",0.846933404317881,1.00483747182137,0.851030420795849,7.02276285092036,"ok","2026-08-18 06:50:13"
"SK58",0.89173148269684,1.0033594255877,0.894727188257169,7.54976896842321,"ok","2026-08-18 06:57:46"
"SK59",0.896694447688303,1.00521766794702,0.901373101566281,7.66471301714579,"ok","2026-08-18 07:05:26"
"SK60",0.880811302633993,0.999451989980497,0.880328609214858,6.36456333001455,"ok","2026-08-18 07:11:48"
"SK61",0.93033234422435,0.995790322087355,0.92641594470345,6.76078801552455,"ok","2026-08-18 07:18:33"
"SK62",0.936749259171964,0.993208208412787,0.930387053434193,7.15835710366567,"ok","2026-08-18 07:25:43"
"SK63",0.916716683869537,1.00193787105975,0.918493162601196,6.34094266494115,"ok","2026-08-18 07:32:03"
"SK64",0.896299909231293,1.00081217655973,0.897027863008057,7.29183125098546,"ok","2026-08-18 07:39:21"
"SK65",0.905134270731909,1.00007457965397,0.905201775332612,6.81798673470815,"ok","2026-08-18 07:46:10"
"SK66",0.835609624056565,0.999991240652842,0.835602304661779,5.953127348423,"ok","2026-08-18 07:52:07"
"SK67",0.81856328457966,0.999656627391926,0.818282212369761,6.10009211301804,"ok","2026-08-18 07:58:13"
"SK68",0.904750352643125,0.999409523583761,0.904216118897305,5.63739265203476,"ok","2026-08-18 08:03:51"
"SK69",0.90293360377483,0.998158901668817,0.901271214223751,6.10350236495336,"ok","2026-08-18 08:09:58"
"SK70",0.915366845259749,1.00192211034781,0.917126281345066,6.36902453502019,"ok","2026-08-18 08:16:20"
"SK71",0.934152320679729,0.997920668127382,0.93220990798546,8.68676081498464,"ok","2026-08-18 08:25:01"
"SK72",0.943681184352386,0.995248371820486,0.939197162244339,7.36129158337911,"ok","2026-08-18 08:32:23"
"SK73",0.949590073906037,1.00423744351584,0.953613908207415,11.378025786082,"ok","2026-08-18 08:43:45"
"SK74",0.947824037466746,1.00369158134181,0.951323006998772,6.29401923020681,"ok","2026-08-18 08:50:03"
"SK75",0.93116496055818,1.00380617863479,0.934709140736525,7.59588491916656,"ok","2026-08-18 08:57:39"
"SK76",0.942860294082666,1.00474633991848,0.947335429534022,7.25080788135529,"ok","2026-08-18 09:04:54"
"SK77",0.94571497468762,1.00553044868163,0.950945202822582,9.35665125052134,"ok","2026-08-18 09:14:15"
"SK78",0.947179725719983,0.996850234357373,0.944196331562517,11.9778730312983,"ok","2026-08-18 09:26:14"
"SK79",0.960053753645626,0.994081704515831,0.954371871850865,8.07087606588999,"ok","2026-08-18 09:34:18"
"SK80",0.910295902259758,1.00108546829507,0.91128399960079,7.61660449902217,"ok","2026-08-18 09:41:55"
"SK81",0.942714784779936,0.996720842668496,0.939623474681907,9.14632863203684,"ok","2026-08-18 09:51:04"
"SK82",0.947066313337052,0.993844076065377,0.941236245151104,14.3690917491913,"ok","2026-08-18 10:05:26"
"SK83",0.916702351252856,0.999424330870856,0.916174634008627,8.59350366592407,"ok","2026-08-18 10:14:02"
"SK84",0.963272613209127,0.999224194956968,0.962525301457985,6.72769654989243,"ok","2026-08-18 10:20:45"
"SK85",0.923333717486947,0.999925383100376,0.923264821187629,6.38478581508001,"ok","2026-08-18 10:27:09"
"SK86",0.931485659738603,0.999453133768034,0.930976261685732,5.90829023520152,"ok","2026-08-18 10:33:03"
"SK87",0.945261550236829,1.00111660155034,0.946317030749299,12.7626917163531,"ok","2026-08-18 10:45:49"
"SK88",0.946507215417361,1.00295168469206,0.949301006276032,7.00710221529007,"ok","2026-08-18 10:52:49"
"SK89",0.911980294147475,1.00109850046073,0.912982104920772,5.52419301668803,"ok","2026-08-18 10:58:21"
"SK90",0.926331316021339,1.0021089831004,0.928284933112199,7.7265220006307,"ok","2026-08-18 11:06:04"
"SK91",0.899017894770499,0.997436782057056,0.896713515971595,6.13538539807002,"ok","2026-08-18 11:12:12"
"SK92",0.919364909179539,0.994392817837017,0.914209862659514,5.69534558455149,"ok","2026-08-18 11:17:54"
"SK93",0.909975457111916,0.997403111072221,0.907612351922791,6.67953403393428,"ok","2026-08-18 11:24:35"
"SK94",0.949297342766542,0.997372602175993,0.946803160993821,8.68645458221436,"ok","2026-08-18 11:33:16"
"SK95",0.964370610661582,0.998418858781485,0.962845804539141,9.06436116695404,"ok","2026-08-18 11:42:20"
"SK96",0.912134696308738,0.995376899853591,0.907917806260689,6.74354956547419,"ok","2026-08-18 11:49:05"
"SK97",0.915965350523042,0.997618929529531,0.913784372474939,9.0017248471578,"ok","2026-08-18 11:58:05"
"SK98",0.963917204989161,1.0000767034049,0.963991140720825,6.88591823577881,"ok","2026-08-18 12:04:58"
"SK99",0.961920449796747,0.993619075932183,0.955782508447313,6.14867393175761,"ok","2026-08-18 12:11:07"
"SM70",0.973980110282322,0.996322123930375,0.970397932142424,1.54714694817861,"ok","2026-08-18 12:12:40"
"SM71",0.96565360857611,0.997002386137935,0.962758951933089,0.339260768890381,"ok","2026-08-18 12:13:00"
"SM72",0.979474525805238,1.0010242938569,0.980477795545014,1.71371111869812,"ok","2026-08-18 12:14:43"
"SM73",0.976031956048787,1.00023892945274,0.976265158829901,0.446804364522298,"ok","2026-08-18 12:15:10"
"SM80",0.966483656064011,0.995678689751518,0.962307180336071,3.92317023277283,"ok","2026-08-18 12:19:05"
"SM81",0.977570501284574,0.995971042794549,0.973631911569587,1.76856913169225,"ok","2026-08-18 12:20:51"
"SM82",0.976010283989628,1.00630186737673,0.982160971357652,4.39218769868215,"ok","2026-08-18 12:25:15"
"SM83",0.971926730967834,0.99539697861352,0.967452931439098,2.42712638378143,"ok","2026-08-18 12:27:41"
"SM84",0.972925041379423,0.992060621033958,0.96520062077036,0.370447130997976,"ok","2026-08-18 12:28:03"
"SM90",0.942701478923897,0.99293215828756,0.936038614088779,5.61460946798325,"ok","2026-08-18 12:33:40"
"SM91",0.943104415878146,0.992588798041409,0.936114878584033,4.66585371891658,"ok","2026-08-18 12:38:20"
"SM92",0.940144650463018,1.00175145580445,0.941791272268092,6.25921848217646,"ok","2026-08-18 12:44:35"
"SM93",0.940090368553824,0.99839773787642,0.938584097363548,4.93540481726329,"ok","2026-08-18 12:49:31"
"SM94",0.92775269482884,0.993378698821665,0.921609764817366,0.361400997638702,"ok","2026-08-18 12:49:53"
"SN00",0.94481261707958,0.998508114256774,0.94340306460614,4.46251969734828,"ok","2026-08-18 12:54:21"
"SN01",0.920797928936884,0.997231358898032,0.918248569944222,5.41331294775009,"ok","2026-08-18 12:59:46"
"SN02",0.934973282020474,1.00928696551599,0.943656346648968,11.0281550526619,"ok","2026-08-18 13:10:47"
"SN03",0.95926449057742,1.00411614229587,0.963212959720016,4.54106589953105,"ok","2026-08-18 13:15:20"
"SN04",0.967905239229668,0.997064014453349,0.965063483436762,1.46543153524399,"ok","2026-08-18 13:16:48"
"SN10",0.910354784942713,0.994052354174385,0.90494031710622,4.29567416906357,"ok","2026-08-18 13:21:05"
"SN11",0.944594041745013,0.991637772631879,0.93669513159737,6.3597100019455,"ok","2026-08-18 13:27:27"
"SN12",0.929974442466944,1.00193044305432,0.931769705170095,6.47891360123952,"ok","2026-08-18 13:33:56"
"SN13",0.952088851010359,0.994759633259577,0.947099556261597,2.90304185152054,"ok","2026-08-18 13:36:50"
"SN14",0.946958652578077,0.985510349172485,0.933237552354126,4.36635818084081,"ok","2026-08-18 13:41:12"
"SN15",0.986293466170338,1.01368273581481,0.999788659103816,0.751511367162069,"ok","2026-08-18 13:41:57"
"SN20",0.957797719396206,1.00237659700249,0.960074018585117,3.0379741470019,"ok","2026-08-18 13:44:59"
"SN21",0.939437964780262,0.998559843777904,0.938085027350011,8.07401514848073,"ok","2026-08-18 13:53:04"
"SN22",0.931096075201589,1.01591317271099,0.945912767856794,4.3940550327301,"ok","2026-08-18 13:57:27"
"SN23",0.936281648569521,1.00636851106225,0.942244368605818,2.31755976676941,"ok","2026-08-18 13:59:46"
"SN24",0.931619349196746,0.994633251948718,0.926619582869908,4.13088386853536,"ok","2026-08-18 14:03:54"
"SN25",0.939664006981978,1.02659914419317,0.964658265396827,1.17206743558248,"ok","2026-08-18 14:05:05"
"SN30",0.958258156566197,0.994948748980228,0.953417754075637,5.98460463285446,"ok","2026-08-18 14:11:04"
"SN31",0.952470103494265,0.989634712751228,0.942597477275679,7.54871690273285,"ok","2026-08-18 14:18:37"
"SN32",0.924993580296766,1.00495485693934,0.929576791156943,7.34647011359533,"ok","2026-08-18 14:25:57"
"SN33",0.876122149771576,0.993365855557908,0.870309828881075,2.96476903359095,"ok","2026-08-18 14:28:55"
"SN34",0.916952919137451,0.979590063474363,0.898237968260858,4.75842636823654,"ok","2026-08-18 14:33:41"
"SN35",0.934383751661923,1.00895727140928,0.94275328052598,3.90145476659139,"ok","2026-08-18 14:37:35"
"SN36",0.961682014768387,0.993515698171162,0.955446178321264,0.354720532894135,"ok","2026-08-18 14:37:56"
"SN40",0.941875018005818,1.00138432674204,0.9431788807809,9.49367858171463,"ok","2026-08-18 14:47:26"
"SN41",0.957441506433578,0.994659493778875,0.952328284112106,7.277736667792,"ok","2026-08-18 14:54:43"
"SN42",0.924359965178483,1.01273774702625,0.936134228576119,5.85467858314514,"ok","2026-08-18 15:00:34"
"SN43",0.958123816729139,0.999283757633275,0.95743756785903,10.6910531481107,"ok","2026-08-18 15:11:15"
"SN44",0.927736252650684,0.983667175195414,0.912583698971277,5.77666796843211,"ok","2026-08-18 15:17:02"
"SN45",0.955555262741602,1.01730758983091,0.972093621289901,4.2080025990804,"ok","2026-08-18 15:21:14"
"SN46",0.963784067656909,1.00018483575335,0.963962209411122,2.86231936613719,"ok","2026-08-18 15:24:06"
"SN50",0.922864286489077,1.00080028376146,0.923602839791586,7.40441371997197,"ok","2026-08-18 15:31:30"
"SN51",0.917338193659848,0.993055356135317,0.910967606601408,5.0607941309611,"ok","2026-08-18 15:36:34"
"SN52",0.911902216609328,1.02384533609804,0.933646831452925,6.74851719935735,"ok","2026-08-18 15:43:19"
"SN53",0.869054323824294,1.00915814561291,0.877013249867409,3.13959225018819,"ok","2026-08-18 15:46:27"
"SN54",0.939218747120204,0.992357477350218,0.932040746572238,7.71475163300832,"ok","2026-08-18 15:54:10"
"SN55",0.947630965449335,1.0357781228197,0.981535422518935,7.88484805027644,"ok","2026-08-18 16:02:03"
"SN56",0.964378882885041,1.01723633842032,0.981001243675861,9.27764668464661,"ok","2026-08-18 16:11:20"
"SN57",0.965101642344611,0.968063012603801,0.934279203357001,3.69857346614202,"ok","2026-08-18 16:15:02"
"SN58",0.956839187340052,1.00254592785062,0.959275230875662,1.86400465170542,"ok","2026-08-18 16:16:54"
"SN59",0.996197408492846,0.990122081526116,0.986357051707859,1.10954553286235,"ok","2026-08-18 16:18:00"
"SN60",0.938581693686754,0.99143422937302,0.930542018183951,8.34240430196126,"ok","2026-08-18 16:26:21"
"SN61",0.910201856382636,0.983316999803917,0.895016958634129,8.44605988264084,"ok","2026-08-18 16:34:48"
"SN62",0.903682609725269,1.01346348650326,0.915849328344536,6.91943581501643,"ok","2026-08-18 16:41:43"
"SN63",0.925067768519922,0.998711767637832,0.923876066283316,3.58986035188039,"ok","2026-08-18 16:45:18"
"SN64",0.933677477930229,0.981965778931767,0.916839331886805,3.77381918430328,"ok","2026-08-18 16:49:05"
"SN65",0.93960271014937,1.02474830626771,0.962856285790118,9.20812751849492,"ok","2026-08-18 16:58:17"
"SN66",0.960225681509411,1.00601125834315,0.96599784614869,6.20870959758759,"ok","2026-08-18 17:04:30"
"SN67",0.933681771703068,0.988594858746294,0.923032999210784,12.0950263698896,"ok","2026-08-18 17:16:36"
"SN68",0.952623626248417,1.02385577889256,0.975349204844026,11.016909400622,"ok","2026-08-18 17:27:37"
"SN69",0.950359093483986,1.01032985843885,0.960176168385754,13.1461256305377,"ok","2026-08-18 17:40:45"
"SN70",0.888039988097453,0.999460906690275,0.887561251681102,10.7873653332392,"ok","2026-08-18 17:51:33"
"SN71",0.937635455989861,0.991452772871264,0.929621272783559,3.90126721858978,"ok","2026-08-18 17:55:27"
"SN72",0.92615914979722,1.01547117159149,0.940487916924761,6.373863697052,"ok","2026-08-18 18:01:49"
"SN73",0.922456312484758,1.00140730571584,0.923754490525934,11.1666486501694,"ok","2026-08-18 18:12:59"
"SN74",0.888980601865894,0.985461736195413,0.876056367358807,3.18158371845881,"ok","2026-08-18 18:16:10"
"SN75",0.96420305798856,1.01092852808889,0.974740378191184,0.881855817635854,"ok","2026-08-18 18:17:03"
"SN76",0.969218012000258,0.992934297789809,0.962369806150711,8.37264473438263,"ok","2026-08-18 18:25:25"
"SN77",0.893447198979674,0.975850823210342,0.871871184619288,8.88954081535339,"ok","2026-08-18 18:34:19"
"SN78",0.941909932290812,1.00734443139554,0.948827725169297,2.64787848393122,"ok","2026-08-18 18:36:58"
"SN79",0.861704518931213,0.993858597142733,0.856412444336529,4.57146530151367,"ok","2026-08-18 18:41:32"
"SN80",0.799089264237135,0.991762890768529,0.792507078681918,7.46908684968948,"ok","2026-08-18 18:49:00"
"SN81",0.930203174724703,0.984508019407109,0.915792485194422,12.028215833505,"ok","2026-08-18 19:01:02"
"SN82",0.942520737601475,1.00956581799327,0.951536719432251,6.4585976322492,"ok","2026-08-18 19:07:29"
"SN83",0.936023728469388,0.99716253725422,0.93336779601069,3.31425069967906,"ok","2026-08-18 19:10:48"
"SN84",0.890704868090417,0.983038719284763,0.875597372788307,2.87190658251445,"ok","2026-08-18 19:13:41"
"SN85",0.89765074644944,1.01017613996372,0.906785366083849,3.03026663462321,"ok","2026-08-18 19:16:42"
"SN86",0.956641579619748,0.993664911680522,0.950581170722772,4.99470738569895,"ok","2026-08-18 19:21:42"
"SN87",0.944486709955134,0.977523808151358,0.923258245463689,3.52955218156179,"ok","2026-08-18 19:25:14"
"SN88",0.863041683454928,1.0094880151579,0.871230236029451,3.81276310284932,"ok","2026-08-18 19:29:03"
"SN89",0.910276994734204,0.996095813315776,0.906723103412407,2.71232861677806,"ok","2026-08-18 19:31:45"
"SN90",0.899090668444698,0.994447574500712,0.894098534491054,6.99840145111084,"ok","2026-08-18 19:38:45"
"SN91",0.937769496489579,0.988234281014372,0.926735964120589,11.5324345628421,"ok","2026-08-18 19:50:17"
"SN92",0.944000259815495,1.01295197038312,0.956226923222287,11.6708246866862,"ok","2026-08-18 20:01:58"
"SN93",0.961005418365704,1.00266803464234,0.963569414113384,10.3318555672963,"ok","2026-08-18 20:12:17"
"SN94",0.974095517109791,0.990849031046093,0.965181599274579,4.32891279856364,"ok","2026-08-18 20:16:37"
"SN95",0.942102378074813,1.01461032500493,0.9558668000064,6.1387712319692,"ok","2026-08-18 20:22:46"
"SN96",0.931932258373636,1.00016427340165,0.932085350055824,5.02423266967138,"ok","2026-08-18 20:27:47"
"SN97",0.941887978289764,0.985472196409297,0.928204414736726,5.13741586605708,"ok","2026-08-18 20:32:55"
"SN98",0.868934607505019,1.00252815269831,0.871131406877637,8.35787098407745,"ok","2026-08-18 20:41:17"
"SN99",0.883104862551287,0.989610529846127,0.87392987093907,6.98664995034536,"ok","2026-08-18 20:48:16"
"SO00",0.879271284277533,0.989021884335285,0.869618542418071,8.28840584754944,"ok","2026-08-18 20:56:33"
"SO01",0.905616683055924,0.9840494237898,0.891171575135612,8.75279984871546,"ok","2026-08-18 21:05:19"
"SO02",0.923876577075612,1.0105423227522,0.933616382134342,10.3934569001198,"ok","2026-08-18 21:15:42"
"SO03",0.950146381533278,1.00264306495968,0.952657680140872,5.4863790512085,"ok","2026-08-18 21:21:11"
"SO04",0.92648328358898,0.993460616976671,0.92042465453288,5.58599664767583,"ok","2026-08-18 21:26:47"
"SO05",0.954488274300672,1.02003126664036,0.973607883428288,9.10705853303273,"ok","2026-08-18 21:35:53"
"SO06",0.948344243615847,1.00798995773569,0.955921474041227,8.61634420156479,"ok","2026-08-18 21:44:30"
"SO07",0.907254851379651,0.995184911001193,0.902886338525659,5.00395991802216,"ok","2026-08-18 21:49:30"
"SO08",0.8882580017116,1.01384768719084,0.900558320664061,5.81572998364766,"ok","2026-08-18 21:55:19"
"SO09",0.921143992072238,1.00148005689351,0.922507337587616,6.94124238491058,"ok","2026-08-18 22:02:16"
"SO10",0.902756459025535,0.996302313876896,0.899418348994453,8.48404333591461,"ok","2026-08-18 22:10:45"
"SO11",0.931285708647218,0.992392066025333,0.924200548464279,8.11198184887568,"ok","2026-08-18 22:18:52"
"SO12",0.962870260002177,1.00416454698329,0.966880178438769,11.4204400499662,"ok","2026-08-18 22:30:17"
"SO13",0.953071684411026,0.998478982114117,0.951622045332508,10.9168609976768,"ok","2026-08-18 22:41:12"
"SO14",0.922947567077066,0.991750714152912,0.915333908774373,5.91571830113729,"ok","2026-08-18 22:47:07"
"SO15",0.92412458013826,1.01511092059135,0.938088953285249,8.24512231747309,"ok","2026-08-18 22:55:21"
"SO16",0.925641237382707,1.0055382392449,0.930767660010274,8.83957899808884,"ok","2026-08-18 23:04:12"
"SO17",0.942941797605241,0.994877740268203,0.938111804805939,4.46938518285751,"ok","2026-08-18 23:08:40"
"SO18",0.903801831927494,1.00569172229475,0.908946020964313,6.33633434772491,"ok","2026-08-18 23:15:00"
"SO19",0.923200976369826,0.994368500901819,0.91800197090396,6.21728179852168,"ok","2026-08-18 23:21:13"
"SO20",0.883446328544716,1.00132948497992,0.884620857169085,6.60896278222402,"ok","2026-08-18 23:27:50"
"SO21",0.928777136385158,0.998179449042217,0.927086250279944,8.10228936672211,"ok","2026-08-18 23:35:56"
"SO22",0.916057486077512,1.00480987108885,0.920463604495519,9.69641644954681,"ok","2026-08-18 23:45:38"
"SO23",0.901522352604607,1.00074521482092,0.902194180423158,10.0436498324076,"ok","2026-08-18 23:55:40"
"SO24",0.884407115160405,0.995884806477587,0.880767608728921,11.169807600975,"ok","2026-08-19 00:06:51"
"SO25",0.886936121776303,1.00696608643385,0.8931145954619,9.49344710111618,"ok","2026-08-19 00:16:20"
"SO26",0.885581408086205,0.999463913420969,0.885106659778691,8.78092820247014,"ok","2026-08-19 00:25:07"
"SO27",0.893718278957248,0.990779062136025,0.885477358239084,7.32568470239639,"ok","2026-08-19 00:32:27"
"SO28",0.881564528703731,1.00266019353139,0.883909660960492,8.8178289492925,"ok","2026-08-19 00:41:16"
"SO29",0.907319169521711,0.992450692104408,0.900469537751418,13.8333449522654,"ok","2026-08-19 00:55:06"
"SO30",0.948312856426726,0.998392494216279,0.946788438025243,6.34615481694539,"ok","2026-08-19 01:01:27"
"SO31",0.96944634772817,0.995631906981378,0.96521171590473,9.8016305009524,"ok","2026-08-19 01:11:15"
"SO32",0.895188782479142,1.00290000572826,0.897784835076202,11.9681991179784,"ok","2026-08-19 01:23:13"
"SO33",0.849274321602245,0.999762199476478,0.849072363723954,10.268791270256,"ok","2026-08-19 01:33:29"
"SO34",0.876111694946281,0.996072407547104,0.872670685265317,11.6916339675585,"ok","2026-08-19 01:45:11"
"SO35",0.899778081594122,1.00854384377092,0.907465644951763,11.0208264152209,"ok","2026-08-19 01:56:12"
"SO36",0.837405652169554,1.0025320917299,0.839526040095986,9.79980994860331,"ok","2026-08-19 02:06:00"
"SO37",0.837590769157183,0.995209908718383,0.83357863291628,8.65777001778285,"ok","2026-08-19 02:14:39"
"SO38",0.848055766621819,1.00845329587039,0.855224632931661,11.5682840824127,"ok","2026-08-19 02:26:13"
"SO39",0.88931307774633,0.999241117700234,0.888638193792677,11.3837062001228,"ok","2026-08-19 02:37:36"
"SO40",0.969083657863271,1.00149260736294,0.970530119266298,11.6569815158844,"ok","2026-08-19 02:49:16"
"SO41",0.929486671190031,0.998667770203282,0.928248381351019,9.40313056707382,"ok","2026-08-19 02:58:40"
"SO42",0.863000224434696,1.00166558851968,0.864437627700994,11.1174808184306,"ok","2026-08-19 03:09:47"
"SO43",0.896609091575412,0.998785439318275,0.895520105425907,10.4745534857114,"ok","2026-08-19 03:20:16"
"SO44",0.869006239418152,0.995523163030512,0.865115840158809,10.4992205500603,"ok","2026-08-19 03:30:46"
"SO45",0.905424723182659,1.00663795939954,0.911434895734488,9.77116143306096,"ok","2026-08-19 03:40:32"
"SO46",0.840293538099748,1.00143879817962,0.84150255091271,9.90438944896062,"ok","2026-08-19 03:50:26"
"SO47",0.844302005709951,0.995011215576532,0.840089965015163,10.0623596986135,"ok","2026-08-19 04:00:30"
"SO48",0.861006470489733,1.00619888675703,0.866343752097372,12.5481174667676,"ok","2026-08-19 04:13:03"
"SO49",0.879593665891163,0.997938935595089,0.87778076669561,9.50455886522929,"ok","2026-08-19 04:22:33"
"SO50",0.759431082210109,1.00026366911674,0.759631320732784,6.96370990276337,"ok","2026-08-19 04:29:31"
"SO51",0.757870824405077,0.997126737935421,0.755693262915463,7.32929928302765,"ok","2026-08-19 04:36:51"
"SO52",0.913303612062159,0.999833435522213,0.913151488122955,9.35955128272374,"ok","2026-08-19 04:46:12"
"SO53",0.842833385754691,0.996690977755798,0.840044431333072,10.6910682479541,"ok","2026-08-19 04:56:54"
"SO54",0.911541670551004,0.99324171021799,0.905381207793043,8.43640344937642,"ok","2026-08-19 05:05:20"
"SO55",0.884116834681491,1.00426517521498,0.887887747891922,8.3934375166893,"ok","2026-08-19 05:13:44"
"SO56",0.889466806143841,0.999238985031583,0.888789908590456,8.16028091510137,"ok","2026-08-19 05:21:53"
"SO57",0.900258374731796,0.993240786611166,0.894173336271899,16.4241628527641,"ok","2026-08-19 05:38:19"
"SO58",0.903220187781167,1.00506214614306,0.907792420371076,16.7684593002001,"ok","2026-08-19 05:55:05"
"SO59",0.879211247516476,0.997597191584412,0.877098671331864,8.996504231294,"ok","2026-08-19 06:04:05"
"SO60",0.787268212471135,1.00091980929339,0.787992349089356,8.5837131023407,"ok","2026-08-19 06:12:40"
"SO61",0.698457629029926,0.997360461988099,0.696614023568399,6.02396808067958,"ok","2026-08-19 06:18:41"
"SO62",0.831604661086515,1.0033564608751,0.834395909595004,11.4233308990796,"ok","2026-08-19 06:30:07"
"SO63",0.871758285348917,0.999607051511276,0.871415729248156,10.0638962666194,"ok","2026-08-19 06:40:11"
"SO64",0.892960578090612,0.995519199678524,0.888959400045238,7.87862973213196,"ok","2026-08-19 06:48:03"
"SO65",0.871348840405705,1.00330616330905,0.874229661971241,7.29131968418757,"ok","2026-08-19 06:55:21"
"SO66",0.866913492325838,0.997990942767029,0.865171813503721,7.98015039761861,"ok","2026-08-19 07:03:20"
"SO67",0.857839141110623,0.992065285988894,0.851032432858377,12.5179054498672,"ok","2026-08-19 07:15:51"
"SO68",0.877997807523174,1.00253511624331,0.880223634026619,12.8512466351191,"ok","2026-08-19 07:28:42"
"SO69",0.873505903503359,0.995704173893089,0.869753474038548,7.5171125014623,"ok","2026-08-19 07:36:13"
"SO70",0.936346688055558,0.996332886013315,0.932912998019403,14.4821706652641,"ok","2026-08-19 07:50:42"
"SO71",0.922947471715908,0.992378927653602,0.915913622262036,12.5621721148491,"ok","2026-08-19 08:03:16"
"SO72",0.888091226832124,1.00398837586453,0.891633268446724,12.0174640337626,"ok","2026-08-19 08:15:17"
"SO73",0.861650179624106,0.999539847483524,0.86125368912563,10.8327133655548,"ok","2026-08-19 08:26:07"
"SO74",0.822926658449621,0.994654214029798,0.818527468664376,11.0969523866971,"ok","2026-08-19 08:37:12"
"SO75",0.850673217544997,1.00484040529597,0.854790820692346,8.12516010204951,"ok","2026-08-19 08:45:20"
"SO76",0.838185576621522,0.999019674016849,0.837363881522057,9.02228073279063,"ok","2026-08-19 08:54:21"
"SO77",0.757922288610806,0.992943332407976,0.752573882959493,5.99301091829936,"ok","2026-08-19 09:00:21"
"SO78",0.861976889082806,1.00430103628804,0.8656842829622,7.59816966454188,"ok","2026-08-19 09:07:57"
"SO79",0.870303948679033,0.997942486733637,0.868513286758858,6.9362912495931,"ok","2026-08-19 09:14:53"
"SO80",0.802706982109391,0.99819246099651,0.801256057930855,7.36500746806463,"ok","2026-08-19 09:22:15"
"SO81",0.847454682093106,0.993844273300299,0.842237982679759,10.5301368991534,"ok","2026-08-19 09:32:47"
"SO82",0.924773712292041,1.00493156528515,0.929334294228196,7.65180539687475,"ok","2026-08-19 09:40:26"
"SO83",0.923486199358085,0.999800709069475,0.923302156934087,7.00492768287659,"ok","2026-08-19 09:47:26"
"SO84",0.907393440495821,0.994157819134409,0.902092283900193,5.97559684912364,"ok","2026-08-19 09:53:25"
"SO85",0.8662865835701,1.00363240505421,0.869433287334655,5.4912392338117,"ok","2026-08-19 09:58:54"
"SO86",0.873967667941504,0.997297386500004,0.871605671123565,6.61137034893036,"ok","2026-08-19 10:05:31"
"SO87",0.847955191137791,0.990997359120311,0.84032135506991,6.08383768399557,"ok","2026-08-19 10:11:36"
"SO88",0.817576120786319,1.00241728097344,0.819552431987433,7.62992251714071,"ok","2026-08-19 10:19:14"
"SO89",0.876041429760788,0.996370188640294,0.872861564627469,7.59282518625259,"ok","2026-08-19 10:26:49"
"SO90",0.829191587371552,0.998420643858736,0.827881998545752,6.22725193500519,"ok","2026-08-19 10:33:03"
"SO91",0.834022842600101,0.993766744849911,0.828824165421172,7.17138376633326,"ok","2026-08-19 10:40:13"
"SO92",0.880206317338906,1.00597652623067,0.885466893482887,13.89491639932,"ok","2026-08-19 10:54:07"
"SO93",0.924509700185885,1.00029352029555,0.924781062546326,13.7868548313777,"ok","2026-08-19 11:07:54"
"SO94",0.917610450258362,0.994055532662601,0.912155744908345,14.1378473997116,"ok","2026-08-19 11:22:03"
"SO95",0.916295457672197,1.00493167305719,0.920814327293229,5.70626579920451,"ok","2026-08-19 11:27:45"
"SO96",0.902630745228959,0.998162526047794,0.900972184746141,8.13393725156784,"ok","2026-08-19 11:35:53"
"SO97",0.842051350825507,0.991624731030404,0.834998944276132,9.30555373430252,"ok","2026-08-19 11:45:11"
"SO98",0.801719735094187,1.00286630346453,0.804017707148467,7.66064793268839,"ok","2026-08-19 11:52:51"
"SO99",0.796706123443788,0.997093143847675,0.79439021334726,5.78860586484273,"ok","2026-08-19 11:58:38"
"SP00",0.893630522477462,1.00127817626889,0.89477273980445,7.45304741859436,"ok","2026-08-19 12:06:05"
"SP01",0.865895541121964,0.996403034040141,0.862780944335754,7.41977738539378,"ok","2026-08-19 12:13:31"
"SP02",0.87481477615843,1.00833399986563,0.882105482385386,7.07714166641235,"ok","2026-08-19 12:20:35"
"SP03",0.908466602140053,1.00226922887917,0.910528120789393,13.7169080853462,"ok","2026-08-19 12:34:18"
"SP04",0.915583222122384,0.995647356931282,0.911598015156779,7.52605703274409,"ok","2026-08-19 12:41:50"
"SP05",0.892287677855879,1.0061981581386,0.897818217988354,6.78062616586685,"ok","2026-08-19 12:48:37"
"SP06",0.834951231449507,0.999162773541845,0.834252188187268,5.97935485045115,"ok","2026-08-19 12:54:36"
"SP07",0.830229074072711,0.992481361687789,0.823986881948477,6.8862818479538,"ok","2026-08-19 13:01:29"
"SP08",0.746681061810391,1.00378022920858,0.749503687369737,5.66452906529109,"ok","2026-08-19 13:07:09"
"SP09",0.796056118103234,0.998256422849912,0.794668132845522,5.66661565303802,"ok","2026-08-19 13:12:49"
"SP10",0.921861815876995,1.00112334592852,0.922897385594521,6.93986971775691,"ok","2026-08-19 13:19:45"
"SP11",0.910350699435025,0.996087001066735,0.906788498119239,7.02698321739833,"ok","2026-08-19 13:26:47"
"SP12",0.894063219090515,1.00870082681076,0.901842308317696,7.97561228275299,"ok","2026-08-19 13:34:45"
"SP13",0.854344569463564,1.00245939627482,0.856445741315117,7.3096807996432,"ok","2026-08-19 13:42:04"
"SP14",0.931719519622578,0.995701987255276,0.927714977252732,12.0953007658323,"ok","2026-08-19 13:54:10"
"SP15",0.907754066828925,1.00754965944332,0.91460730089177,7.22401263316472,"ok","2026-08-19 14:01:23"
"SP16",0.878555434918525,1.00041586849048,0.878920798441052,6.42022355000178,"ok","2026-08-19 14:07:48"
"SP17",0.814665840773899,0.993719213647366,0.80954909867921,4.27963836590449,"ok","2026-08-19 14:12:05"
"SP18",0.802906819742891,1.00548724527026,0.807312566391987,4.93611464897792,"ok","2026-08-19 14:17:01"
"SP19",0.828387551294639,1.0001901348543,0.828545056641007,5.81523495117823,"ok","2026-08-19 14:22:50"
"SP20",0.92632369297019,1.00309969354131,0.929195012538454,7.82843956549962,"ok","2026-08-19 14:30:40"
"SP21",0.918227473505829,0.99791141789081,0.916309680032498,7.88301281531652,"ok","2026-08-19 14:38:33"
"SP22",0.902426039120725,1.01051727535711,0.911917102263583,8.84203233321508,"ok","2026-08-19 14:47:24"
"SP23",0.912696849327471,1.00430287821746,0.916624072719586,9.55169066588084,"ok","2026-08-19 14:56:57"
"SP24",0.933596381726471,0.997585104569615,0.931341844090415,11.4680501023928,"ok","2026-08-19 15:08:25"
"SP25",0.912794224171134,1.00952091337612,0.921484858909686,7.54068955183029,"ok","2026-08-19 15:15:57"
"SP26",0.882832887459234,1.00241877642,0.884968262830222,5.48528405030568,"ok","2026-08-19 15:21:26"
"SP27",0.857826438978639,0.995766580948063,0.854194900188611,4.80961443583171,"ok","2026-08-19 15:26:15"
"SP28",0.889040312012534,1.00765948239772,0.895849900633257,7.47201855182648,"ok","2026-08-19 15:33:43"
"SP29",0.888204884469362,1.00253215957566,0.890453960972724,7.10488238334656,"ok","2026-08-19 15:40:50"
"SP30",0.926356385498712,1.00148504528472,0.927732066680966,5.87100583314896,"ok","2026-08-19 15:46:42"
"SP31",0.865317197423639,0.996231214536058,0.86205600254829,6.90152943531672,"ok","2026-08-19 15:53:36"
"SP32",0.895127419149248,1.00750435395497,0.901844772137345,6.83772650162379,"ok","2026-08-19 16:00:26"
"SP33",0.910441547458249,1.00148713250411,0.911795494676566,7.03958761692047,"ok","2026-08-19 16:07:29"
"SP34",0.931412063067212,0.995036066206988,0.926788595252134,8.58060130278269,"ok","2026-08-19 16:16:04"
"SP35",0.911924832689706,1.00675269898074,0.918082786577918,8.12242749929428,"ok","2026-08-19 16:24:11"
"SP36",0.897620700849188,0.999820607994529,0.897459674871511,5.92202043135961,"ok","2026-08-19 16:30:06"
"SP37",0.83090477696684,0.993247763686359,0.825294311558627,5.08921588261922,"ok","2026-08-19 16:35:12"
"SP38",0.874267015418411,1.00310884671836,0.876984977560264,6.4131698846817,"ok","2026-08-19 16:41:36"
"SP39",0.897425519212012,0.99806513830652,0.895689124952137,7.02546756664912,"ok","2026-08-19 16:48:38"
"SP40",0.869950355827143,0.999640818867663,0.86963788607326,7.66944511731466,"ok","2026-08-19 16:56:18"
"SP41",0.872292162832812,0.994399848605797,0.867407194660971,6.0293149193128,"ok","2026-08-19 17:02:20"
"SP42",0.901413438409819,1.00570518962893,0.906556173010012,6.79539281527201,"ok","2026-08-19 17:09:08"
"SP43",0.911158465193179,1.00006713156996,0.911219632691432,6.58928798437119,"ok","2026-08-19 17:15:43"
"SP44",0.904347294357556,0.994023325675752,0.898942305103166,6.46854079961777,"ok","2026-08-19 17:22:11"
"SP45",0.944147505442181,1.00238305500505,0.946397460880527,8.70304499864578,"ok","2026-08-19 17:30:53"
"SP46",0.939309645205193,0.995695544108073,0.935266428268546,9.86450270016988,"ok","2026-08-19 17:40:45"
"SP47",0.90786346388374,0.989185249687941,0.898045147204396,7.05608124732971,"ok","2026-08-19 17:47:49"
"SP48",0.944014964141977,0.998330641191409,0.942439064446145,5.25104146798452,"ok","2026-08-19 17:53:04"
"SP49",0.909097901883166,0.993208597890752,0.902923852474803,5.5932563662529,"ok","2026-08-19 17:58:39"
"SP50",0.839645650532705,0.999630751805058,0.839335612891855,7.12369078000387,"ok","2026-08-19 18:05:47"
"SP51",0.929264593967795,0.994537971530937,0.924188924300251,8.46859414974849,"ok","2026-08-19 18:14:15"
"SP52",0.910722799400743,1.00626077287548,0.916424628000314,5.15254474878311,"ok","2026-08-19 18:19:24"
"SP53",0.915006702208212,1.00117551653647,0.916082307717635,5.54922184944153,"ok","2026-08-19 18:24:57"
"SP54",0.931502193936364,0.995680465522543,0.927478538093829,5.71072109937668,"ok","2026-08-19 18:30:40"
"SP55",0.917850465615152,1.00450860738586,0.921988693003541,10.3694486180941,"ok","2026-08-19 18:41:02"
"SP56",0.920914854950892,0.998069410791823,0.919136946670274,8.37153646945953,"ok","2026-08-19 18:49:24"
"SP57",0.911483600123225,0.991563135352364,0.903793536360446,6.96021881898244,"ok","2026-08-19 18:56:22"
"SP58",0.924661798775314,1.00054145350402,0.92516246014629,8.5302943666776,"ok","2026-08-19 19:04:54"
"SP59",0.90061712001937,0.995136204497102,0.896236702521187,5.82808121442795,"ok","2026-08-19 19:10:43"
"SP60",0.9231250628308,0.995986690049094,0.919420275830211,7.25717303355535,"ok","2026-08-19 19:17:59"
"SP61",0.912938903195429,0.991244655691564,0.904945808765387,8.75819491545359,"ok","2026-08-19 19:26:44"
"SP62",0.945692287609565,1.00403309849859,0.949506357754852,5.94734571774801,"ok","2026-08-19 19:32:41"
"SP63",0.902528280302201,0.999702785936206,0.902260036204324,6.90482110182444,"ok","2026-08-19 19:39:35"
"SP64",0.887216170758277,0.994931463596145,0.8827192832987,5.35812521775564,"ok","2026-08-19 19:44:57"
"SP65",0.928869984336683,1.0034356745237,0.932061279277702,6.2949636499087,"ok","2026-08-19 19:51:15"
"SP66",0.923808765969632,0.997316833815202,0.921330033527562,7.67433894872665,"ok","2026-08-19 19:58:55"
"SP67",0.926813622836583,0.990858133302455,0.918340816243142,8.25875420173009,"ok","2026-08-19 20:07:11"
"SP68",0.92308433787347,0.997780371341882,0.921035433423267,6.3474750995636,"ok","2026-08-19 20:13:32"
"SP69",0.922739500717368,0.991990357669876,0.915348687352745,6.6898796637853,"ok","2026-08-19 20:20:13"
"SP70",0.923655083311823,0.99541739337294,0.91942233540592,11.9030745983124,"ok","2026-08-19 20:32:07"
"SP71",0.93822600534738,0.991204858609478,0.929974174974085,8.39461703300476,"ok","2026-08-19 20:40:31"
"SP72",0.934308183259354,1.0047756422162,0.938770104862267,8.60653806527456,"ok","2026-08-19 20:49:07"
"SP73",0.930231297455233,1.00133301507962,0.931471309802274,6.97896743615468,"ok","2026-08-19 20:56:06"
"SP74",0.913040594791711,0.997397857487946,0.910664733044773,6.63797693649928,"ok","2026-08-19 21:02:44"
"SP75",0.887491625568154,1.0065888984493,0.893339217763628,6.78177134990692,"ok","2026-08-19 21:09:31"
"SP76",0.862823803174598,1.00083941463458,0.863548070102045,6.43080056508382,"ok","2026-08-19 21:15:57"
"SP77",0.925609866045283,0.994419656745116,0.920444645272642,8.45046146710714,"ok","2026-08-19 21:24:24"
"SP78",0.92717655684466,1.00114578923155,0.928238905759243,6.44255316654841,"ok","2026-08-19 21:30:51"
"SP79",0.948388139544346,0.994907976076732,0.943558924449242,14.1178394675255,"ok","2026-08-19 21:44:58"
"SP80",0.828949580293522,0.995808546643159,0.825475076792549,7.89499338070552,"ok","2026-08-19 21:52:51"
"SP81",0.913240963269106,0.992221430567017,0.906137255027273,11.3529803196589,"ok","2026-08-19 22:04:13"
"SP82",0.939707509280884,1.00282704223063,0.942364102094057,12.7266573667526,"ok","2026-08-19 22:16:56"
"SP83",0.858146300016195,1.00029991824256,0.858403673746356,5.69706789652507,"ok","2026-08-19 22:22:38"
"SP84",0.899956250928669,0.997230171323369,0.897463526297133,6.71022806564967,"ok","2026-08-19 22:29:21"
"SP85",0.892296817718644,1.00748899261223,0.898979221994458,5.36563738187154,"ok","2026-08-19 22:34:43"
"SP86",0.887079878290342,1.00219297471817,0.889025222036426,5.64328366915385,"ok","2026-08-19 22:40:21"
"SP87",0.911872057011921,0.995916458373934,0.908148389509466,7.03824728329976,"ok","2026-08-19 22:47:24"
"SP88",0.880145430808693,1.00165613268075,0.881603068420466,6.10687669912974,"ok","2026-08-19 22:53:30"
"SP89",0.923132820329578,0.995062091086259,0.918574474547506,7.19868796666463,"ok","2026-08-19 23:00:42"
"SP90",0.827886008086947,0.997134601477411,0.825513784742502,6.49127859671911,"ok","2026-08-19 23:07:11"
"SP91",0.872714592690957,0.994121384951269,0.867584239553117,8.94968171517054,"ok","2026-08-19 23:16:08"
"SP92",0.906878544252059,1.00326139849889,0.909836236574956,8.34875504970551,"ok","2026-08-19 23:24:29"
"SP93",0.850549978339195,1.00150311706246,0.851828454524113,7.09139740069707,"ok","2026-08-19 23:31:35"
"SP94",0.94167512719024,0.999118061055846,0.94084462722283,7.8649796684583,"ok","2026-08-19 23:39:27"
"SP95",0.912922211792982,1.00789636680864,0.920130980445055,8.35130213101705,"ok","2026-08-19 23:47:48"
"SP96",0.913347793492017,1.00310081686073,0.916179917729784,7.60565073490143,"ok","2026-08-19 23:55:24"
"SP97",0.932083294762414,0.997073332679551,0.929355397043696,8.10878499746323,"ok","2026-08-20 00:03:31"
"SP98",0.874905981077627,1.00244655610804,0.877046487649594,6.00025808413823,"ok","2026-08-20 00:09:31"
"SP99",0.890759762763428,0.995691235238289,0.886921688486483,5.19718713363012,"ok","2026-08-20 00:14:43"
"SR89",0.99202639552078,1.00346389999501,0.995462675747278,0.678275914986928,"ok","2026-08-20 00:15:23"
"SR99",0.967266662334679,1.00088208211361,0.968119870956618,3.28410651683807,"ok","2026-08-20 00:18:40"
"SS09",0.9680094686903,1.0044496666466,0.972316788136728,2.28824674685796,"ok","2026-08-20 00:20:58"
"SS10",0.984228663752249,0.989674081361217,0.974065598648385,1.19471351305644,"ok","2026-08-20 00:22:09"
"SS11",0.979010457262262,0.987527272524506,0.966799526633171,1.00893518527349,"ok","2026-08-20 00:23:10"
"SS19",0.959416158212668,1.00055691171012,0.959950468306057,0.626605184872945,"ok","2026-08-20 00:23:47"
"SS20",0.930895364896902,0.99272692754526,0.924124895460225,8.82956801652908,"ok","2026-08-20 00:32:37"
"SS21",0.92673448324537,1.00344834539847,0.929930183836276,7.59304533402125,"ok","2026-08-20 00:40:13"
"SS22",0.936006488058091,1.00254723850531,0.938390719825691,5.09740776618322,"ok","2026-08-20 00:45:19"
"SS30",0.899980149377637,0.995825131449454,0.896222850555884,6.34704755147298,"ok","2026-08-20 00:51:40"
"SS31",0.918789701533403,1.01268782780567,0.930447147056086,6.25094781716665,"ok","2026-08-20 00:57:55"
"SS32",0.909639227054567,1.01076788759821,0.919434120006416,3.56903083324432,"ok","2026-08-20 01:01:29"
"SS38",0.988394523574176,1.00201144721196,0.990382626982937,0.356347632408142,"ok","2026-08-20 01:01:50"
"SS39",0.998030537384514,0.996894527851254,0.994931181347068,0.87497619787852,"ok","2026-08-20 01:02:43"
"SS40",0.846722212666303,0.992231324640975,0.840144302676823,5.96722238461177,"ok","2026-08-20 01:08:41"
"SS41",0.905688846548234,1.00738867370576,0.912380685914321,7.85058306455612,"ok","2026-08-20 01:16:32"
"SS42",0.893126292802597,1.00446404624048,0.897113249872259,8.3270897825559,"ok","2026-08-20 01:24:51"
"SS43",0.96685903663379,1.00454357282326,0.971252031076562,10.545011583964,"ok","2026-08-20 01:35:24"
"SS44",0.958482120609209,1.00262995102583,0.961002881645542,5.75669260025024,"ok","2026-08-20 01:41:10"
"SS48",0.965581482469203,1.00452334185416,0.969949137602457,5.08996108373006,"ok","2026-08-20 01:46:15"
"SS49",0.978794247902196,1.00439224292537,0.983093350012936,7.46696485280991,"ok","2026-08-20 01:53:43"
"SS50",0.867768094196091,0.994097574180676,0.862646157391723,6.4023154815038,"ok","2026-08-20 02:00:07"
"SS51",0.876173551807933,1.00826447959832,0.883414670251433,6.60764559904734,"ok","2026-08-20 02:06:44"
"SS52",0.908922840423857,1.00434702568029,0.912873951352579,11.11676958402,"ok","2026-08-20 02:17:51"
"SS53",0.897739545270578,1.00392145773739,0.901259992956539,10.8177462180456,"ok","2026-08-20 02:28:40"
"SS54",0.908734299481295,1.00776158172684,0.915787515014703,8.70390890041987,"ok","2026-08-20 02:37:22"
"SS58",0.949920756748146,1.00490104774264,0.954576363728691,3.33222030003866,"ok","2026-08-20 02:40:42"
"SS59",0.931428793089674,1.00467835706319,0.935786349562681,7.16368061701457,"ok","2026-08-20 02:47:52"
"SS60",0.902430382021107,0.990188913457434,0.893576559444458,6.11604174772898,"ok","2026-08-20 02:53:59"
"SS61",0.860933640153166,1.0029643470134,0.863485746218094,6.43210181395213,"ok","2026-08-20 03:00:25"
"SS62",0.88203653153133,0.998119638620533,0.880377984102159,8.4982276002566,"ok","2026-08-20 03:08:54"
"SS63",0.890354547229148,0.997187604283146,0.887850517914039,10.7020802855492,"ok","2026-08-20 03:19:37"
"SS64",0.907448430050465,1.00077857064174,0.908154942756997,11.879221200943,"ok","2026-08-20 03:31:29"
"SS65",0.997774572867272,1.00482398704547,1.00258782448108,0.749366533756256,"ok","2026-08-20 03:32:14"
"SS68",0.903960881728512,0.996700435981152,0.900978204928714,0.617760984102885,"ok","2026-08-20 03:32:51"
"SS69",0.918664713121071,0.995840020733445,0.914843086961572,6.56672544876734,"ok","2026-08-20 03:39:25"
"SS70",0.909535682596118,0.991125612594034,0.901464110589211,6.62865355014801,"ok","2026-08-20 03:46:03"
"SS71",0.897287796865217,1.00107548984743,0.898252820780965,6.81386075019836,"ok","2026-08-20 03:52:52"
"SS72",0.893922134808086,0.995379871840093,0.889792099980295,9.16241518259048,"ok","2026-08-20 04:02:02"
"SS73",0.932426945866441,0.993888583989175,0.926728496900549,9.21492639780045,"ok","2026-08-20 04:11:15"
"SS74",0.927221609933145,1.00975708499568,0.936268589991098,8.60384378433228,"ok","2026-08-20 04:19:51"
"SS75",0.927191106506274,1.01351273762067,0.939719996652708,1.11727250019709,"ok","2026-08-20 04:20:58"
"SS77",0.99812688382155,0.997929867958713,0.996060629378081,0.519688550631205,"ok","2026-08-20 04:21:29"
"SS78",0.954634097549678,0.999380534642569,0.954042734797224,3.63705573479334,"ok","2026-08-20 04:25:07"
"SS79",0.898720462379333,1.00407661438456,0.90238419914397,9.39548166592916,"ok","2026-08-20 04:34:31"
"SS80",0.888401920962797,0.988787945912562,0.878441110573578,8.50010923544566,"ok","2026-08-20 04:43:01"
"SS81",0.881636971351426,0.997943710049075,0.879824070106872,6.97643529971441,"ok","2026-08-20 04:50:00"
"SS82",0.879831469745724,0.991563173134386,0.872408483964561,7.84049733479818,"ok","2026-08-20 04:57:50"
"SS83",0.900012279907325,0.989431096435527,0.890500136914143,6.61365026632945,"ok","2026-08-20 05:04:27"
"SS84",0.89139310598724,1.00465971784276,0.895546746348118,7.84048001766205,"ok","2026-08-20 05:12:17"
"SS87",0.950265411173153,0.990980698868039,0.941694681274495,3.88815093040466,"ok","2026-08-20 05:16:11"
"SS88",0.904159739961101,0.991845255607652,0.896786548391867,9.06988949775696,"ok","2026-08-20 05:25:15"
"SS89",0.833399906122731,0.996207256308404,0.830239033886208,9.88274799982707,"ok","2026-08-20 05:35:08"
"SS90",0.875339989592192,0.987368163998879,0.86428283839844,8.89375098546346,"ok","2026-08-20 05:44:01"
"SS91",0.84097120136143,0.996426395893542,0.837965903222831,7.44462143182754,"ok","2026-08-20 05:51:28"
"SS92",0.816995650141614,0.989507060912504,0.808422964549929,7.77277216911316,"ok","2026-08-20 05:59:15"
"SS93",0.85696482475805,0.986667989548734,0.845539760758009,9.11515669822693,"ok","2026-08-20 06:08:21"
"SS94",0.811388946217943,1.01136729976163,0.820612247592872,8.9448407014211,"ok","2026-08-20 06:17:18"
"SS96",0.969212773594562,1.0162055605895,0.984919409921161,1.61276435057322,"ok","2026-08-20 06:18:55"
"SS97",0.961148806501296,0.9929183384893,0.954342275992241,6.67677351633708,"ok","2026-08-20 06:25:36"
"SS98",0.916524562172608,0.993174770381183,0.910269071584494,11.6647456526756,"ok","2026-08-20 06:37:15"
"SS99",0.861151927191625,0.998459200296667,0.859825064557683,6.26355221668879,"ok","2026-08-20 06:43:31"
"ST00",0.902201602030773,0.98640472194956,0.889935920393612,12.3455835342407,"ok","2026-08-20 06:55:52"
"ST01",0.894012970596434,0.995556412586343,0.890040345812646,8.95927856763204,"ok","2026-08-20 07:04:50"
"ST02",0.864725165343649,0.988080561455746,0.854418126877665,8.65500044822693,"ok","2026-08-20 07:13:29"
"ST03",0.852237810930867,0.984362223822209,0.83891070679328,8.53334643443426,"ok","2026-08-20 07:22:01"
"ST04",0.947374005583753,1.01190791517624,0.95865525488242,7.57248073418935,"ok","2026-08-20 07:29:35"
"ST06",0.961699129677583,0.99859846530575,0.96035127498191,2.82869336605072,"ok","2026-08-20 07:32:25"
"ST07",0.962164191048426,0.9993461027535,0.961535034533218,7.52570208311081,"ok","2026-08-20 07:39:57"
"ST08",0.928240880062662,0.998940564161522,0.927257468407583,7.30880818367004,"ok","2026-08-20 07:47:15"
"ST09",0.832728160188028,1.00431900251886,0.836324715209405,8.37543791929881,"ok","2026-08-20 07:55:38"
"ST10",0.858412204247488,0.989934832213238,0.849772141381533,6.73627744913101,"ok","2026-08-20 08:02:22"
"ST11",0.849586621742783,0.999076353268864,0.848801903836794,7.67172075112661,"ok","2026-08-20 08:10:02"
"ST12",0.902962811271197,0.990973909825553,0.894812587512491,8.57640328407288,"ok","2026-08-20 08:18:37"
"ST13",0.832548692655185,0.98620841628481,0.821066527663459,9.85960805018743,"ok","2026-08-20 08:28:28"
"ST14",0.930056196809749,1.01233333501006,0.941526891463181,7.17711461782455,"ok","2026-08-20 08:35:39"
"ST16",0.924415805910145,0.995885125645832,0.920611951017817,1.75721471707026,"ok","2026-08-20 08:37:24"
"ST17",0.890990474528956,0.995401649899019,0.886893388390432,6.61469226678213,"ok","2026-08-20 08:44:01"
"ST18",0.862487216953713,0.994210049440138,0.857493458609038,5.88132615089417,"ok","2026-08-20 08:49:54"
"ST19",0.904731836619725,0.999335688151648,0.904130812541077,6.71260293324788,"ok","2026-08-20 08:56:37"
"ST20",0.866833762080435,0.988777429943821,0.857105659458426,10.4067162672679,"ok","2026-08-20 09:07:01"
"ST21",0.837203508494404,0.998453546206658,0.835908811952893,7.07821938594182,"ok","2026-08-20 09:14:06"
"ST22",0.886454099266122,0.989850606991744,0.87745712822889,7.47092595100403,"ok","2026-08-20 09:21:34"
"ST23",0.886469457268546,0.984005959883672,0.872291229207094,10.7604399522146,"ok","2026-08-20 09:32:20"
"ST24",0.965033231687328,1.00425242907024,0.969136967055507,6.21187621752421,"ok","2026-08-20 09:38:33"
"ST25",0.982054766915413,1.00176583928208,0.983788917799983,2.00545641581217,"ok","2026-08-20 09:40:33"
"ST26",0.994922592827606,1.01327801093314,1.0081331858928,1.59474526643753,"ok","2026-08-20 09:42:09"
"ST27",0.964375136100778,1.01141590499991,0.975384351038779,3.63768201669057,"ok","2026-08-20 09:45:47"
"ST28",0.906427626319133,1.00929747827204,0.91485511748001,5.37042131821315,"ok","2026-08-20 09:51:09"
"ST29",0.835333428366558,1.00413514599096,0.838787654043981,8.71258275111516,"ok","2026-08-20 09:59:52"
"ST30",0.872539169021422,0.994711040309714,0.867924344528272,7.94388803243637,"ok","2026-08-20 10:07:49"
"ST31",0.905608417337089,1.00456767635644,0.909744943493156,10.940375216802,"ok","2026-08-20 10:18:45"
"ST32",0.939839728664945,0.995429980072975,0.935544642376736,8.04155195156733,"ok","2026-08-20 10:26:48"
"ST33",0.942341081842985,0.98848985135462,0.931494595916324,8.00637698173523,"ok","2026-08-20 10:34:48"
"ST34",0.936659534469594,1.00735854408568,0.943551984947262,6.90388441880544,"ok","2026-08-20 10:41:42"
"ST35",0.924826966054642,1.00321303706753,0.927798469377624,10.766573981444,"ok","2026-08-20 10:52:28"
"ST36",0.919361194887023,1.01311987279659,0.931423096818058,7.09081558386485,"ok","2026-08-20 10:59:34"
"ST37",0.984944468569662,1.00990351617071,0.994698882041397,1.4228729168574,"ok","2026-08-20 11:00:59"
"ST38",0.940028211242386,1.00684431540033,0.946462060805333,9.21858908335368,"ok","2026-08-20 11:10:12"
"ST39",0.928446146693395,1.00121122058392,0.929570699777335,8.39806591669718,"ok","2026-08-20 11:18:36"
"ST40",0.890440817039022,0.989896624523103,0.881444359124522,9.55502009789149,"ok","2026-08-20 11:28:09"
"ST41",0.903495561327283,1.00535887350102,0.908337279749167,11.6414928158124,"ok","2026-08-20 11:39:48"
"ST42",0.938632779656828,0.99576554731628,0.934658183563983,7.74971846739451,"ok","2026-08-20 11:47:33"
"ST43",0.917550451895152,0.987862006650199,0.906413230611941,9.08904144763946,"ok","2026-08-20 11:56:38"
"ST44",0.934571422494997,1.00299289044847,0.937368492378797,9.84715476433436,"ok","2026-08-20 12:06:29"
"ST45",0.883431040346442,0.99740043771134,0.881134506329326,11.8047493179639,"ok","2026-08-20 12:18:17"
"ST46",0.884172241509536,1.00696155020439,0.890327450958129,10.6354379494985,"ok","2026-08-20 12:28:55"
"ST47",0.874492533959058,1.00255139500826,0.876723709844962,6.3304580171903,"ok","2026-08-20 12:35:15"
"ST48",0.955173007274028,0.998631551447472,0.95386590215481,9.0185452302297,"ok","2026-08-20 12:44:16"
"ST49",0.89518902204804,1.00454185653826,0.899254842160806,6.88651920159658,"ok","2026-08-20 12:51:10"
"ST50",0.867537871060291,0.99561514399652,0.863733842418125,9.94136768579483,"ok","2026-08-20 13:01:06"
"ST51",0.895126621854839,1.01129602079055,0.905237990785482,6.63430985212326,"ok","2026-08-20 13:07:44"
"ST52",0.950189924498183,1.00128451682377,0.951410459441982,7.95590364933014,"ok","2026-08-20 13:15:42"
"ST53",0.923397361381651,0.992553725359102,0.916521491026124,9.67183504899343,"ok","2026-08-20 13:25:22"
"ST54",0.917637117336596,1.00669472276585,0.923780443436821,13.6020026842753,"ok","2026-08-20 13:38:58"
"ST55",0.8966213044556,0.99991214538906,0.896542532139736,7.66590316692988,"ok","2026-08-20 13:46:38"
"ST56",0.889417076902675,1.00835542677142,0.896848536157988,8.29786826769511,"ok","2026-08-20 13:54:56"
"ST57",0.789328387250189,1.0029533528148,0.791659552464474,6.43760646979014,"ok","2026-08-20 14:01:22"
"ST58",0.94286931957316,0.998268146719714,0.941236408249176,10.2214412848155,"ok","2026-08-20 14:11:35"
"ST59",0.896467431269644,1.00368549951009,0.899771361548404,8.92323641777039,"ok","2026-08-20 14:20:31"
"ST60",0.888260082904111,0.988195804252759,0.87777488701105,8.009863448143,"ok","2026-08-20 14:28:31"
"ST61",0.895498746891347,1.01129595838964,0.905614263474208,6.99644881486893,"ok","2026-08-20 14:35:31"
"ST62",0.924322437769313,1.00108842763729,0.925328495856345,7.90847333272298,"ok","2026-08-20 14:43:26"
"ST63",0.930673780586245,0.991865373104455,0.92310309661971,10.1321811318398,"ok","2026-08-20 14:53:34"
"ST64",0.887688665987157,1.00361014791601,0.890893353374732,7.87324664990107,"ok","2026-08-20 15:01:26"
"ST65",0.884914587200709,0.996049301662333,0.881418556612078,7.42755935192108,"ok","2026-08-20 15:08:52"
"ST66",0.884558805005107,1.00790550208872,0.891551686485672,8.29414733250936,"ok","2026-08-20 15:17:09"
"ST67",0.827732423555429,1.00181708572807,0.829236484328935,5.58158186674118,"ok","2026-08-20 15:22:44"
"ST68",0.892340333792618,0.996586927082952,0.889294711166562,5.64058651526769,"ok","2026-08-20 15:28:23"
"ST69",0.925780003605713,1.00472991153435,0.93015886112304,8.65935093164444,"ok","2026-08-20 15:37:02"
"ST70",0.906854492984699,0.987978949925663,0.895953149714393,11.4247807820638,"ok","2026-08-20 15:48:28"
"ST71",0.918527336778102,1.00937082991144,0.927134700220057,7.48472251494726,"ok","2026-08-20 15:55:57"
"ST72",0.928747549003444,0.99921503292154,0.928018512753277,7.37702763477961,"ok","2026-08-20 16:03:19"
"ST73",0.843702221705076,0.989783415042327,0.835082466278048,8.18728084961573,"ok","2026-08-20 16:11:31"
"ST74",0.844345676274917,1.00177495846658,0.845844354781743,7.77126166820526,"ok","2026-08-20 16:19:17"
"ST75",0.883114021171534,0.993790858362515,0.877630641132031,6.9670973499616,"ok","2026-08-20 16:26:15"
"ST76",0.808795082694118,1.00248194934719,0.810802471121618,7.12693254947662,"ok","2026-08-20 16:33:23"
"ST77",0.91643006839833,0.996069667366531,0.912828193394212,8.10216985146205,"ok","2026-08-20 16:41:29"
"ST78",0.888635845257698,0.990561990355494,0.880248891579702,7.28032578627268,"ok","2026-08-20 16:48:46"
"ST79",0.848567308787727,1.00047590445783,0.848971145752745,10.0922004977862,"ok","2026-08-20 16:58:51"
"ST80",0.869724372474815,0.990116653280155,0.861128584950947,8.98604536851247,"ok","2026-08-20 17:07:50"
"ST81",0.896107914929581,1.0118963338466,0.906768313848164,10.7576004505157,"ok","2026-08-20 17:18:36"
"ST82",0.895080368462475,1.00189883663697,0.896779979859148,9.7795947154363,"ok","2026-08-20 17:28:23"
"ST83",0.928172810409147,0.992511374488211,0.921222071821768,9.09941345055898,"ok","2026-08-20 17:37:29"
"ST84",0.828452609244242,1.00448209784208,0.832165814896398,7.81066234906514,"ok","2026-08-20 17:45:17"
"ST85",0.896018038794339,0.996359607068274,0.892756181059214,10.1078584671021,"ok","2026-08-20 17:55:24"
"ST86",0.89252420915719,1.00496344956432,0.896954208054277,8.53028151591619,"ok","2026-08-20 18:03:56"
"ST87",0.872912043934368,0.998459329639011,0.871567174220528,6.223535267512,"ok","2026-08-20 18:10:09"
"ST88",0.902322598335743,0.992849311147093,0.895870370190097,7.80670793453852,"ok","2026-08-20 22:48:47"
"ST89",0.879794282864458,1.00262384452213,0.88210272627415,8.64258128404617,"ok","2026-08-20 22:57:26"
"ST90",0.917716631907799,0.991130926732643,0.909577335860737,7.30794773499171,"ok","2026-08-20 23:04:44"
"ST91",0.889146964152943,1.00909843373775,0.897236808889406,10.798586901029,"ok","2026-08-20 23:15:32"
"ST92",0.874559969214784,0.999472108613393,0.874098296539964,9.3189648826917,"ok","2026-08-20 23:24:51"
"ST93",0.859660895014005,0.990357577615488,0.851371681556833,8.49627603292465,"ok","2026-08-20 23:33:21"
"ST94",0.950904216938279,1.00220608564317,0.953001993079298,8.21087735096614,"ok","2026-08-20 23:41:34"
"ST95",0.928544597809315,0.994220983472512,0.923178523232066,10.7924527168274,"ok","2026-08-21 08:38:26"
"ST96",0.889336930529657,1.00213010255867,0.891231309400896,8.97331600189209,"ok","2026-08-21 08:47:25"
"ST97",0.893013090147733,0.99573539153553,0.889204738964606,7.49550216595332,"ok","2026-08-21 08:54:55"
"ST98",0.915172593584546,0.990182219771847,0.906187630189904,5.88127841552099,"ok","2026-08-21 09:00:47"
"ST99",0.922774008315904,1.00302655050959,0.925566830461011,6.54196725289027,"ok","2026-08-21 09:07:20"
"SU00",0.819239152518703,0.992065812325399,0.812739155332238,5.59985486666362,"ok","2026-08-21 09:12:56"
"SU01",0.885607112299326,1.01049377075013,0.894900470310476,8.06755710045497,"ok","2026-08-21 09:21:00"
"SU02",0.919754940640048,1.00126745180274,0.920920685697639,8.0446342031161,"ok","2026-08-21 09:29:03"
"SU03",0.876919837588333,0.992496299123508,0.870339693434408,8.06458645264308,"ok","2026-08-21 19:47:15"
"SU04",0.958431987054255,1.0046694973863,0.962907382712754,7.41116081873576,"ok","2026-08-21 19:54:39"
"SU05",0.947417980805308,0.996878031079474,0.944460171314487,8.29213130076726,"ok","2026-08-21 20:02:57"
"SU06",0.949333726843749,1.00496527867927,0.954047433357156,10.4792433659236,"ok","2026-08-21 20:13:26"
"SU07",0.933296454621401,0.99865199430564,0.932038365686045,8.87013599872589,"ok","2026-08-21 20:22:18"
"SU08",0.89546981695542,0.993144686441194,0.889331090577744,6.88507828315099,"ok","2026-08-21 20:29:11"
"SU09",0.909794783568045,1.00601089331826,0.915263462953579,5.24983994960785,"ok","2026-08-21 20:34:26"
"SU10",0.78030953904046,0.998731130711897,0.779319428231158,5.50659340222677,"ok","2026-08-21 20:39:56"
"SU11",0.831960024324613,1.00801916611222,0.838631649958395,6.35034495194753,"ok","2026-08-21 20:46:17"
"SU12",0.897928302051536,0.999247173825427,0.897252318122861,7.25450806617737,"ok","2026-08-21 20:53:33"
"SU13",0.903955338044269,0.990863096477777,0.89569598533216,7.44920183420181,"ok","2026-08-21 21:01:00"
"SU14",0.925975010583398,1.00233545320116,0.928137581886061,9.164217766126,"ok","2026-08-21 21:10:10"
"SU15",0.94836432347972,0.994739498531358,0.943375451563247,10.0827165166537,"ok","2026-08-21 21:20:15"
"SU16",0.896158330101235,1.00494791469144,0.9005924450686,8.78895968198776,"ok","2026-08-21 21:29:02"
"SU17",0.949780367048942,0.998635522091688,0.948484412720355,8.53231580257416,"ok","2026-08-21 21:37:34"
"SU18",0.840935416488039,0.993076999221785,0.835113619945263,6.06789671977361,"ok","2026-08-21 21:43:38"
"SU19",0.928052755888789,1.00599344663789,0.933614990558356,7.41808333396912,"ok","2026-08-21 21:51:03"
"SU20",0.71900883421913,1.00030911836663,0.719231093055558,5.21372164885203,"ok","2026-08-21 21:56:16"
"SU21",0.743277170445454,1.010133086197,0.750808862081837,4.63076699972153,"ok","2026-08-21 22:00:54"
"SU22",0.814897827762023,1.00176094707579,0.816332819708891,7.21137173573176,"ok","2026-08-21 22:08:06"
"SU23",0.899414653036671,0.993641579716837,0.893695796663829,6.88171931902568,"ok","2026-08-21 22:14:59"
"SU24",0.889779740125481,1.00530695636268,0.894501762378724,7.71443181832631,"ok","2026-08-21 22:22:42"
"SU25",0.907007886088305,0.997716583235776,0.904936809075927,8.97684280077616,"ok","2026-08-21 22:31:41"
"SU26",0.831014564864363,1.00784201921004,0.837531397045851,6.43111661672592,"ok","2026-08-21 22:38:07"
"SU27",0.913346332993674,1.0013074842085,0.914540518900952,7.56546321709951,"ok","2026-08-21 22:45:41"
"SU28",0.937447424587503,0.995483094312516,0.933213062983666,10.7813608169556,"ok","2026-08-21 22:56:27"
"SU29",0.914903917593191,1.0081851062984,0.922392503411514,8.28204743464788,"ok","2026-08-21 23:04:44"
"SU30",0.735326491789073,0.996320253449699,0.732620676667567,4.7201419989268,"ok","2026-08-21 23:09:28"
"SU31",0.781751295682752,1.00637044281684,0.786731397608892,6.15613660017649,"ok","2026-08-21 23:15:37"
"SU32",0.799116333317146,0.998414118030458,0.797849029132572,7.47116433382034,"ok","2026-08-21 23:23:05"
"SU33",0.904544407372553,0.990508827334769,0.895959220218811,7.69473443428675,"ok","2026-08-21 23:30:47"
"SU34",0.865366896954797,1.00348517748965,0.868382854184348,5.69585518042247,"ok","2026-08-21 23:36:29"
"SU35",0.855562398524806,0.995688689691115,0.851873803536152,7.78376263380051,"ok","2026-08-21 23:44:16"
"SU36",0.85631462693326,1.00777700056443,0.862974186270249,10.2136476318041,"ok","2026-08-21 23:54:29"
"SU37",0.900344306362221,1.00078552188382,0.901051546517843,10.3121862332026,"ok","2026-08-22 00:04:47"
"SU38",0.938297885979927,0.994506947157357,0.9331437661101,10.3420096476873,"ok","2026-08-22 00:15:08"
"SU39",0.919692405931413,1.00681031546812,0.925955801349442,6.45994921525319,"ok","2026-08-22 00:21:35"
"SU40",0.860156557909106,0.988608132070212,0.850357768002464,10.2757747491201,"ok","2026-08-22 00:31:52"
"SU41",0.769061173766807,1.00197773669531,0.770582174271106,5.36512728134791,"ok","2026-08-22 00:37:14"
"SU42",0.801190899601079,0.994376403164918,0.796685324993786,6.84606020053228,"ok","2026-08-22 00:44:05"
"SU43",0.893323660870043,0.986555832142812,0.881313667622509,6.65048611561457,"ok","2026-08-22 00:50:44"
"SU44",0.878342552073487,1.00279682370523,0.880799121344443,5.86986923615138,"ok","2026-08-22 00:56:36"
"SU45",0.87303623264058,0.994526727506161,0.868257867442344,8.51364811658859,"ok","2026-08-22 01:05:07"
"SU46",0.781844664888403,1.00680919201443,0.787168395337087,8.06766724983851,"ok","2026-08-22 01:13:11"
"SU47",0.895627193152956,0.999143370342089,0.89485997233687,6.7794366200765,"ok","2026-08-22 01:19:58"
"SU48",0.917707194786429,0.992252038734375,0.910596834988039,8.9227712670962,"ok","2026-08-22 01:28:53"
"SU49",0.90038708839102,1.00520129375691,0.905070266132669,6.09855900208155,"ok","2026-08-22 01:34:59"
"SU50",0.833796513196041,0.992235207183883,0.827322256020272,4.35793970028559,"ok","2026-08-22 01:39:20"
"SU51",0.809156459837533,1.0060317115349,0.81403705818987,6.76546409924825,"ok","2026-08-22 01:46:06"
"SU52",0.879596959849834,0.99858597158154,0.878353184751815,7.30651408433914,"ok","2026-08-22 01:53:25"
"SU53",0.876556353374738,0.990610474501715,0.868325905144042,7.1220171491305,"ok","2026-08-22 02:00:32"
"SU54",0.872462806282629,1.00648411409171,0.878119954659344,6.49967851638794,"ok","2026-08-22 02:07:02"
"SU55",0.886700692410632,0.997483050439385,0.884468911492471,8.14713596900304,"ok","2026-08-22 02:15:11"
"SU56",0.792074280637017,1.00896828127811,0.799177825578928,5.49952119986216,"ok","2026-08-22 02:20:41"
"SU57",0.813042303929181,1.00045398046667,0.813411409253741,6.03156121571859,"ok","2026-08-22 02:26:43"
"SU58",0.924327215564733,0.992860992254038,0.917728436413013,8.94740391969681,"ok","2026-08-22 02:35:40"
"SU59",0.898245411239342,1.00535471465112,0.903055259103205,11.3807766318321,"ok","2026-08-22 02:47:03"
"SU60",0.870036697056613,0.994267141233473,0.865048899550692,7.87792421579361,"ok","2026-08-22 02:54:55"
"SU61",0.857840815932673,1.00435737618318,0.861578751072976,9.24784115155538,"ok","2026-08-22 03:04:10"
"SU62",0.874213379039336,0.996912434010201,0.871514187542387,7.0636970837911,"ok","2026-08-22 03:11:14"
"SU63",0.854835580426936,0.988657266502628,0.845139408254082,7.1153941988945,"ok","2026-08-22 03:18:21"
"SU64",0.841520081064738,1.00929874378968,0.849345160692426,6.02840573390325,"ok","2026-08-22 03:24:23"
"SU65",0.822300141493527,0.999435392254216,0.82183586446428,5.52185759941737,"ok","2026-08-22 03:29:54"
"SU66",0.825155120773278,1.01037488416244,0.833716009567344,5.29476823409398,"ok","2026-08-22 03:35:12"
"SU67",0.811833040262562,1.00098141599604,0.812629786194391,6.91107198397319,"ok","2026-08-22 03:42:06"
"SU68",0.82793102115739,0.992732471583079,0.821914008933878,8.12701771656672,"ok","2026-08-22 03:50:14"
"SU69",0.932523453338238,1.00169882754533,0.934107649867437,12.1371018131574,"ok","2026-08-22 04:02:22"
"SU70",0.902152659487983,0.998275930074433,0.90059728521949,8.71375048160553,"ok","2026-08-22 04:11:05"
"SU71",0.810705501829963,1.00841591586145,0.817528331121775,8.36669758558273,"ok","2026-08-22 04:19:27"
"SU72",0.811133633840903,1.00072597490537,0.811722496503977,9.39682271877925,"ok","2026-08-22 04:28:51"
"SU73",0.82650226855742,0.991988351826236,0.81988062316692,7.2113821665446,"ok","2026-08-22 04:36:03"
"SU74",0.868878506965488,1.01193433382551,0.879247993121428,8.57407339811325,"ok","2026-08-22 04:44:38"
"SU75",0.794067355521338,1.0011503991945,0.79498084996751,5.28592793146769,"ok","2026-08-22 04:49:55"
"SU76",0.799533587259283,1.01116937870616,0.808463880683676,5.36991545359294,"ok","2026-08-22 04:55:17"
"SU77",0.808559982643133,1.00098536192506,0.809356706864153,5.55963008006414,"ok","2026-08-22 05:00:51"
"SU78",0.776524577362225,0.992199556464656,0.770467341242704,6.77907813390096,"ok","2026-08-22 05:07:38"
"SU79",0.802514377989697,1.00095300131524,0.803279175247418,8.24688223203023,"ok","2026-08-22 05:15:52"
"SU80",0.89118195110203,0.998071131017356,0.889462977878657,8.8809500336647,"ok","2026-08-22 05:24:45"
"SU81",0.808410927749592,1.00575991968027,0.81306730976208,7.85903413295746,"ok","2026-08-22 05:32:37"
"SU82",0.751296164088914,0.99778760744748,0.749634002050747,7.5413142323494,"ok","2026-08-22 05:40:09"
"SU83",0.68565534025864,0.988522756974629,0.677785907286849,6.45262423356374,"ok","2026-08-22 05:46:36"
"SU84",0.729304795630764,1.01043798151633,0.736917265607332,6.19750169912974,"ok","2026-08-22 05:52:48"
"SU85",0.712629418261487,0.998785324746044,0.711763804941884,5.89724694887797,"ok","2026-08-22 05:58:42"
"SU86",0.698007930157719,1.01260829991397,0.706808623483477,5.9382911324501,"ok","2026-08-22 06:04:38"
"SU87",0.854566684188884,1.00174815571225,0.856060599819346,7.67111603418986,"ok","2026-08-22 06:12:19"
"SU88",0.803962279065937,0.992550354313302,0.797973044941426,6.79494051535924,"ok","2026-08-22 06:19:06"
"SU89",0.795875606325723,1.00101354566597,0.796682262597162,5.62012383143107,"ok","2026-08-22 06:24:44"
"SU90",0.875649093243179,1.00139303304941,0.876868901369754,9.56968748172124,"ok","2026-08-22 06:34:18"
"SU91",0.749645091995814,1.00886415234956,0.756290060299362,7.70440651575724,"ok","2026-08-22 06:42:00"
"SU92",0.799911831678555,1.00049276432663,0.800305999693659,10.2850550174713,"ok","2026-08-22 06:52:17"
"SU93",0.709182885830246,0.99069613633709,0.702584744948412,7.76846248308818,"ok","2026-08-22 07:00:03"
"SU94",0.759674567361052,1.01204958800544,0.768828332915963,5.65337630112966,"ok","2026-08-22 07:05:42"
"SU95",0.732394774146237,0.999728412418524,0.732195864820841,4.98479296763738,"ok","2026-08-22 07:10:42"
"SU96",0.685087662119096,1.012917587113,0.693937341674559,4.71799088319143,"ok","2026-08-22 07:15:25"
"SU97",0.792257401645229,1.00155033080655,0.793485662701715,5.50584094921748,"ok","2026-08-22 07:20:55"
"SU98",0.767258643960092,0.99210255424245,0.761199260437406,4.82764815092087,"ok","2026-08-22 07:25:45"
"SU99",0.780676727201967,1.00056428590246,0.781117252073503,5.05378915071487,"ok","2026-08-22 07:30:48"
"SW32",0.975556818964599,0.980605449396598,0.956636332872696,4.29787086645762,"ok","2026-08-22 07:35:06"
"SW33",0.97941093662439,0.991043326976892,0.970638673109789,2.68002923329671,"ok","2026-08-22 07:37:47"
"SW42",0.924170942462279,0.98883710462317,0.913854518921266,4.07496851682663,"ok","2026-08-22 07:41:51"
"SW43",0.945524577031433,1.00262232010727,0.948004045141702,7.00975030263265,"ok","2026-08-22 07:48:52"
"SW44",0.958627236328191,1.00187998970066,0.960429445659256,0.798814916610718,"ok","2026-08-22 07:49:40"
"SW52",0.980918334898389,0.979541491887828,0.960850209186492,3.88263395229975,"ok","2026-08-22 07:53:33"
"SW53",0.915447402458346,0.993242090279602,0.90926089155876,10.0116234342257,"ok","2026-08-22 08:03:33"
"SW54",0.979954998362344,0.992976051945208,0.973071845357813,3.30631572008133,"ok","2026-08-22 08:06:52"
"SW61",0.968384139989005,0.998122011007547,0.96656552523364,1.76404846906662,"ok","2026-08-22 08:08:38"
"SW62",0.924603620865534,0.994094444067625,0.919143322467237,7.07227698564529,"ok","2026-08-22 08:15:42"
"SW63",0.93513083596333,1.00816618305198,0.942767285547361,12.829932598273,"ok","2026-08-22 08:28:32"
"SW64",0.92119839796601,1.00824177648791,0.928790709263067,8.30878423452377,"ok","2026-08-22 08:36:50"
"SW65",0.989015167891078,1.00958131799832,0.998491236719809,0.613211182753245,"ok","2026-08-22 08:37:27"
"SW71",0.941443033595641,0.994139191460049,0.935925416224467,3.15123480161031,"ok","2026-08-22 08:40:36"
"SW72",0.889931962933952,0.98965574224669,0.880726277326454,7.78568136692047,"ok","2026-08-22 08:48:23"
"SW73",0.880311087287645,1.0033737569404,0.883281042928093,7.13416981697083,"ok","2026-08-22 08:55:31"
"SW74",0.897516953045734,1.00343747404582,0.900602144277515,8.0648744503657,"ok","2026-08-22 09:03:35"
"SW75",0.935662237215778,1.00497402701389,0.940316246459562,6.72491323550542,"ok","2026-08-22 09:10:19"
"SW76",0.976865454457005,0.992564482344057,0.96960195412291,1.29770761330922,"ok","2026-08-22 09:11:37"
"SW81",0.961658293793298,1.00626078715727,0.967679031688761,0.591946315765381,"ok","2026-08-22 09:12:12"
"SW82",0.965751837291233,1.001401186815,0.967105036032209,1.18029514948527,"ok","2026-08-22 09:13:23"
"SW83",0.921615460101172,1.01727346589868,0.937534953322927,6.4980350335439,"ok","2026-08-22 09:19:53"
"SW84",0.85551293737911,1.01690715929269,0.869977230888338,5.18684569994609,"ok","2026-08-22 09:25:04"
"SW85",0.928449404801534,1.01812962574793,0.945281845036475,8.78118506669998,"ok","2026-08-22 09:33:51"
"SW86",0.940775786464093,0.997199209174956,0.938140870272941,9.16550163427989,"ok","2026-08-22 09:43:01"
"SW87",0.972598434412312,0.999289962921417,0.971907853461307,3.97604746421178,"ok","2026-08-22 09:46:59"
"SW93",0.972791503335075,1.00567677577767,0.978313822577928,3.10092060168584,"ok","2026-08-22 09:50:05"
"SW94",0.91561710307767,1.01881653027281,0.93284584001603,5.72784093221029,"ok","2026-08-22 09:55:49"
"SW95",0.904739975303979,1.01928021597391,0.922183557428069,12.0864069183667,"ok","2026-08-22 10:07:54"
"SW96",0.933212246596788,0.997514547979173,0.930892792332624,9.09534459908803,"ok","2026-08-22 10:17:00"
"SW97",0.941711300871232,0.998733467856686,0.940518593238957,9.38968345324198,"ok","2026-08-22 10:26:23"
"SW98",0.97165427179978,0.985590287098637,0.957653012703763,1.68742481867472,"ok","2026-08-22 10:28:05"
"SX03",0.981505513895994,1.01170254361965,0.99299162498529,0.673671253522237,"ok","2026-08-22 10:28:45"
"SX04",0.915126360900543,1.00975101492607,0.924049771704921,2.40690126419067,"ok","2026-08-22 10:31:10"
"SX05",0.870245077933087,1.00907265516273,0.878140511432241,10.0894079168638,"ok","2026-08-22 10:41:15"
"SX06",0.869187704330145,0.990841619796733,0.861227352865884,6.76713561614354,"ok","2026-08-22 10:48:01"
"SX07",0.907677715841026,0.990619778291587,0.899163497626651,10.2676566163699,"ok","2026-08-22 10:58:17"
"SX08",0.95601113769257,0.993818342459406,0.950101404234361,6.0333971341451,"ok","2026-08-22 11:04:19"
"SX09",0.921627811796915,0.993052939047888,0.9152252072132,0.667288068930308,"ok","2026-08-22 11:04:59"
"SX14",0.994702751165224,0.994592235008453,0.989323632450478,0.711813183625539,"ok","2026-08-22 11:05:42"
"SX15",0.90833536776158,0.992537088804011,0.901556541575798,9.74538865089417,"ok","2026-08-22 11:15:26"
"SX16",0.851727376547375,0.996042005636896,0.848356244392099,8.21800083319346,"ok","2026-08-22 11:23:40"
"SX17",0.969897547322483,0.993913981479103,0.963994732886106,12.0969093521436,"ok","2026-08-22 11:35:45"
"SX18",0.959758076964862,1.00049110139769,0.960229415497903,10.9445678989093,"ok","2026-08-22 11:46:42"
"SX19",0.925775694318273,0.99787564118646,0.923809014562686,6.2332906683286,"ok","2026-08-22 11:52:56"
"SX24",0.997277692840495,1.0037659657475,1.00103340647248,0.543244651953379,"ok","2026-08-22 11:53:29"
"SX25",0.888260177905764,1.00026354628193,0.888494275573037,7.85806360244751,"ok","2026-08-22 12:01:20"
"SX26",0.881380831775626,1.00186763022181,0.883026925253971,10.2702898343404,"ok","2026-08-22 12:11:37"
"SX27",0.915179390580491,0.997481281785817,0.912874311580191,10.1062058011691,"ok","2026-08-22 12:21:43"
"SX28",0.897653948412932,1.00170681919484,0.89918608140241,8.56204390128454,"ok","2026-08-22 12:30:17"
"SX29",0.918696800633873,0.996858528654947,0.91581074095989,8.59072790145874,"ok","2026-08-22 12:38:52"
"SX35",0.917355018518578,0.98189597452902,0.900747199897387,9.08559591770172,"ok","2026-08-22 12:47:57"
"SX36",0.878747501336207,1.00005615759566,0.878796849683073,8.24333556890488,"ok","2026-08-22 12:56:12"
"SX37",0.872682597504085,0.993239141981421,0.866782514367075,10.3387299180031,"ok","2026-08-22 13:06:32"
"SX38",0.885848533854834,1.0094549115691,0.894224153406044,8.00061196486155,"ok","2026-08-22 13:14:32"
"SX39",0.898899360074943,1.00207899279972,0.900768165372209,6.42716964880625,"ok","2026-08-22 13:20:58"
"SX44",0.981692705532062,0.99639765383312,0.978156308577235,2.35713084936142,"ok","2026-08-22 13:23:19"
"SX45",0.864621267530775,0.99016729529315,0.856119701923882,8.29003488620122,"ok","2026-08-22 13:31:37"
"SX46",0.853298536498891,1.00640644143913,0.858765143603065,8.92124598026276,"ok","2026-08-22 13:40:32"
"SX47",0.855977758293146,0.997038571453156,0.853442841324273,8.97124893267949,"ok","2026-08-22 13:49:30"
"SX48",0.876367638125052,1.01058213071782,0.885641475028557,10.3087889989217,"ok","2026-08-22 13:59:49"
"SX49",0.882114156236006,1.00063427943263,0.882673663102535,8.95959034760793,"ok","2026-08-22 14:08:46"
"SX54",0.908037731887254,0.99193419659954,0.900713678061651,3.0329949816068,"ok","2026-08-22 14:11:48"
"SX55",0.840752381569049,1.00906176725095,0.848371083966509,8.82005898157755,"ok","2026-08-22 14:20:38"
"SX56",0.900277236315649,0.999149847900098,0.899511863732701,13.3671050667763,"ok","2026-08-22 23:41:48"
"SX57",0.962763197492198,0.987419943937936,0.950651582493254,16.4236757675807,"ok","2026-08-22 23:58:13"
"SX58",0.977708667194764,1.01706371432523,0.994392008585076,13.9957572817802,"ok","2026-08-23 00:12:13"
"SX59",0.893941960067854,1.00458906556379,0.898044318332824,15.9949030478795,"ok","2026-08-23 00:28:13"
"SX63",0.96922910296078,1.00533896053959,0.974403778895309,0.886121380329132,"ok","2026-08-23 00:29:06"
"SX64",0.928262666427898,0.999064870261521,0.927394620403401,5.31720013618469,"ok","2026-08-23 00:34:25"
"SX65",0.890586748921472,1.01510367773304,0.904037884170499,12.0571117838224,"ok","2026-08-23 00:46:28"
"SX66",0.950096800197568,1.00341173237309,0.953338276208368,8.70448325077693,"ok","2026-08-23 00:55:10"
"SX67",0.927778319152531,0.989553420444677,0.9180862091318,11.6636729160945,"ok","2026-08-23 01:06:50"
"SX68",0.914597631494037,1.01701388650369,0.930158491792816,10.0418225169182,"ok","2026-08-23 01:16:53"
"SX69",0.887145786626414,1.00244949877922,0.889318849147742,13.2785784681638,"ok","2026-08-23 01:30:10"
"SX73",0.927066094264269,0.991748075177691,0.919416014549088,3.10155058304469,"ok","2026-08-23 01:33:16"
"SX74",0.913677442856827,0.984930069846635,0.899908387610269,8.14074741999308,"ok","2026-08-23 01:41:24"
"SX75",0.88633995565929,1.01023553041993,0.895412115237842,7.86403369903564,"ok","2026-08-23 01:49:16"
"SX76",0.840678378764331,0.997250519035648,0.838366949564776,10.0574302991231,"ok","2026-08-23 01:59:19"
"SX77",0.837479492400169,0.981925373419998,0.822342363306626,10.332347313563,"ok","2026-08-23 02:09:39"
"SX78",0.813482391011203,1.02089971029821,0.830483937316034,11.1205506006877,"ok","2026-08-23 02:20:47"
"SX79",0.852144752309626,1.00472175209336,0.856168368577691,7.15266553163528,"ok","2026-08-23 02:27:56"
"SX83",0.950183227906213,0.987381080745241,0.938192942476038,1.01814153194427,"ok","2026-08-23 02:28:57"
"SX84",0.899609183635895,0.979873826421996,0.881503493053672,3.12424291769663,"ok","2026-08-23 02:32:04"
"SX85",0.865574263626645,1.01839357555005,0.881495269238843,7.45587758223216,"ok","2026-08-23 02:39:32"
"SX86",0.863334524135476,1.004327104389,0.867070262744042,9.72189344962438,"ok","2026-08-23 02:49:15"
"SX87",0.820453149308926,0.987971666548383,0.810584465247608,9.31082868178686,"ok","2026-08-23 02:58:34"
"SX88",0.782318304467912,1.02028078997318,0.798184337693004,8.13095794916153,"ok","2026-08-23 03:06:42"
"SX89",0.828695483200976,1.00322119732391,0.831364874873802,8.41773080031077,"ok","2026-08-23 03:15:07"
"SX94",0.971299577296925,0.981105029899628,0.952946900825396,0.630460782845815,"ok","2026-08-23 03:15:44"
"SX95",0.925832896152374,1.0191152710616,0.94353044292007,3.78864134947459,"ok","2026-08-23 03:19:32"
"SX96",0.914444065709436,1.00461573361487,0.918664895922445,5.69982515176137,"ok","2026-08-23 03:25:14"
"SX97",0.875932446571333,0.988033112494857,0.865450261521109,5.91481510003408,"ok","2026-08-23 03:31:09"
"SX98",0.869426424841962,1.01943925189689,0.886327424120274,10.8533228000005,"ok","2026-08-23 03:42:00"
"SX99",0.852294191501424,1.00211860427285,0.854099865617261,7.62201048533122,"ok","2026-08-23 03:49:37"
"SY07",0.990047099820602,0.991748820363809,0.981878043351692,0.947791548569997,"ok","2026-08-23 03:50:34"
"SY08",0.873435843107661,1.01795910308569,0.889121967452771,7.49800118605296,"ok","2026-08-23 03:58:04"
"SY09",0.881345330531131,1.00100521407586,0.88223127126307,7.95121878385544,"ok","2026-08-23 04:06:01"
"SY18",0.880427967988794,1.02030400511027,0.89830418195006,3.28849588235219,"ok","2026-08-23 04:09:18"
"SY19",0.827334157451396,1.00409325248031,0.83072064504343,6.92727181514104,"ok","2026-08-23 04:16:14"
"SY28",0.935707190295428,1.0175171098348,0.952098075921045,1.37379391988118,"ok","2026-08-23 04:17:36"
"SY29",0.869588728438306,1.00233529241986,0.87161947240422,9.51556038459142,"ok","2026-08-23 04:27:07"
"SY38",0.998097872789659,1.02196843189403,1.02002451793161,0.97093224922816,"ok","2026-08-23 04:28:06"
"SY39",0.857661647664654,1.00774437687494,0.864303702695348,8.89269610246023,"ok","2026-08-23 04:36:59"
"SY48",0.984517597558436,1.01543255832527,0.999711222805011,1.00101138353348,"ok","2026-08-23 04:37:59"
"SY49",0.899734384506542,1.00225928567612,0.901767141513769,9.76627810001373,"ok","2026-08-23 04:47:45"
"SY58",0.946798707133615,1.01985991835503,0.965602052155934,5.09237681627274,"ok","2026-08-23 04:52:51"
"SY59",0.896265216356615,1.00748341963956,0.902972345078951,7.55388068358103,"ok","2026-08-23 05:00:24"
"SY66",0.969158895097075,0.996839872842047,0.966096229752307,0.667475032806397,"ok","2026-08-23 05:01:04"
"SY67",0.937819812479908,0.986299164369374,0.924970897377976,3.66432979901632,"ok","2026-08-23 05:04:44"
"SY68",0.934208151976242,1.01100829981213,0.944492195400133,11.3815856178602,"ok","2026-08-23 05:16:07"
"SY69",0.92265199323692,0.999458655793769,0.922152520926014,8.06165266434352,"ok","2026-08-23 05:24:11"
"SY77",0.956394549683939,0.983556570570278,0.940668143399241,0.966185247898102,"ok","2026-08-23 05:25:09"
"SY78",0.916162359422484,1.00974453428254,0.925089934942251,7.33978381554286,"ok","2026-08-23 05:32:29"
"SY79",0.905151833698436,0.99876601628931,0.904034891079951,6.40765953461329,"ok","2026-08-23 05:38:53"
"SY87",0.957963424415469,0.984389914898986,0.943009533836685,0.819852201143901,"ok","2026-08-23 05:39:43"
"SY88",0.872373651714392,1.0110568909911,0.882019392084908,8.69149228334427,"ok","2026-08-23 05:48:24"
"SY89",0.866527245635724,1.0005149585514,0.866973471250883,6.95183848142624,"ok","2026-08-23 05:55:21"
"SY97",0.943278447437171,0.983802542225426,0.927999734615142,2.9704301516215,"ok","2026-08-23 05:58:19"
"SY98",0.880565615114069,1.01133154779577,0.890543786469043,10.3034976323446,"ok","2026-08-23 06:08:38"
"SY99",0.836488601449099,1.00116175732099,0.837460398205756,6.33232416709264,"ok","2026-08-23 06:14:58"
"SZ07",0.910239822129355,0.983705054493322,0.895407513829749,1.03122516870499,"ok","2026-08-23 06:15:59"
"SZ08",0.929882156421154,1.01150419142966,0.940579698755647,5.77982621590296,"ok","2026-08-23 06:21:46"
"SZ09",0.794269199822822,1.0016942884267,0.795614920935769,4.9229740301768,"ok","2026-08-23 06:26:42"
"SZ18",0.997877975760978,1.01743957059966,1.0152805391691,0.732103967666626,"ok","2026-08-23 06:27:26"
"SZ19",0.851341376327873,1.00795585318087,0.858114523324739,5.6006489833196,"ok","2026-08-23 06:33:02"
"SZ28",0.972251317302062,1.01802376864138,0.989774950106387,1.05754653215408,"ok","2026-08-23 06:34:05"
"SZ29",0.819420793479773,1.00901449973861,0.826807462008411,3.74683125019074,"ok","2026-08-23 06:37:50"
"SZ38",0.921895094416337,1.01277821207681,0.933675265445364,4.89302748044332,"ok","2026-08-23 06:42:43"
"SZ39",0.889118475130294,1.0043701392568,0.893004046682409,5.24067306915919,"ok","2026-08-23 06:47:58"
"SZ47",0.976661115496343,0.974834070037191,0.952082530266363,1.97658181587855,"ok","2026-08-23 06:49:57"
"SZ48",0.901503693707752,1.00382067087346,0.904948042612622,12.3028698007266,"ok","2026-08-23 07:02:15"
"SZ49",0.89698658574086,0.99600578266657,0.893403826372239,4.69717585245768,"ok","2026-08-23 07:06:57"
"SZ57",0.903881073506325,0.976999179851653,0.883091067499111,3.2773352821668,"ok","2026-08-23 07:10:13"
"SZ58",0.883783300342974,1.00657978577213,0.889598405128216,10.5850635011991,"ok","2026-08-23 07:20:48"
"SZ59",0.8557175725489,0.999209708288522,0.855041306043948,3.15704316695531,"ok","2026-08-23 07:23:58"
"SZ68",0.91304015108411,1.00794266225123,0.920292120625986,2.58420363267263,"ok","2026-08-23 07:26:33"
"SZ69",0.892417154268004,1.00095429089597,0.893268779833734,2.89969091415405,"ok","2026-08-23 07:29:27"
"SZ79",0.945008497056865,1.00483586852335,0.949578433902079,1.4492577513059,"ok","2026-08-23 07:30:54"
"SZ89",0.943927654429168,1.00462126413225,0.948289793442019,2.74248878558477,"ok","2026-08-23 07:33:38"
"SZ99",0.896358860316008,1.00807995729652,0.903601401629719,1.02120626767476,"ok","2026-08-23 07:34:40"
"TA00",0.952273627938257,1.00179012560922,0.953978317346612,8.3722766160965,"ok","2026-08-23 07:43:02"
"TA01",0.949312437530978,1.00484592023938,0.953912729885506,9.36911781628927,"ok","2026-08-23 07:52:24"
"TA02",0.898025612762715,1.00174235859921,0.899590295411426,8.23055961529414,"ok","2026-08-23 08:00:38"
"TA03",0.888918655628557,1.00468046193513,0.893079205559655,6.99114861488342,"ok","2026-08-23 08:07:37"
"TA04",0.949251916778251,0.998455076070784,0.947785394777166,9.64189594984055,"ok","2026-08-23 08:17:16"
"TA05",0.948216611107127,1.00036285862975,0.94856067968734,7.90445590019226,"ok","2026-08-23 08:25:10"
"TA06",0.961720529821567,1.00146287888789,0.963127410480692,9.91606643199921,"ok","2026-08-23 08:35:05"
"TA07",0.961458558313182,1.00878451109702,0.969904501688014,12.1442491491636,"ok","2026-08-23 08:47:14"
"TA08",0.916785670182295,1.00849169620717,0.924570735580571,8.78277515172958,"ok","2026-08-23 13:11:39"
"TA09",0.907061973977945,1.00795434624504,0.914277058984672,2.49882963101069,"ok","2026-08-23 13:14:09"
"TA10",0.917899732862813,1.00103545240015,0.918850174344302,9.32325128316879,"ok","2026-08-23 13:23:29"
"TA11",0.92873910876726,1.00454086502265,0.932956387701429,9.67082964976629,"ok","2026-08-23 13:33:09"
"TA12",0.957737748744104,1.00124462441833,0.958929772532549,7.29118411540985,"ok","2026-08-23 13:40:26"
"TA13",0.925833208715329,1.0048803451141,0.930351594291958,8.90828454891841,"ok","2026-08-23 13:49:21"
"TA14",0.950212135221449,0.99329377692386,0.943839800672998,5.51850513617198,"ok","2026-08-23 13:54:52"
"TA15",0.971029432855155,0.996051602390636,0.967195422563848,8.01089644829432,"ok","2026-08-23 14:02:53"
"TA16",0.942154238063878,0.998040865745747,0.940308431423298,6.79545106490453,"ok","2026-08-23 14:09:40"
"TA17",0.967963132598503,0.988879545437047,0.957198942563828,5.62746735016505,"ok","2026-08-23 14:15:18"
"TA18",0.948549005697274,0.989427541207006,0.938520510421404,0.977151918411255,"ok","2026-08-23 14:16:17"
"TA20",0.898139724128635,1.00022140280688,0.898338574784524,7.32800778150559,"ok","2026-08-23 14:23:36"
"TA21",0.96795684918574,1.00396494079366,0.971794740783575,5.97569561799367,"ok","2026-08-23 14:29:35"
"TA22",0.972934616982177,1.00099076557775,0.973898567110086,9.04597115119298,"ok","2026-08-23 14:38:38"
"TA23",0.974262833441899,1.00510019232343,0.979231761266018,7.08973453442256,"ok","2026-08-23 14:45:43"
"TA24",0.961605921326601,0.993243204930693,0.955108547178765,2.99305826822917,"ok","2026-08-23 14:48:43"
"TA25",0.997243098199948,0.996641276736957,0.993893634607115,0.570567750930786,"ok","2026-08-23 14:49:17"
"TA26",0.944441732743408,0.999321242737783,0.943800686058567,0.737087631225586,"ok","2026-08-23 14:50:01"
"TA27",0.959449021377715,0.985825301691563,0.945849120957362,1.95314294894536,"ok","2026-08-23 14:51:58"
"TA30",0.960750130134439,1.00691932156604,0.967397869229453,5.39227056503296,"ok","2026-08-23 14:57:22"
"TA31",0.992804789781101,1.01067580600477,1.00340378111741,2.95959491729736,"ok","2026-08-23 15:00:19"
"TA32",0.977124937872388,1.00784695541054,0.984792393690398,5.76912480195363,"ok","2026-08-23 15:06:05"
"TA33",0.982132753623462,1.01221497988569,0.994129485454046,1.30982538064321,"ok","2026-08-23 15:07:24"
"TA40",0.996625215090925,0.998918223757028,0.995547089610093,0.889265616734823,"ok","2026-08-23 15:08:17"
"TA41",0.991972297342867,1.00249320676234,0.994445489382652,1.61531008084615,"ok","2026-08-23 15:09:54"
"TA42",0.990659353218067,0.998233136000044,0.988908992870646,0.577040350437164,"ok","2026-08-23 15:10:29"
"TF00",0.896872930026812,1.00591750437669,0.902180179515581,5.99673863649368,"ok","2026-08-23 15:16:29"
"TF01",0.91478602169352,1.00117328854787,0.915859329656521,6.89260568618774,"ok","2026-08-23 15:23:22"
"TF02",0.887927148512472,0.998074924109581,0.886217821366422,7.45136586427689,"ok","2026-08-23 15:30:49"
"TF03",0.950883001233323,1.00112668784064,0.951954349548681,5.99080998102824,"ok","2026-08-23 15:36:49"
"TF04",0.940661357971995,1.00118675898814,0.941777696293362,7.0680589000384,"ok","2026-08-23 15:43:53"
"TF05",0.95364870796976,1.00238831642251,0.955926322840305,7.61090018351873,"ok","2026-08-23 15:51:30"
"TF06",0.939867540170261,0.999553320910426,0.939447720993098,6.17326743602753,"ok","2026-08-23 15:57:40"
"TF07",0.939657188092649,1.00207318024543,0.941605266812481,5.85304704904556,"ok","2026-08-23 16:03:31"
"TF08",0.964358024311091,1.0048705365869,0.969054965351366,4.89260173241297,"ok","2026-08-23 16:08:25"
"TF09",0.952045524375081,0.998794269916691,0.950897614445662,5.87845508654912,"ok","2026-08-23 16:14:18"
"TF10",0.901694070909818,1.00317114220624,0.904553471035194,6.4548831820488,"ok","2026-08-23 16:20:45"
"TF11",0.965856174240867,0.998784370852161,0.96468205132284,6.73405725161235,"ok","2026-08-23 16:27:29"
"TF12",0.978583395110837,0.995940836837032,0.974611165441511,6.06086176633835,"ok","2026-08-23 16:33:33"
"TF13",0.976378023104315,1.00122856548435,0.977577567443177,7.07027743260066,"ok","2026-08-23 16:40:37"
"TF14",0.972163580640516,1.00136276528553,0.973488411420072,6.19573218027751,"ok","2026-08-23 16:46:49"
"TF15",0.97213488788831,1.00260210341422,0.974664483399169,5.21499344905217,"ok","2026-08-23 16:52:01"
"TF16",0.953349106336767,0.991980160860678,0.94570339986033,5.87986663579941,"ok","2026-08-23 16:57:54"
"TF17",0.918792408591023,0.994490235788317,0.913730079060202,6.20236814816793,"ok","2026-08-23 17:04:06"
"TF18",0.92901250491184,0.997337739363242,0.926539231488957,9.2055131316185,"ok","2026-08-23 17:13:19"
"TF19",0.936109741906345,0.997727810920831,0.933982723573881,8.37862104972204,"ok","2026-08-23 17:21:41"
"TF20",0.965576635982807,1.00724002394129,0.972567433944474,7.02270379861196,"ok","2026-08-23 17:28:43"
"TF21",0.980995549530296,1.00362454245977,0.984551209552411,7.0928326010704,"ok","2026-08-23 17:35:48"
"TF22",0.950405306603749,1.0013698578775,0.951707226799816,7.51242921749751,"ok","2026-08-23 17:43:19"
"TF23",0.969865088066283,1.00705869080588,0.976711065846364,6.02411836783091,"ok","2026-08-23 17:49:21"
"TF24",0.976410237359996,1.00734417401904,0.983581164057137,5.36731683413188,"ok","2026-08-23 17:54:43"
"TF25",0.957654157145489,1.00858360302216,0.965874280262951,5.20327258110046,"ok","2026-08-23 17:59:55"
"TF26",0.911799457777617,0.997775696936405,0.909771339450298,7.90129688580831,"ok","2026-08-23 18:07:49"
"TF27",0.96639463906669,1.00014292296957,0.966532759058278,8.95167998075485,"ok","2026-08-23 18:16:46"
"TF28",0.940459990992719,0.989136264482561,0.930243082385841,11.4481693506241,"ok","2026-08-23 18:28:13"
"TF29",0.948179450683627,0.996812972568914,0.945157576764706,6.3596147497495,"ok","2026-08-23 18:34:35"
"TF30",0.978761194155675,1.00277351376689,0.981475801802168,7.12796638409297,"ok","2026-08-23 18:41:42"
"TF31",0.974914202699355,1.00035941923252,0.975264605613861,5.01143114964167,"ok","2026-08-23 18:46:43"
"TF32",0.966115758671363,0.999010495249384,0.965159782538513,6.27918274799983,"ok","2026-08-23 18:53:00"
"TF33",0.976306802441106,1.00837561512566,0.984483972462917,4.89764091571172,"ok","2026-08-23 18:57:54"
"TF34",0.949823639663404,1.00896452752541,0.95833835982545,7.66926441987356,"ok","2026-08-23 19:05:34"
"TF35",0.973701447900498,1.01019955611041,0.983632770453148,4.56928471326828,"ok","2026-08-23 19:10:08"
"TF36",0.93771692665891,0.991394466608889,0.929647372335136,8.02040123144786,"ok","2026-08-23 19:18:09"
"TF37",0.929686690053385,0.993496652313941,0.923640614268866,7.79784666697184,"ok","2026-08-23 19:25:57"
"TF38",0.918304731446238,0.995993986358626,0.914625990165126,8.05237673123677,"ok","2026-08-23 19:34:00"
"TF39",0.966846154882121,1.00357966998288,0.970307145040819,9.15733505090078,"ok","2026-08-23 19:43:10"
"TF40",0.951274329737271,0.995484458160874,0.946978810700857,6.77722030083338,"ok","2026-08-23 19:49:56"
"TF41",0.9531888529194,0.990207838079794,0.943855073331078,7.85981166760127,"ok","2026-08-23 19:57:48"
"TF42",0.968199788797138,0.9900423373432,0.958558781915911,16.4141134977341,"ok","2026-08-23 20:14:13"
"TF43",0.989400039545752,0.99812954082631,0.987549407165334,3.2755002339681,"ok","2026-08-23 20:17:29"
"TF44",0.987700508481967,0.999069811722281,0.98678176104708,2.7705740014712,"ok","2026-08-23 20:20:15"
"TF45",0.975667993726785,1.00032151069409,0.975981681420654,4.9925600528717,"ok","2026-08-23 20:25:15"
"TF46",0.946040548261098,0.989263375782725,0.935883266400114,7.6714928984642,"ok","2026-08-23 20:32:55"
"TF47",0.938034087387028,0.991054481497394,0.929642886102232,8.10647939840953,"ok","2026-08-23 20:41:02"
"TF48",0.965868920949747,0.993244687354287,0.959344174413954,7.40810970067978,"ok","2026-08-23 20:48:26"
"TF49",0.978587165771691,0.995851471589401,0.97452746911224,3.37800674835841,"ok","2026-08-23 20:51:49"
"TF50",0.972538807328512,1.00278091496339,0.97524335505029,6.54908561706543,"ok","2026-08-23 20:58:22"
"TF51",0.961312377646876,0.999112836032799,0.960459535944204,5.92532814741135,"ok","2026-08-23 21:04:17"
"TF52",0.979390006321329,1.00024636264966,0.979631291438339,3.64344154993693,"ok","2026-08-23 21:07:56"
"TF55",0.990273153424142,1.01183793646194,1.00199594409434,2.45751359860102,"ok","2026-08-23 21:10:23"
"TF56",0.954536482174166,1.00042500266337,0.954942162721369,3.83019899924596,"ok","2026-08-23 21:14:13"
"TF57",0.97271360440901,1.0018900026744,0.974552035722766,2.92805561621984,"ok","2026-08-23 21:17:09"
"TF58",0.962962738917585,1.00371564467777,0.966540766293334,1.44517761468887,"ok","2026-08-23 21:18:36"
"TF59",0.998641308202276,1.00591471427458,1.00454798620309,0.609105666478475,"ok","2026-08-23 21:19:12"
"TF60",0.910287537481259,0.998912602751211,0.909297693317396,5.38931434949239,"ok","2026-08-23 21:24:35"
"TF61",0.896446240152628,0.988944288872052,0.886535389479765,6.13518485228221,"ok","2026-08-23 21:30:44"
"TF62",0.873118390335428,0.991299014877203,0.865521400210679,8.00054570039113,"ok","2026-08-23 21:38:44"
"TF63",0.943926714500004,0.999483680005107,0.943439346263594,5.31718939940135,"ok","2026-08-23 21:44:03"
"TF64",0.950998013554588,1.00108971714939,0.952034332398994,1.87405749956767,"ok","2026-08-23 21:45:55"
"TF70",0.890240185619567,1.01014347368846,0.899270313518806,8.03860721588135,"ok","2026-08-23 21:53:57"
"TF71",0.899241161741316,1.00142778633505,0.900525085983964,7.6745410323143,"ok","2026-08-23 22:01:38"
"TF72",0.91685484137926,1.0048690744063,0.921319075821709,9.8843566497167,"ok","2026-08-23 22:11:31"
"TF73",0.95239251682111,1.01377528602833,0.965511996151564,6.56062600215276,"ok","2026-08-23 22:18:05"
"TF74",0.967848044460897,1.01556576756715,0.982913342161294,5.33912878036499,"ok","2026-08-23 22:23:25"
"TF80",0.905347187634475,1.01140836669168,0.915675720334286,8.67560000022252,"ok","2026-08-23 22:32:06"
"TF81",0.929229276269982,0.991295883818229,0.921141156689825,7.93934861421585,"ok","2026-08-23 22:40:02"
"TF82",0.920478902431213,0.99546442828309,0.916304004355334,5.35342608292898,"ok","2026-08-23 22:45:23"
"TF83",0.943954827232739,0.997835926821251,0.941912039909175,10.9890285332998,"ok","2026-08-23 22:56:23"
"TF84",0.935808770822681,0.99959178998329,0.935426764308706,7.15785633325577,"ok","2026-08-23 23:03:32"
"TF90",0.923862221588892,0.99953292671631,0.923430710227377,8.53172073364258,"ok","2026-08-23 23:12:04"
"TF91",0.90134882255054,0.983437934565342,0.886420624372006,8.55109724998474,"ok","2026-08-23 23:20:37"
"TF92",0.91164485645765,0.988041667146529,0.900743103819975,7.11533910036087,"ok","2026-08-23 23:27:44"
"TF93",0.930532743132925,0.98840852733849,0.919746498280261,9.40341549714406,"ok","2026-08-23 23:37:08"
"TF94",0.963345541559642,0.990064644924542,0.953774361543888,6.70788231690725,"ok","2026-08-23 23:43:51"
"TG00",0.914646455388134,1.01244153030068,0.926026056977255,8.00431609948476,"ok","2026-08-23 23:51:51"
"TG01",0.899668598256436,0.996381004640925,0.89641270177464,7.97825021743774,"ok","2026-08-23 23:59:50"
"TG02",0.912247813203539,1.0011767309888,0.913321283474797,7.7960209329923,"ok","2026-08-24 00:07:37"
"TG03",0.875606814841511,1.00450535242288,0.879551732126244,7.94082054694494,"ok","2026-08-24 00:15:34"
"TG04",0.938735157789106,1.00315653294511,0.941698306241403,4.95435251792272,"ok","2026-08-24 00:20:31"
"TG10",0.862667006977905,0.997412044541678,0.860434463188482,5.17907881736755,"ok","2026-08-24 00:25:42"
"TG11",0.819496718643912,0.986800470276102,0.808679747347535,6.3224293311437,"ok","2026-08-24 00:32:01"
"TG12",0.873856262779851,0.991450124850257,0.866384900834262,4.79076903661092,"ok","2026-08-24 00:36:49"
"TG13",0.901178793099185,0.994695508431884,0.896398497789826,6.23953359921773,"ok","2026-08-24 00:43:03"
"TG14",0.863012279570228,0.997851852399872,0.861158401812988,3.075011185805,"ok","2026-08-24 00:46:07"
"TG20",0.840473924841841,1.00759734131236,0.846859292113005,10.7710296829542,"ok","2026-08-24 00:56:54"
"TG21",0.848750017411642,0.996399165116086,0.845693808741223,6.15693833033244,"ok","2026-08-24 01:03:03"
"TG22",0.893729963323118,1.00081871797187,0.894461676106087,7.02474651734034,"ok","2026-08-24 01:10:05"
"TG23",0.91136365593753,1.00401043699814,0.915018622462066,7.83792106707891,"ok","2026-08-24 01:17:55"
"TG24",0.901534488787815,1.00729953904511,0.908115274989235,1.6653306166331,"ok","2026-08-24 01:19:35"
"TG30",0.911098576153225,0.999111565816478,0.910289125033612,6.54662605126699,"ok","2026-08-24 01:26:08"
"TG31",0.887365953651473,0.993903638568865,0.88195625007633,6.55412843624751,"ok","2026-08-24 01:32:41"
"TG32",0.899845975542912,0.997908388812364,0.897963847633317,6.16215298175812,"ok","2026-08-24 01:38:51"
"TG33",0.944167139804713,1.00097307313647,0.945085883484798,6.61197749773661,"ok","2026-08-24 01:45:27"
"TG40",0.948965232754234,1.00700255005735,0.955610409299277,7.26534427007039,"ok","2026-08-24 01:52:43"
"TG41",0.929447738231315,1.00112596965686,0.930494268182202,9.65802763700485,"ok","2026-08-24 02:02:23"
"TG42",0.950714539016046,0.999938181199398,0.95065576698353,4.35080109834671,"ok","2026-08-24 02:06:44"
"TG43",0.998263703386493,1.0028694848251,1.00112820593481,0.564449934164683,"ok","2026-08-24 02:07:18"
"TG50",0.906369443305497,1.00378158180248,0.909796953498626,3.29369655052821,"ok","2026-08-24 02:10:35"
"TG51",0.947908034404822,1.00319994807295,0.950941290892854,2.12231055100759,"ok","2026-08-24 02:12:43"
"TG52",0.99836096520769,1.00639027913891,1.00474077045676,0.563499852021535,"ok","2026-08-24 02:13:17"
"TL00",0.834938342709837,0.997882888568957,0.83317068520027,6.87122186422348,"ok","2026-08-24 02:20:09"
"TL01",0.895613111718864,0.995158274660034,0.891276799021048,9.586155017217,"ok","2026-08-24 02:29:44"
"TL02",0.876046566391237,1.00470084922838,0.880164729216885,10.9899250467618,"ok","2026-08-24 02:40:43"
"TL03",0.879459329897449,1.00333601590326,0.882393220208255,9.45657819906871,"ok","2026-08-24 02:50:11"
"TL04",0.911826812924305,1.00132257223628,0.913032769751376,9.82528193394343,"ok","2026-08-24 03:00:00"
"TL05",0.912707784206407,1.01059929871857,0.922381846653979,5.99699143568675,"ok","2026-08-24 03:06:00"
"TL06",0.936277790549777,1.00618557221368,0.94206920443529,8.66569661299388,"ok","2026-08-24 03:14:40"
"TL07",0.957087340160171,1.0004624431248,0.957529938620465,5.87438000043233,"ok","2026-08-24 03:20:33"
"TL08",0.925805607774457,1.00611101860235,0.931463223065723,5.75506171782811,"ok","2026-08-24 03:26:18"
"TL09",0.898876657158206,0.999458115728649,0.898389570035807,6.43983753124873,"ok","2026-08-24 03:32:44"
"TL10",0.836697517861468,0.996187422140832,0.833507543430048,5.46094843149185,"ok","2026-08-24 03:38:12"
"TL11",0.887846075970145,0.993298116919816,0.881895835375793,6.22380408445994,"ok","2026-08-24 03:44:25"
"TL12",0.878657106142087,1.0018937949247,0.880321102510251,6.70926518440247,"ok","2026-08-24 03:51:08"
"TL13",0.922830068380711,1.00045977169841,0.923254359528592,8.37436136802038,"ok","2026-08-24 03:59:30"
"TL14",0.893858914609257,0.998460832305116,0.892483115844106,6.07003206809362,"ok","2026-08-24 04:05:35"
"TL15",0.931642106310778,1.00780518857547,0.938913748635385,6.36315681934357,"ok","2026-08-24 04:11:56"
"TL16",0.922592121209214,1.00365193454138,0.925961367244264,7.51082838376363,"ok","2026-08-24 04:19:27"
"TL17",0.951764605008722,0.998301256809051,0.950147801366577,8.68778763214747,"ok","2026-08-24 04:28:08"
"TL18",0.941790147099903,1.00215864397846,0.943823136729918,7.04633845090866,"ok","2026-08-24 04:35:11"
"TL19",0.891414491996396,0.996027828070535,0.887873640373769,8.64319728215535,"ok","2026-08-24 04:43:50"
"TL20",0.817112735895282,1.00031498273135,0.817370112296657,5.24281363487244,"ok","2026-08-24 04:49:04"
"TL21",0.842311572047573,0.996580341085907,0.839431153771777,5.16644436518351,"ok","2026-08-24 04:54:14"
"TL22",0.869507923398038,1.00439507995805,0.873329480245526,6.62797145048777,"ok","2026-08-24 05:00:52"
"TL23",0.919185384696029,1.00231125921191,0.921309860383863,7.73083381652832,"ok","2026-08-24 05:08:36"
"TL24",0.94908541830327,0.999901810905278,0.948992228465233,6.99443585077922,"ok","2026-08-24 05:15:36"
"TL25",0.923448973690134,1.00901795044745,0.93177659077562,5.68969374895096,"ok","2026-08-24 05:21:17"
"TL26",0.955089742373526,1.00485379822222,0.959725555267121,14.6865781823794,"ok","2026-08-24 05:35:58"
"TL27",0.917790210645667,0.999950188439233,0.917744494082818,5.74034638404846,"ok","2026-08-24 05:41:43"
"TL28",0.950530260615587,1.00447087385537,0.954779961506508,9.48997828563054,"ok","2026-08-24 05:51:12"
"TL29",0.962026122991347,0.999183463332269,0.96124059338661,9.26581014792125,"ok","2026-08-24 06:00:28"
"TL30",0.802687352023539,1.00135021884857,0.80377115561575,5.93864004611969,"ok","2026-08-24 06:06:24"
"TL31",0.848653869588781,0.996211107698034,0.845438411475262,5.7191098968188,"ok","2026-08-24 06:12:07"
"TL32",0.905715878965291,1.0017462033448,0.907297443062581,5.35272588332494,"ok","2026-08-24 06:17:29"
"TL33",0.938857319613549,0.998347543321229,0.93730589856534,8.26253338257472,"ok","2026-08-24 06:25:44"
"TL34",0.935131565586385,0.994973469673615,0.930431098412805,8.92050373156865,"ok","2026-08-24 06:34:40"
"TL35",0.91973066081295,1.00308347029961,0.922566622989209,5.53388311465581,"ok","2026-08-24 06:40:12"
"TL36",0.946545106667341,0.998906848370743,0.945510389341823,6.90461002985636,"ok","2026-08-24 06:47:06"
"TL37",0.940639334543306,0.994485878888261,0.935452535330168,5.34426631530126,"ok","2026-08-24 06:52:27"
"TL38",0.976748156950937,1.00166431592906,0.97837377446723,6.92313213348389,"ok","2026-08-24 06:59:22"
"TL39",0.982361657021233,0.997566806346129,0.979971380871563,8.49207675059636,"ok","2026-08-24 07:07:51"
"TL40",0.861754589850453,1.0104240271097,0.870737543056966,5.35756261746089,"ok","2026-08-24 07:13:13"
"TL41",0.884465893762415,1.00342250252832,0.887492980520026,5.43082385063171,"ok","2026-08-24 07:18:39"
"TL42",0.901983098022067,1.00697452005904,0.90827399723214,5.69775579770406,"ok","2026-08-24 07:24:21"
"TL43",0.919598360342442,1.00166453258884,0.921129061781871,5.33432479699453,"ok","2026-08-24 07:29:41"
"TL44",0.942690838949195,0.99680816441198,0.939681924780936,9.66849298079809,"ok","2026-08-24 07:39:21"
"TL45",0.872013327602262,1.00406447356413,0.875557602719871,6.25335461695989,"ok","2026-08-24 07:45:36"
"TL46",0.918659561042759,0.999730194099412,0.918411701272558,5.02765678564707,"ok","2026-08-24 07:50:38"
"TL47",0.968269008801709,0.991186566241119,0.959735234031858,6.17017840147018,"ok","2026-08-24 07:56:48"
"TL48",0.978097632871698,0.999823651949152,0.977925147260603,6.89007255236308,"ok","2026-08-24 08:03:41"
"TL49",0.967156217615203,0.997239801953382,0.964486674912567,7.55510195096334,"ok","2026-08-24 08:11:15"
"TL50",0.924345070070634,0.995955237210059,0.920606313526147,5.79350661834081,"ok","2026-08-24 08:17:02"
"TL51",0.92057181593623,0.987036547659833,0.908638027074639,5.00960944890976,"ok","2026-08-24 08:22:03"
"TL52",0.897053398711824,0.998934052938707,0.896097187277645,5.49376290241877,"ok","2026-08-24 08:27:32"
"TL53",0.902847675703365,0.991529157298188,0.895199795058786,6.90040828386943,"ok","2026-08-24 08:34:26"
"TL54",0.927299859465543,0.985021411780854,0.913410216714937,6.54571118354797,"ok","2026-08-24 08:40:59"
"TL55",0.953835060251915,1.00148264634388,0.955249260316664,11.4868667642275,"ok","2026-08-24 08:52:28"
"TL56",0.951546956378675,0.996934873434894,0.948630344524732,6.44949428240458,"ok","2026-08-24 08:58:55"
"TL57",0.954486500492642,0.993666290302102,0.948441060087959,5.75863294998805,"ok","2026-08-24 09:04:41"
"TL58",0.963642436961492,1.00361542427426,0.967126413219792,8.0546194990476,"ok","2026-08-24 09:12:44"
"TL59",0.981885496133776,1.00271683910944,0.984553121050663,6.60150105158488,"ok","2026-08-24 09:19:20"
"TL60",0.89630396440367,0.991634446965627,0.888805886054533,6.33797191778819,"ok","2026-08-24 09:25:41"
"TL61",0.934832976886984,0.980888088642606,0.916966531898751,5.30378651618958,"ok","2026-08-24 09:30:59"
"TL62",0.921177464501478,0.999780740340243,0.920975487444035,5.00333173274994,"ok","2026-08-24 09:35:59"
"TL63",0.931078917059245,0.990366228237363,0.922109115279293,5.30059988101323,"ok","2026-08-24 09:41:17"
"TL64",0.925494917641037,0.982235767819916,0.909054211042573,5.36523988644282,"ok","2026-08-24 09:46:39"
"TL65",0.91718084045007,0.999710039100164,0.91691489386826,5.23917146523794,"ok","2026-08-24 09:51:53"
"TL66",0.898551322813387,0.99494759554922,0.89401147811075,7.9714847167333,"ok","2026-08-24 09:59:52"
"TL67",0.943453788883415,0.992270349019708,0.936161220379311,5.13478268384933,"ok","2026-08-24 10:05:00"
"TL68",0.97336065539745,0.996276804861498,0.969736643737265,5.3621864994367,"ok","2026-08-24 10:10:21"
"TL69",0.949644517557604,0.997068228330315,0.946860376664757,6.63566971619924,"ok","2026-08-24 10:17:00"
"TL70",0.861655000837233,1.00506507645521,0.866019349294487,7.08048248291016,"ok","2026-08-24 10:24:04"
"TL71",0.904488647340914,0.992743120277754,0.897924882017024,5.00412511825562,"ok","2026-08-24 10:29:05"
"TL72",0.884699038984268,1.0102089606627,0.893730896671588,5.48321516513824,"ok","2026-08-24 10:34:34"
"TL73",0.910735444060817,0.999076067836257,0.909893986291389,4.92648743391037,"ok","2026-08-24 10:39:29"
"TL74",0.938514253530577,0.989517629951031,0.928676399828838,6.18075990279516,"ok","2026-08-24 10:45:40"
"TL75",0.933563945796515,1.00634248193176,0.939485058254876,7.59967519839605,"ok","2026-08-24 10:53:16"
"TL76",0.913565208250657,1.00144528549953,0.914885570799014,6.2602422674497,"ok","2026-08-24 10:59:32"
"TL77",0.867038026707061,0.999314791209756,0.866443924629685,5.30704136689504,"ok","2026-08-24 11:04:50"
"TL78",0.841474661841243,1.0044735841278,0.845239069532398,5.8988144159317,"ok","2026-08-24 11:10:44"
"TL79",0.843871813888834,1.00674274402785,0.849561825522204,5.18616788387299,"ok","2026-08-24 11:15:55"
"TL80",0.923962405736318,1.0012412106824,0.925109237744451,6.26507701476415,"ok","2026-08-24 11:22:11"
"TL81",0.883252920916242,0.988214579043546,0.872843413432227,5.9711772998174,"ok","2026-08-24 11:28:09"
"TL82",0.897810429110898,1.00763784362666,0.904667764774829,6.47907421588898,"ok","2026-08-24 11:34:38"
"TL83",0.894236274062687,0.995565445060458,0.890270734176425,5.92105139891307,"ok","2026-08-24 11:40:33"
"TL84",0.911647197145546,0.985302837558279,0.898248570199558,5.76408413251241,"ok","2026-08-24 11:46:19"
"TL85",0.92628373927715,1.00438815385029,0.930348414834119,5.99211448033651,"ok","2026-08-24 11:52:19"
"TL86",0.87168366320693,0.999556621841889,0.871297177709882,6.47173848152161,"ok","2026-08-24 11:58:47"
"TL87",0.839340052772608,0.997924863706085,0.837598307766164,4.95425591468811,"ok","2026-08-24 12:03:44"
"TL88",0.69952996502458,1.00351825195213,0.701991087689602,4.57749914725622,"ok","2026-08-24 12:08:19"
"TL89",0.812763326375125,1.00688304922153,0.81835761635602,4.93312298059463,"ok","2026-08-24 12:13:15"
"TL90",0.966698570404784,1.01245899420545,0.97874266229187,6.43090298573176,"ok","2026-08-24 12:19:41"
"TL91",0.949042087197821,0.999333888863443,0.948409919694477,6.51729416449865,"ok","2026-08-24 12:26:12"
"TL92",0.858530657576804,1.01884029855036,0.874705631480192,4.83749449650447,"ok","2026-08-24 12:31:02"
"TL93",0.892933358776644,1.00646477587485,0.898705972812313,7.04699541727702,"ok","2026-08-24 12:38:05"
"TL94",0.915191303611379,0.995988581885078,0.911520088637453,5.38994413216909,"ok","2026-08-24 12:43:28"
"TL95",0.931059988190741,1.01532474209923,0.94532824238868,6.15467449824015,"ok","2026-08-24 12:49:38"
"TL96",0.89637678551966,1.01064636371783,0.905919938806519,6.00472240050634,"ok","2026-08-24 12:55:38"
"TL97",0.91910897910537,1.00937777088253,0.927728172527492,5.73004738489787,"ok","2026-08-24 13:01:22"
"TL98",0.838085007252195,1.01557298737983,0.851136494493361,4.7671512166659,"ok","2026-08-24 13:06:08"
"TL99",0.857279883811337,1.01961776565209,0.874097799670197,5.23719583352407,"ok","2026-08-24 13:11:22"
"TM00",0.985122270403432,1.00441162559135,0.98946826102215,4.58489650090536,"ok","2026-08-24 13:15:57"
"TM01",0.958199871199156,0.992192575218215,0.950718797778853,5.43245374759038,"ok","2026-08-24 13:21:23"
"TM02",0.877542945946221,1.01899205576913,0.894209290515441,4.38481521606445,"ok","2026-08-24 13:25:46"
"TM03",0.884061584762654,1.00716505085747,0.890395930978616,6.10192318360011,"ok","2026-08-24 13:31:52"
"TM04",0.916592825732556,0.997172901017342,0.914001527087415,6.18828073342641,"ok","2026-08-24 13:38:04"
"TM05",0.916180339721487,1.00983174857639,0.925187994472262,5.58882201512655,"ok","2026-08-24 13:43:39"
"TM06",0.937489567279412,1.00550071529424,0.94264643048034,5.22821868260702,"ok","2026-08-24 13:48:53"
"TM07",0.925094433499979,1.00448939380525,0.929247546719007,4.67216958602269,"ok","2026-08-24 13:53:33"
"TM08",0.925626937442138,1.00284543310057,0.928260746968715,4.88476758003235,"ok","2026-08-24 13:58:26"
"TM09",0.910288577222681,1.0070180189738,0.916676999729259,4.89111271301905,"ok","2026-08-24 14:03:20"
"TM11",0.929905933550748,0.999841540991553,0.929758581578569,5.92426466544469,"ok","2026-08-24 14:09:15"
"TM12",0.939372327516257,1.02811071782337,0.965778757946145,5.07276085217794,"ok","2026-08-24 14:14:19"
"TM13",0.899511140393015,0.995863426181288,0.895790246160026,5.56556228399277,"ok","2026-08-24 14:19:53"
"TM14",0.859196088823266,0.986872837333459,0.847917282002827,5.20643059810003,"ok","2026-08-24 14:25:06"
"TM15",0.921070617250709,0.995041286901467,0.916503292316273,4.7175969004631,"ok","2026-08-24 14:29:49"
"TM16",0.943284327101635,0.991190715965473,0.934974667538879,7.21091671387355,"ok","2026-08-24 14:37:02"
"TM17",0.911338406899263,0.99033946514592,0.902534390455551,7.18805614709854,"ok","2026-08-24 14:44:13"
"TM18",0.926832323522009,0.988372492963379,0.91605557415849,5.77973141670227,"ok","2026-08-24 14:50:00"
"TM19",0.917948599142811,0.992281921212096,0.910863799531381,9.61265428066254,"ok","2026-08-24 14:59:36"
"TM21",0.962747424947459,0.996503910340702,0.959381573630585,1.56285096804301,"ok","2026-08-24 15:01:10"
"TM22",0.970494077756709,1.01420532537288,0.984280261903697,4.53493593533834,"ok","2026-08-24 15:05:42"
"TM23",0.927685147350831,1.0048488902999,0.932183390863179,8.62109653552373,"ok","2026-08-24 15:14:20"
"TM24",0.863605667213271,0.996874931175115,0.860906840065669,5.58009261687597,"ok","2026-08-24 15:19:54"
"TM25",0.904786373581351,1.00591934626829,0.91014211742541,4.92399249871572,"ok","2026-08-24 15:24:50"
"TM26",0.933568297563982,1.00245127095681,0.935856726417999,4.60841005245844,"ok","2026-08-24 15:29:26"
"TM27",0.938671455118927,1.00163635829759,0.940207457943221,5.00829388300578,"ok","2026-08-24 15:34:27"
"TM28",0.917774848812341,0.999403987640438,0.917227843659154,5.08261033296585,"ok","2026-08-24 15:39:32"
"TM29",0.901844798461552,1.00292367106211,0.904481496001329,5.25712251663208,"ok","2026-08-24 15:44:47"
"TM33",0.968784175641807,0.992400849196732,0.961422238595285,2.57449944814046,"ok","2026-08-24 15:47:22"
"TM34",0.888781382644974,0.985627032210929,0.876006956460692,4.36308890183767,"ok","2026-08-24 15:51:43"
"TM35",0.856710345261538,0.996617177568674,0.853812246288438,5.20575028260549,"ok","2026-08-24 15:56:56"
"TM36",0.903023538737348,0.993555197658202,0.897203730520195,4.62693633238475,"ok","2026-08-24 16:01:33"
"TM37",0.921215924575116,0.992726498207171,0.914515458896137,5.69988013505936,"ok","2026-08-24 16:07:15"
"TM38",0.933278612558775,0.992212886258028,0.926011065849829,4.70568445126216,"ok","2026-08-24 16:11:58"
"TM39",0.898023998188266,0.995135449759014,0.893655515331468,5.08200624783834,"ok","2026-08-24 16:17:03"
"TM44",0.979111488162396,0.994053038164614,0.973288749509706,1.80575681527456,"ok","2026-08-24 16:18:51"
"TM45",0.925409032096607,1.00587397388791,0.93084486058678,4.41334900061289,"ok","2026-08-24 16:23:16"
"TM46",0.906055784059149,1.00312896727172,0.908890802953826,5.3741505463918,"ok","2026-08-24 16:28:38"
"TM47",0.888923314779671,1.00223424632926,0.890909388432707,6.72732195059458,"ok","2026-08-24 16:35:22"
"TM48",0.904968185850265,1.00136126603122,0.906200088300998,6.79624267021815,"ok","2026-08-24 16:42:10"
"TM49",0.903836322080951,1.00369918090767,0.907179776147252,5.86089796622594,"ok","2026-08-24 16:48:01"
"TM57",0.975149121563934,0.994368900229272,0.96965795956907,1.49547585248947,"ok","2026-08-24 16:49:31"
"TM58",0.935707241638281,0.999339437638412,0.935089148652989,3.44285804828008,"ok","2026-08-24 16:52:58"
"TM59",0.885081438833885,1.00114749331152,0.886097063865101,3.33944696585337,"ok","2026-08-24 16:56:18"
"TQ00",0.867463501037085,0.998740404607839,0.866370848008311,8.04787362019221,"ok","2026-08-24 17:04:21"
"TQ01",0.857978042094895,1.00508289184064,0.862339051684511,10.2706438501676,"ok","2026-08-24 17:14:37"
"TQ02",0.824909639343153,0.996413306911086,0.821950941640742,7.77387678225835,"ok","2026-08-24 17:22:24"
"TQ03",0.808937419677907,0.986315494312205,0.797867510957254,8.89208854834239,"ok","2026-08-24 17:31:17"
"TQ04",0.738421093292626,1.01093260099291,0.746493956470346,7.5815332531929,"ok","2026-08-24 17:38:52"
"TQ05",0.782095895005688,0.998270950769229,0.780743612700039,8.40634198188782,"ok","2026-08-24 17:47:16"
"TQ06",0.757019246418042,0.985749506462317,0.74623134853906,4.95074966351191,"ok","2026-08-24 17:52:14"
"TQ07",0.87607280558799,1.00495947630403,0.880417667907912,9.9592094818751,"ok","2026-08-24 18:02:11"
"TQ08",0.83257694374042,0.99527935126116,0.828646640440965,6.67992356618245,"ok","2026-08-24 18:08:52"
"TQ09",0.822467950011814,1.00261471008173,0.824618465252612,5.31220159928004,"ok","2026-08-24 18:14:11"
"TQ10",0.890048757335964,0.995469936617232,0.886016780051479,6.32292865117391,"ok","2026-08-24 18:20:30"
"TQ11",0.847385769849437,1.00138428042868,0.848558789386183,9.50827096700668,"ok","2026-08-24 18:30:01"
"TQ12",0.833930332228355,0.992622954875406,0.827778390536739,5.94542886416117,"ok","2026-08-24 18:35:57"
"TQ13",0.813379026037052,0.982519464165297,0.799160724825216,5.47552977005641,"ok","2026-08-24 18:41:26"
"TQ14",0.744677980701328,1.00675015495657,0.749704672463806,7.36295016606649,"ok","2026-08-24 18:48:48"
"TQ15",0.754585792106343,0.994145341035819,0.750167949634344,7.32855008443197,"ok","2026-08-24 18:56:07"
"TQ16",0.756707207939185,0.981639293859715,0.742813529259978,5.01287936766942,"ok","2026-08-24 19:01:08"
"TQ17",0.792623057827299,1.00159950851162,0.793890865154797,5.39680986404419,"ok","2026-08-24 19:06:32"
"TQ18",0.824365366893171,0.99175514448834,0.81756859355432,6.67371813058853,"ok","2026-08-24 19:13:12"
"TQ19",0.82150896634417,1.00113619152495,0.822442357869402,5.59925626913706,"ok","2026-08-24 19:18:48"
"TQ20",0.899082517760498,0.999303612943791,0.898456408332666,4.7629226843516,"ok","2026-08-24 19:23:34"
"TQ21",0.882851451997489,1.00536656811209,0.887589334447495,10.8423567175865,"ok","2026-08-24 19:34:25"
"TQ22",0.800481607046693,0.996816351627515,0.797933155081215,6.38794676462809,"ok","2026-08-24 19:40:48"
"TQ23",0.755290699425467,0.987029433758005,0.745494151376606,5.33508683443069,"ok","2026-08-24 19:46:08"
"TQ24",0.83834609072958,1.01179368585934,0.848233281165054,6.94285616477331,"ok","2026-08-24 19:53:05"
"TQ25",0.773609451240488,0.999516660813331,0.773235535477526,6.73417704900106,"ok","2026-08-24 19:59:49"
"TQ26",0.771891342103575,0.987192608192516,0.76200542725245,6.04481906890869,"ok","2026-08-24 20:05:51"
"TQ27",0.725782276842902,1.00725714324195,0.731049382788421,5.28372559944789,"ok","2026-08-24 20:11:08"
"TQ28",0.740956104045673,0.996986358464552,0.738723127954577,6.54427309830983,"ok","2026-08-24 20:17:41"
"TQ29",0.811312496707558,1.00593278901505,0.816125842575796,5.26188881794612,"ok","2026-08-24 20:22:57"
"TQ30",0.882046993503071,0.997084290049371,0.879475200307192,5.67359551588694,"ok","2026-08-24 20:28:37"
"TQ31",0.865887143045255,1.00360107990848,0.869005271839086,8.71411748329798,"ok","2026-08-24 20:37:20"
"TQ32",0.785244568858063,0.995727359944485,0.781889501459784,5.69783378044764,"ok","2026-08-24 20:43:02"
"TQ33",0.74051615183963,0.986754296740401,0.730707494633423,5.48248725334803,"ok","2026-08-24 20:48:31"
"TQ34",0.850880910902821,1.01062604817998,0.859922412457498,6.89448974927266,"ok","2026-08-24 20:55:25"
"TQ35",0.778120163636312,0.999109793367217,0.777427475905541,6.83406680027644,"ok","2026-08-24 21:02:15"
"TQ36",0.75350019372159,0.987292266474089,0.743924914048054,6.20500404834747,"ok","2026-08-24 21:08:27"
"TQ37",0.742583979170364,1.01112449641265,0.75084485198274,9.09113858143489,"ok","2026-08-24 21:17:32"
"TQ38",0.742392560078605,1.00048257030311,0.742750816681345,9.20645938316981,"ok","2026-08-24 21:26:45"
"TQ39",0.810726107922976,1.00814190522903,0.817326963060386,5.63413233359655,"ok","2026-08-24 21:32:23"
"TQ40",0.932405666537121,1.00269185781152,0.934915570014091,10.9790051142375,"ok","2026-08-24 21:43:22"
"TQ41",0.867698425883054,1.0100790685267,0.876444017778035,8.80875997940699,"ok","2026-08-24 21:52:10"
"TQ42",0.786095188468387,1.00318439792103,0.788598428352275,7.22885096470515,"ok","2026-08-24 21:59:24"
"TQ43",0.752258598090642,0.995300024927032,0.74872300143119,6.55507928530375,"ok","2026-08-24 22:05:57"
"TQ44",0.839696025444812,1.02059848625454,0.856992492482932,7.58952911694845,"ok","2026-08-24 22:13:33"
"TQ45",0.783818853867491,1.01003625465311,0.791685459486814,6.75837473074595,"ok","2026-08-24 22:20:18"
"TQ46",0.785882034272371,0.998809874778557,0.784946736242304,5.72193448543549,"ok","2026-08-24 22:26:01"
"TQ47",0.779082273537078,1.02319351557146,0.797151930379807,5.79553914864858,"ok","2026-08-24 22:31:49"
"TQ48",0.83141189377693,1.01213552381341,0.841501512612609,6.32808423439662,"ok","2026-08-24 22:38:09"
"TQ49",0.811578748472356,1.01886556915452,0.826889643476,5.84951020081838,"ok","2026-08-24 22:44:00"
"TQ50",0.873261675647162,0.994799535706394,0.868720309483984,9.89194821914037,"ok","2026-08-24 22:53:53"
"TQ51",0.828160924695662,0.998096610545742,0.826584611925168,6.7225394487381,"ok","2026-08-24 23:00:37"
"TQ52",0.762278030104571,0.992520667094065,0.756576698950538,6.70028836727142,"ok","2026-08-24 23:07:19"
"TQ53",0.755078945892665,0.986079709677975,0.744568027749791,7.49909454981486,"ok","2026-08-24 23:14:49"
"TQ54",0.800001436955145,1.00713693461181,0.80571099490005,6.17890931367874,"ok","2026-08-24 23:20:59"
"TQ55",0.769922454102574,0.997970757585369,0.768360094802732,6.50918906927109,"ok","2026-08-24 23:27:30"
"TQ56",0.84910453337863,0.987776050903932,0.838725122785369,8.6003647963206,"ok","2026-08-24 23:36:06"
"TQ57",0.865763376868466,1.00635060423707,0.871261497437905,9.40001066525777,"ok","2026-08-24 23:45:30"
"TQ58",0.861948406622744,0.995231158724587,0.857837911483965,5.80908770163854,"ok","2026-08-24 23:51:18"
"TQ59",0.842897860710075,1.00590876323878,0.847878344603484,7.45314199924469,"ok","2026-08-24 23:58:46"
"TQ60",0.941381518388256,1.00169322980731,0.942975493635245,5.50310551722844,"ok","2026-08-25 00:04:16"
"TQ61",0.828715782011672,1.0060357431467,0.833717697613512,7.53398151397705,"ok","2026-08-25 00:11:48"
"TQ62",0.778194591567161,1.00166571482041,0.7794908418315,6.29020158449809,"ok","2026-08-25 00:18:05"
"TQ63",0.769263454096605,0.996570600665623,0.766625342519165,5.88478809992472,"ok","2026-08-25 00:23:58"
"TQ64",0.835318542412768,1.01933154857912,0.851466543394459,7.80896966854731,"ok","2026-08-25 00:31:47"
"TQ65",0.815574419998588,1.01140781020937,0.824878338193551,8.28043930133184,"ok","2026-08-25 00:40:04"
"TQ66",0.814864086907685,1.00214535180122,0.81661225704428,7.55940244992574,"ok","2026-08-25 00:47:37"
"TQ67",0.902204458201014,1.02160790660722,0.921699207874439,9.97875133355459,"ok","2026-08-25 00:57:36"
"TQ68",0.914094595902138,0.984583882427201,0.900002806139051,9.6190260330836,"ok","2026-08-25 01:07:13"
"TQ69",0.848711739086038,1.00293000182151,0.851198466027495,5.36238058408101,"ok","2026-08-25 01:12:35"
"TQ70",0.870796684211717,0.996677584914479,0.867903536171669,2.620984852314,"ok","2026-08-25 01:15:12"
"TQ71",0.755526390496703,0.99772045720457,0.753804135756489,6.11618276834488,"ok","2026-08-25 01:21:19"
"TQ72",0.786393279791027,0.994421230762409,0.782006173153081,5.37867441574732,"ok","2026-08-25 01:26:42"
"TQ73",0.776679293784922,0.990586684701527,0.769368166706729,5.85337378581365,"ok","2026-08-25 01:32:33"
"TQ74",0.891283067983186,1.00619146769635,0.896801418306909,7.29051984945933,"ok","2026-08-25 01:39:51"
"TQ75",0.830277043705907,0.999687691434675,0.830017741073566,7.70499565203985,"ok","2026-08-25 01:47:33"
"TQ76",0.828467246982542,0.991674647477063,0.821569965097705,8.05525705019633,"ok","2026-08-25 01:55:36"
"TQ77",0.937515673031733,1.01020172722696,0.947079952199002,8.96039156516393,"ok","2026-08-25 02:04:34"
"TQ78",0.911618577533624,0.999239555543993,0.910925342240346,9.03601576487223,"ok","2026-08-25 02:13:36"
"TQ79",0.888728180542141,1.0174778343861,0.904261224495919,6.2071053147316,"ok","2026-08-25 02:19:48"
"TQ80",0.955906758925573,0.994122114518874,0.950288048465974,1.64929366906484,"ok","2026-08-25 02:21:27"
"TQ81",0.844311390114623,0.993819112087555,0.839092796049125,7.49864911635717,"ok","2026-08-25 02:28:57"
"TQ82",0.848099234646068,0.991192841712159,0.840629890442743,6.06701143185298,"ok","2026-08-25 02:35:01"
"TQ83",0.814422003423082,0.988236792919179,0.80484178874564,5.75031026601791,"ok","2026-08-25 02:40:46"
"TQ84",0.885440391206827,0.994278336606487,0.880374199333321,8.56518868207931,"ok","2026-08-25 02:49:20"
"TQ85",0.857163467760435,0.989091709566411,0.847813279705042,6.27518589893977,"ok","2026-08-25 02:55:37"
"TQ86",0.893107513620197,0.982266096770644,0.877269231400246,8.92196069955826,"ok","2026-08-25 03:04:32"
"TQ87",0.980141567286658,1.0057566828174,0.98578393140568,8.86888743241628,"ok","2026-08-25 03:13:24"
"TQ88",0.902224309541047,0.995324399234184,0.89800586886842,6.02130490144094,"ok","2026-08-25 03:19:26"
"TQ89",0.911555989925296,0.983771648144604,0.896762938584895,6.8898572007815,"ok","2026-08-25 03:26:19"
"TQ91",0.981736270718468,0.999237430607009,0.980987628686428,4.63908198277156,"ok","2026-08-25 03:30:57"
"TQ92",0.950019228763786,0.996833151970965,0.94701066224163,7.04717160065969,"ok","2026-08-25 03:38:00"
"TQ93",0.873649077085913,0.994264052345456,0.868637871711307,5.09802703460058,"ok","2026-08-25 03:43:06"
"TQ94",0.867598460309191,1.00100303920653,0.868468695580409,8.89204268455505,"ok","2026-08-25 03:52:00"
"TQ95",0.863472298421558,0.996691451466234,0.860615458414668,6.9014781832695,"ok","2026-08-25 03:58:54"
"TQ96",0.937938512300933,0.990733850757212,0.929247434065394,7.61878158251444,"ok","2026-08-25 04:06:31"
"TQ97",0.956106284013577,1.01530902540712,0.970743339407451,4.95690997044245,"ok","2026-08-25 04:11:28"
"TQ98",0.965208427265249,1.00560258345692,0.970616088032324,5.29603363275528,"ok","2026-08-25 04:16:46"
"TQ99",0.970784881885336,0.994492570844605,0.965438352923224,7.22802766958872,"ok","2026-08-25 04:24:00"
"TR01",0.985318980537839,1.00657755981772,0.991799975071858,4.41678476333618,"ok","2026-08-25 04:28:25"
"TR02",0.974988049190358,1.00404303734081,0.978929962280074,5.58532583316167,"ok","2026-08-25 04:34:00"
"TR03",0.912896363293604,1.00143672673052,0.914207945900945,7.36827891667684,"ok","2026-08-25 04:41:22"
"TR04",0.870945052717166,1.00104657345215,0.871856560687619,8.89093441565831,"ok","2026-08-25 04:50:15"
"TR05",0.855862187969653,0.997101034113658,0.853381072683319,7.52906538248062,"ok","2026-08-25 04:57:47"
"TR06",0.955343830652975,0.991724385533914,0.947437773427937,9.67020023663839,"ok","2026-08-25 05:07:27"
"TR07",0.969748189780162,1.00427000171999,0.97388901621848,1.47763191858927,"ok","2026-08-25 05:08:56"
"TR08",0.99746832390077,0.995636060036406,0.993115432019681,1.16316510041555,"ok","2026-08-25 05:10:06"
"TR09",0.992351440016229,0.985580557900597,0.978042285884656,4.14213710228602,"ok","2026-08-25 05:14:14"
"TR11",0.98997401907518,1.00982534314258,0.999700853514837,0.629412718613942,"ok","2026-08-25 05:14:52"
"TR12",0.989352673696315,1.0068684909074,0.996148033539809,1.06122583150864,"ok","2026-08-25 05:15:56"
"TR13",0.904523084327052,1.00386290460108,0.908017170711282,7.7458482503891,"ok","2026-08-25 05:23:40"
"TR14",0.853598810415566,1.00318983428983,0.856321649170784,5.76044761737188,"ok","2026-08-25 05:29:26"
"TR15",0.841848812048474,0.999143645647316,0.841127891153975,6.32441521485647,"ok","2026-08-25 05:35:46"
"TR16",0.871494733336115,0.99404951544197,0.866308917382993,6.10257869958878,"ok","2026-08-25 05:41:52"
"TR23",0.905559299206986,1.01552607296651,0.919619078961976,2.81032225290934,"ok","2026-08-25 05:44:40"
"TR24",0.869013680080343,1.00007990523415,0.869083118821932,7.48325186570485,"ok","2026-08-25 05:52:09"
"TR25",0.919104982158373,0.995699209516211,0.915152104197503,7.34805576403936,"ok","2026-08-25 05:59:30"
"TR26",0.954133999432137,0.990728796790552,0.945288029234358,5.43043303489685,"ok","2026-08-25 06:04:56"
"TR27",0.996373513594214,0.997044495274815,0.993428726966737,0.603111465771993,"ok","2026-08-25 06:05:32"
"TR33",0.979644027078904,1.01681995803062,0.996121598499318,0.613399581114451,"ok","2026-08-25 06:06:09"
"TR34",0.914088150959571,1.00079783936655,0.914817446470904,5.5364623149236,"ok","2026-08-25 06:11:41"
"TR35",0.938233193664672,0.996071529789051,0.934547372512438,6.38174963394801,"ok","2026-08-25 06:18:04"
"TR36",0.93525483198162,0.991082287032874,0.926914497838891,5.94454498291016,"ok","2026-08-25 06:24:01"
"TR37",0.915433323253524,0.998141277274663,0.913731786532062,1.42799223264058,"ok","2026-08-25 06:25:27"
"TR46",0.984283170867395,1.00225200942207,0.986499785842173,1.2456933816274,"ok","2026-08-25 06:26:41"
"TR47",0.997028424890691,0.999476760899586,0.996506740634564,0.560212051868439,"ok","2026-08-25 06:27:15"
"TV09",0.998149359160885,1.00559001130773,1.0037290253654,0.684841032822927,"ok","2026-08-25 06:27:56"
"TV49",0.923542763521233,1.00865798094862,0.931538779173033,0.803459533055623,"ok","2026-08-25 06:28:44"
"TV59",0.913453365386626,0.999965777338362,0.91342210458118,2.88018676837285,"ok","2026-08-25 06:31:37"
"TV69",0.890516335934132,1.0061081835231,0.895955773144339,0.756153631210327,"ok","2026-08-25 06:32:22"
