"grid","easting","northing","era5_raw","era5_smooth","residual_pct"
"HP40",445000,1205000,913308.231111111,913390.9024739,-0.00905103856026685
"HP50",455000,1205000,916953.297777778,916252.971440194,0.0764337316672783
"HP51",455000,1215000,916953.297777778,912751.782836671,0.460312981043947
"HP52",455000,1225000,915060.266666667,909278.305092806,0.635884694650265
"HP60",465000,1205000,920280.248888889,919165.68312298,0.121258417973382
"HP61",465000,1215000,920280.248888889,915601.077743179,0.511049108553217
"HP62",465000,1225000,918560.106666667,912078.926805508,0.710594189897385
"HT93",395000,1135000,920589.208888889,916547.36434805,0.4409858887886
"HT94",395000,1145000,911403.573333333,913679.30107416,-0.249072922868172
"HU06",405000,1165000,911403.573333333,911332.122097079,0.00784030701016383
"HU14",415000,1145000,915716.782222222,917488.158725664,-0.19306805069862
"HU15",415000,1155000,915716.782222222,915619.509633371,0.0106236911541742
"HU16",415000,1165000,915716.782222222,913901.033844567,0.198681072721528
"HU17",415000,1175000,908900.071111111,912067.039367394,-0.347229767066147
"HU23",425000,1135000,928086.257777778,921840.616808027,0.677518527158973
"HU24",425000,1145000,919527.288888889,919830.664789577,-0.0329817119933756
"HU25",425000,1155000,919527.288888889,918240.565133452,0.140129265063531
"HU26",425000,1165000,919527.288888889,916723.839393813,0.305811780451711
"HU27",425000,1175000,913123.04,915004.556609202,-0.205629206500801
"HU28",425000,1185000,913123.04,912945.89370909,0.0194038104701101
"HU29",425000,1195000,908955.2,910458.221291638,-0.165084048503127
"HU30",435000,1105000,939954.542222222,934805.222967536,0.550844082614267
"HU31",435000,1115000,931242.115555556,930352.029013189,0.0956720160335625
"HU32",435000,1125000,931242.115555556,926905.68920367,0.467839004808686
"HU33",435000,1135000,931242.115555556,924431.203997032,0.736767812366591
"HU34",435000,1145000,923156.088888889,922664.511243118,0.0532780484976528
"HU35",435000,1155000,923156.088888889,921239.630955657,0.208030339646095
"HU36",435000,1165000,923156.088888889,919807.77744642,0.36402295398772
"HU37",435000,1175000,917304.8,918125.853951835,-0.0894271682145768
"HU38",435000,1185000,917304.8,916044.518250612,0.13757865739923
"HU39",435000,1195000,913308.231111111,913494.252200216,-0.0203636846818566
"HU40",445000,1105000,942774.791111111,937811.805254934,0.52920914711964
"HU41",445000,1115000,931242.115555556,933428.250938315,-0.2342049729652
"HU42",445000,1125000,931242.115555556,930161.574065644,0.116167074628636
"HU43",445000,1135000,931242.115555556,927780.152634416,0.373144748926661
"HU44",445000,1145000,923156.088888889,926039.418024565,-0.311361382631734
"HU45",445000,1155000,923156.088888889,924624.734541831,-0.158836941958956
"HU46",445000,1165000,923156.088888889,923162.502193973,-0.000694710310396288
"HU47",445000,1175000,917304.8,921422.885293122,-0.446926743284877
"HU48",445000,1185000,917304.8,919235.706119154,-0.210055604487584
"HU49",445000,1195000,913308.231111111,916539.491437093,-0.352550038069314
"HU53",455000,1135000,934020.071111111,931742.100925865,0.244485054714454
"HU54",455000,1145000,926434.773333333,929868.436680952,-0.369263350832117
"HU55",455000,1155000,926434.773333333,928306.431106282,-0.201620683670002
"HU56",455000,1165000,926434.773333333,926696.491711646,-0.0282420814854818
"HU57",455000,1175000,920745.955555556,924814.342341269,-0.439913894005342
"HU58",455000,1185000,920745.955555556,922455.611908451,-0.185337519857256
"HU59",455000,1195000,916953.297777778,919557.972681931,-0.283252930378799
"HU65",465000,1155000,928779.644444444,932137.431246848,-0.360224435780077
"HU66",465000,1165000,928779.644444444,930272.950839103,-0.16052346715142
"HU67",465000,1175000,923784.942222222,928133.280531313,-0.46850365139381
"HU68",465000,1185000,923784.942222222,925594.521627372,-0.195504550088339
"HU69",465000,1195000,920280.248888889,922567.008518734,-0.247869218032977
"HU77",475000,1175000,923784.942222222,931425.685111162,-0.820327698825284
"HW62",165000,1025000,937616.782222222,945546.486955787,-0.838637215933695
"HW63",165000,1035000,926352.728888889,941376.031896777,-1.59588756233977
"HW73",175000,1035000,926352.728888889,940733.057020934,-1.52863004278641
"HW83",185000,1035000,928229.724444444,939541.370112396,-1.20395397454377
"HX51",255000,1015000,936098.986666667,924510.789672303,1.25344096832779
"HX62",265000,1025000,933080.64,919913.609065231,1.43133342142294
"HY10",315000,1005000,925244.035555556,921833.749138005,0.369945927965801
"HY20",325000,1005000,932307.626666667,927330.941510743,0.536667648317228
"HY21",325000,1015000,932307.626666667,928269.896124014,0.434973767813923
"HY22",325000,1025000,932307.626666667,929476.279908073,0.304617430245134
"HY23",325000,1035000,939564.48,930203.665862433,1.00631877524246
"HY30",335000,1005000,932307.626666667,935300.073504705,-0.319945108827496
"HY31",335000,1015000,932307.626666667,936053.248003096,-0.400150455587814
"HY32",335000,1025000,932307.626666667,936897.387959438,-0.489889432050629
"HY33",335000,1035000,939564.48,937088.093906398,0.264263958714769
"HY34",335000,1045000,939564.48,936297.880512759,0.348884639731505
"HY35",335000,1055000,935439.626666667,934547.683170336,0.0954411971045288
"HY40",345000,1005000,945027.093333333,944976.197897787,0.0053858960320269
"HY41",345000,1015000,945027.093333333,945272.840901893,-0.0259975276900455
"HY42",345000,1025000,945027.093333333,945449.048955271,-0.0446301810133892
"HY43",345000,1035000,944796.871111111,944772.38944763,0.00259127634911766
"HY44",345000,1045000,944796.871111111,942990.464024948,0.191561543311151
"HY45",345000,1055000,937320.32,940194.878125105,-0.305740670576398
"HY50",355000,1005000,958871.982222222,955098.03251234,0.39513741850717
"HY51",355000,1015000,958871.982222222,954729.228751697,0.433919204080746
"HY52",355000,1025000,958871.982222222,954058.635672828,0.504512654612611
"HY53",355000,1035000,949551.733333333,952411.311799051,-0.300246167836424
"HY54",355000,1045000,949551.733333333,949533.158613163,0.00195619499982439
"HY55",355000,1055000,939694.737777778,945621.632856268,-0.626772365664673
"HY60",365000,1005000,966383.004444444,964522.039251601,0.19294169724598
"HY61",365000,1015000,966383.004444444,963271.473934976,0.323016988840893
"HY62",365000,1025000,966383.004444444,961644.143697705,0.492787355675846
"HY63",365000,1035000,955267.377777778,959032.409265821,-0.392586470662154
"HY64",365000,1045000,955267.377777778,955150.774408093,0.0122078495677327
"HY72",375000,1025000,966383.004444444,967661.544973474,-0.132126830467886
"HY73",375000,1035000,955267.377777778,964196.385144539,-0.926056922047386
"HY74",375000,1045000,955267.377777778,959573.419868674,-0.448745453108266
"HY75",375000,1055000,942224.053333333,954037.556401391,-1.23826394346759
"HZ16",415000,1065000,950391.52,955348.500964701,-0.518866252440383
"HZ17",415000,1075000,950391.52,948427.55515679,0.207075894466752
"HZ26",425000,1065000,952994.648888889,957346.251119682,-0.454548417116999
"HZ27",425000,1075000,952994.648888889,950367.478387397,0.276437332004427
"NA00",5000,905000,977398.026666667,969681.936822888,0.795734101128095
"NA10",15000,905000,978624.853333333,968442.187797752,1.05144795052113
"NA64",65000,945000,959432.693333333,948055.40766868,1.20006547851782
"NA74",75000,945000,955527.342222222,949327.017504516,0.653128437659487
"NA80",85000,905000,959935.84,964190.634366045,-0.441281445224059
"NA81",85000,915000,959935.84,959957.529662327,-0.00225943978316821
"NA90",95000,905000,959935.84,962849.75452481,-0.302634394526866
"NA91",95000,915000,959935.84,959645.239633426,0.0302820620133197
"NA92",95000,925000,959935.84,957051.821340679,0.301344043761443
"NA93",95000,935000,955262.506666667,954999.003472838,0.027591986260785
"NB00",105000,905000,959552.142222222,961320.034133856,-0.183902534937504
"NB01",105000,915000,959552.142222222,959398.074586135,0.0160587810386528
"NB02",105000,925000,959552.142222222,957840.266320379,0.178722482446887
"NB03",105000,935000,953805.137777778,956670.690983714,-0.29953391830056
"NB04",105000,945000,953805.137777778,955713.304049652,-0.199658858340531
"NB10",115000,905000,959269.191111111,959475.345062265,-0.0214861124066658
"NB11",115000,915000,959269.191111111,959063.552808588,0.0214415720335223
"NB12",115000,925000,959269.191111111,958709.694437085,0.0583593424863241
"NB13",115000,935000,962442.88,958466.31028907,0.414888835240404
"NB14",115000,945000,962442.88,958135.04361112,0.449606390832314
"NB20",125000,905000,959269.191111111,956892.12426665,0.24841534214562
"NB21",125000,915000,959269.191111111,958183.500739314,0.113307145339018
"NB22",125000,925000,962442.88,959183.045016569,0.339855359242206
"NB23",125000,935000,962442.88,959925.681064069,0.262228523060289
"NB24",125000,945000,962442.88,960266.989174519,0.22659227589936
"NB25",125000,955000,956316.16,960019.477634649,-0.38575442695951
"NB30",135000,905000,961313.244444444,953017.208211385,0.870502249233143
"NB31",135000,915000,961313.244444444,956128.246594246,0.542291043975225
"NB32",135000,925000,968045.546666667,958622.206848159,0.983008713045626
"NB33",135000,935000,968045.546666667,960518.479161238,0.783646298195321
"NB34",135000,945000,968045.546666667,961662.504809726,0.663750725957992
"NB35",135000,955000,955495.715555556,961911.971650389,-0.667031525122267
"NB40",145000,905000,956034.417777778,947418.83612417,0.909374114710838
"NB41",145000,915000,956034.417777778,952393.520850385,0.382289132347544
"NB42",145000,925000,962597.92,956511.426516954,0.636322088195992
"NB43",145000,935000,962597.92,959712.522918732,0.300652227866414
"NB44",145000,945000,962597.92,961814.9959289,0.0814006928997637
"NB45",145000,955000,957821.76,962732.151970254,-0.51004757244313
"NB46",145000,965000,955495.715555556,962389.286083802,-0.716297513690925
"NB52",155000,925000,962597.92,952602.351685272,1.04929074519342
"NB53",155000,935000,962597.92,957212.441564763,0.562621023441062
"NB54",155000,945000,962597.92,960431.504708332,0.225566870833352
"NB55",155000,955000,957821.76,962155.459455499,-0.45041572158739
"NB56",155000,965000,957821.76,962391.108605263,-0.474791232421599
"NB90",195000,905000,900885.013333333,904031.34753359,-0.348033750028779
"NB91",195000,915000,900885.013333333,916352.779622382,-1.68797068476436
"NB93",195000,935000,930447.377777778,937285.306849884,-0.729546171494725
"NC00",205000,905000,891840.142222222,895861.343052967,-0.448864197783286
"NC01",205000,915000,891840.142222222,909050.675091312,-1.89324240558549
"NC02",205000,925000,924277.991111111,921355.648554393,0.317178557629039
"NC03",205000,935000,924277.991111111,932020.924812298,-0.830768225804163
"NC10",215000,905000,891840.142222222,889361.137917208,0.278739895338826
"NC11",215000,915000,891840.142222222,902988.341851181,-1.2345895414446
"NC12",215000,925000,924277.991111111,915900.533669107,0.91466891152954
"NC13",215000,935000,924277.991111111,927267.864732154,-0.322439042132257
"NC14",215000,945000,924277.991111111,936365.067046199,-1.29085079745836
"NC15",215000,955000,954035.288888889,942862.145343371,1.1850240886963
"NC16",215000,965000,954035.288888889,946611.93888241,0.784202026359714
"NC20",225000,905000,881812.533333333,885387.969459795,-0.403827050941697
"NC21",225000,915000,881812.533333333,898900.169437365,-1.90094925832837
"NC22",225000,925000,920560.284444444,911886.835579285,0.951154082584097
"NC23",225000,935000,920560.284444444,923432.53325762,-0.311040461509754
"NC24",225000,945000,920560.284444444,932767.95393913,-1.30875738635016
"NC25",225000,955000,951753.528888889,939375.569566732,1.31767950148692
"NC26",225000,965000,951753.528888889,943156.392518951,0.911528187491481
"NC27",225000,975000,959737.315555556,944445.905910096,1.61908792761658
"NC30",235000,905000,884062.524444444,884614.069870782,-0.0623487060767599
"NC31",235000,915000,884062.524444444,897487.816893809,-1.49587461764434
"NC32",235000,925000,919963.271111111,909887.374786324,1.10737840792145
"NC33",235000,935000,919963.271111111,920920.356841984,-0.103927090302935
"NC34",235000,945000,919963.271111111,929775.522287189,-1.05533550205116
"NC35",235000,955000,946497.511111111,935944.388755632,1.12753732831387
"NC36",235000,965000,946497.511111111,939375.2895263,0.758187027508719
"NC37",235000,975000,949796.177777778,940443.992089438,0.994443663525559
"NC40",245000,905000,885657.617777778,887665.270486948,-0.226172271904829
"NC41",245000,915000,884062.524444444,899222.372088962,-1.68588417226543
"NC42",245000,925000,919963.271111111,910275.907004149,1.06422283973705
"NC43",245000,935000,919963.271111111,919997.868411267,-0.00376058481695533
"NC44",245000,945000,919963.271111111,927641.194095942,-0.827682409286872
"NC45",245000,955000,946497.511111111,932792.765609232,1.46921652988247
"NC46",245000,965000,946497.511111111,935529.530499425,1.17238208459659
"NC47",245000,975000,949796.177777778,936142.339030366,1.45852165617831
"NC50",255000,905000,885657.617777778,894430.202940685,-0.980801535331081
"NC51",255000,915000,885657.617777778,904099.600148034,-2.03981755629981
"NC52",255000,925000,920409.724444444,913121.455600277,0.798170801865164
"NC53",255000,935000,920409.724444444,920802.256861113,-0.0426293934168045
"NC54",255000,945000,920409.724444444,926583.32721636,-0.666276047774581
"NC55",255000,955000,931330.826666667,930224.645194894,0.118915519760412
"NC56",255000,965000,931330.826666667,931856.545408295,-0.0564162739660246
"NC60",265000,905000,907804.551111111,904382.619082343,0.378372157598587
"NC61",265000,915000,907804.551111111,911721.731859102,-0.429646526029769
"NC62",265000,925000,932468.195555556,918184.863289045,1.555605285775
"NC63",265000,935000,932468.195555556,923273.034882847,0.995930816269916
"NC64",265000,945000,932468.195555556,926672.278440715,0.62545489378333
"NC65",265000,955000,917113.937777778,928379.259797221,-1.21343964770433
"NC66",265000,965000,917113.937777778,928654.223661108,-1.24268921513482
"NC70",275000,905000,930099.057777778,916660.18093684,1.46606966468238
"NC71",275000,915000,930099.057777778,921438.654015564,0.939878495922921
"NC72",275000,925000,932468.195555556,925059.317750798,0.8009084025846
"NC73",275000,935000,932468.195555556,927231.811000366,0.564733057372099
"NC74",275000,945000,917113.937777778,927935.404524804,-1.16618750553736
"NC75",275000,955000,917113.937777778,927463.786650269,-1.11593024131672
"NC76",275000,965000,917113.937777778,926250.666504119,-0.986420745134292
"NC80",285000,905000,930099.057777778,930238.34238144,-0.0149730017906755
"NC81",285000,915000,930099.057777778,932463.673376649,-0.25358795912216
"NC82",285000,925000,936161.404444444,933226.308876215,0.31451058980151
"NC83",285000,935000,936161.404444444,932454.175374103,0.397577614884352
"NC84",285000,945000,915030.542222222,930429.781956785,-1.65506737135785
"NC85",285000,955000,915030.542222222,927714.413108403,-1.36721718526314
"NC86",285000,965000,915030.542222222,924952.989010843,-1.07275147023766
"NC87",285000,975000,910970.008888889,922596.962947956,-1.2602419611176
"NC90",295000,905000,951158.044444444,944134.355904125,0.7439289224459
"NC91",295000,915000,951158.044444444,944028.119898439,0.755266119273291
"NC92",295000,925000,946674.115555556,942172.347129559,0.477807318343757
"NC93",295000,935000,946674.115555556,938717.698155652,0.847583614918136
"NC94",295000,945000,925105.475555556,934199.196546007,-0.973424193049366
"NC95",295000,955000,925105.475555556,929404.395971518,-0.462545737312581
"NC96",295000,965000,925105.475555556,925159.945759408,-0.00588765262723506
"ND01",305000,915000,969838.684444444,955521.958539515,1.49831469355368
"ND02",305000,925000,960858.275555556,951497.136771407,0.9838325752522
"ND03",305000,935000,960858.275555556,945878.795488055,1.58365745579183
"ND04",305000,945000,934277.173333333,939343.728045825,-0.539371750853316
"ND05",305000,955000,925105.475555556,932825.915891647,-0.827639992046311
"ND06",305000,965000,925105.475555556,927266.261168917,-0.233027524439176
"ND07",305000,975000,911690.4,923220.456975049,-1.24889530858394
"ND11",315000,915000,969838.684444444,966515.28083388,0.343854223152786
"ND12",315000,925000,960858.275555556,960965.566046811,-0.0111648632424139
"ND13",315000,935000,960858.275555556,953851.258224853,0.734602724511079
"ND14",315000,945000,934277.173333333,945925.068024602,-1.23137604499617
"ND15",315000,955000,934277.173333333,938195.723016005,-0.417668678991021
"ND16",315000,965000,934277.173333333,931621.41598004,0.285068302181442
"ND17",315000,975000,919995.022222222,926739.570950481,-0.72777174296565
"ND19",315000,995000,919995.022222222,922070.288271263,-0.225065927775571
"ND23",325000,935000,973337.511111111,962436.75474016,1.13262054023422
"ND24",325000,945000,945258.346666667,953822.99577531,-0.897928561858715
"ND25",325000,955000,945258.346666667,945470.717153835,-0.0224618788625488
"ND26",325000,965000,945258.346666667,938327.336387305,0.738655905096723
"ND27",325000,975000,931062.293333333,932863.203052349,-0.19305185509764
"ND28",325000,985000,931062.293333333,929220.862821685,0.198169303480438
"ND29",325000,995000,931062.293333333,927469.034930703,0.387426239292055
"ND33",335000,935000,982589.973333333,971441.719638527,1.14759881827545
"ND34",335000,945000,954997.848888889,962713.403897579,-0.801438411208752
"ND35",335000,955000,954997.848888889,954253.831492503,0.0779684997672177
"ND36",335000,965000,954997.848888889,946881.855364883,0.857128423997385
"ND37",335000,975000,943871.2,941214.517464584,0.282261109037389
"ND38",335000,985000,943871.2,937385.795684875,0.691860741327596
"ND39",335000,995000,931062.293333333,935515.676591135,-0.476035128992033
"ND46",345000,965000,954997.848888889,956767.162653296,-0.184926263512278
"ND47",345000,975000,943871.2,951168.785256981,-0.767222954547397
"ND48",345000,985000,943871.2,947418.82681323,-0.374451796061859
"ND49",345000,995000,943871.2,945451.188979314,-0.167114812243211
"ND59",355000,995000,957818.542222222,956027.105141312,0.187383503174371
"ND69",365000,995000,976974.56,966096.721955568,1.12595745303978
"NF09",5000,895000,977398.026666667,976943.756615354,0.0464990996908798
"NF19",15000,895000,978624.853333333,975658.491964569,0.304036852361297
"NF56",55000,865000,993029.048888889,994225.106420554,-0.12030047561074
"NF57",55000,875000,974541.973333333,987239.117701247,-1.2861265462696
"NF58",55000,885000,974541.973333333,980199.35697105,-0.57716663426493
"NF60",65000,805000,1023392.33777778,1021624.04927924,0.173086029032713
"NF61",65000,815000,1023392.33777778,1016976.9221182,0.630831980553851
"NF62",65000,825000,1015574.63111111,1012293.0911547,0.324168957102383
"NF63",65000,835000,1015574.63111111,1007479.65396726,0.803487902904028
"NF65",65000,855000,995046.648888889,997020.748019481,-0.19799980436855
"NF66",65000,865000,995046.648888889,991206.979486581,0.387373120021491
"NF67",65000,875000,971724.871111111,985007.98689249,-1.34852873866383
"NF68",65000,885000,974541.973333333,978618.525339963,-0.41656190855506
"NF70",75000,805000,1013406.72,1011581.42497172,0.180439753362194
"NF71",75000,815000,1013406.72,1007526.8556137,0.583593812267694
"NF72",75000,825000,1015574.63111111,1003642.75164642,1.18885723481945
"NF73",75000,835000,1015574.63111111,999796.542720921,1.57812992103879
"NF74",75000,845000,995046.648888889,995897.075032677,-0.0853929753494335
"NF75",75000,855000,995046.648888889,991710.622275554,0.336391134510638
"NF76",75000,865000,995046.648888889,987090.266119175,0.806044091691298
"NF77",75000,875000,971724.871111111,981932.117005479,-1.0395062670418
"NF80",85000,805000,1013406.72,998952.516369148,1.44693600486514
"NF81",85000,815000,1013406.72,995497.886794042,1.79898254366295
"NF82",85000,825000,1002249.13777778,992539.954513239,0.978215861274834
"NF83",85000,835000,1002249.13777778,989894.382056701,1.24808827537811
"NF84",85000,845000,983928.693333333,987406.14602984,-0.352180580452049
"NF85",85000,855000,983928.693333333,984761.904232769,-0.0846103911873608
"NF86",85000,865000,983928.693333333,981637.872634003,0.233367187961411
"NF87",85000,875000,966346.346666667,977824.323588439,-1.17382812483635
"NF88",85000,885000,966346.346666667,973444.320841491,-0.729160777135021
"NF89",85000,895000,966346.346666667,968794.076956191,-0.25265743750365
"NF95",95000,855000,973962.311111111,976036.139158799,-0.212474514465759
"NF96",95000,865000,973962.311111111,974671.828679821,-0.0727955346437692
"NF97",95000,875000,961012.053333333,972528.573879812,-1.18418325751959
"NF98",95000,885000,966346.346666667,969644.587805661,-0.340149491934847
"NF99",95000,895000,966346.346666667,966297.097309383,0.00509670963728248
"NG07",105000,875000,961012.053333333,965965.452786799,-0.512792609629566
"NG08",105000,885000,961012.053333333,964959.926917914,-0.409123060393815
"NG09",105000,895000,961012.053333333,963301.796375203,-0.237697370697935
"NG10",115000,805000,961993.831111111,945322.410162714,1.7635698433858
"NG13",115000,835000,947963.857777778,946753.12792528,0.127882318714969
"NG14",115000,845000,957944.302222222,949879.168459312,0.849069442799961
"NG15",115000,855000,957944.302222222,953214.570835327,0.496187483029176
"NG18",115000,885000,953217.688888889,959303.040553267,-0.634351337077809
"NG19",115000,895000,953217.688888889,959671.76339065,-0.672529373893215
"NG20",125000,805000,926437.031111111,923174.957950028,0.353353731380094
"NG22",125000,825000,917590.88,924537.923161562,-0.751407052920598
"NG23",125000,835000,917590.88,928563.490620841,-1.18167586079708
"NG24",125000,845000,939808.177777778,933790.899855049,0.644392435572325
"NG25",125000,855000,939808.177777778,939369.597713955,0.0466887649855948
"NG26",125000,865000,939808.177777778,944573.138570597,-0.504456520966744
"NG29",125000,895000,953217.688888889,955085.422365546,-0.195556693979333
"NG30",135000,805000,882256.942222222,900025.982846944,-1.97428085003893
"NG31",135000,815000,917590.88,900259.095752626,1.92519957078401
"NG32",135000,825000,917590.88,903562.10999169,1.5526071592842
"NG33",135000,835000,917590.88,909276.91162866,0.914349442399076
"NG34",135000,845000,939808.177777778,916457.912916488,2.54788185384112
"NG35",135000,855000,939808.177777778,924172.713092381,1.69183362199466
"NG36",135000,865000,939808.177777778,931698.349842429,0.870434936019814
"NG37",135000,875000,945271.271111111,938455.24363433,0.726302881572122
"NG38",135000,885000,945271.271111111,944310.516457608,0.101741390862326
"NG39",135000,895000,945271.271111111,949140.658064786,-0.407672658504012
"NG40",145000,805000,882256.942222222,877133.842873866,0.584072703382532
"NG41",145000,815000,881831.715555556,878251.080208948,0.40770064817403
"NG42",145000,825000,881831.715555556,882740.416704763,-0.102940924875732
"NG43",145000,835000,881831.715555556,889900.856079014,-0.906746012023353
"NG44",145000,845000,905646.56,898712.835692355,0.771517222439914
"NG45",145000,855000,905646.56,908260.096979464,-0.287752042411148
"NG46",145000,865000,905646.56,917775.668737236,-1.3215766281889
"NG47",145000,875000,933022.542222222,926645.412000484,0.688195305253966
"NG48",145000,885000,933022.542222222,934599.348181052,-0.16871464354207
"NG49",145000,895000,933022.542222222,941519.590764796,-0.902482393985215
"NG50",155000,805000,842711.804444444,856054.274122802,-1.55860090670419
"NG51",155000,815000,845133.955555556,857878.952529572,-1.48564047834907
"NG52",155000,825000,845133.955555556,863349.969768989,-2.10992237809518
"NG53",155000,835000,845133.955555556,871534.964765439,-3.02925416388651
"NG54",155000,845000,876082.595555556,881517.25860953,-0.616512382587639
"NG55",155000,855000,876082.595555556,892407.398886438,-1.82929941540744
"NG56",155000,865000,876082.595555556,903373.209872556,-3.02096785899265
"NG60",165000,805000,842711.804444444,838250.158179839,0.532257133633359
"NG61",165000,815000,845133.955555556,840593.460743066,0.540153477815028
"NG62",165000,825000,845133.955555556,846545.549458175,-0.166747542825418
"NG63",165000,835000,845133.955555556,855205.111325042,-1.1776304463244
"NG64",165000,845000,876082.595555556,865798.526571731,1.18781317687683
"NG65",165000,855000,876082.595555556,877412.245596315,-0.151542225155068
"NG66",165000,865000,876082.595555556,889281.517796709,-1.48422315959688
"NG70",175000,805000,831550.56,824849.70742205,0.812372547102296
"NG71",175000,815000,834284.693333333,827435.321671177,0.827783330342086
"NG72",175000,825000,834284.693333333,833320.03183867,0.115761227116428
"NG73",175000,835000,834284.693333333,841852.517948338,-0.898948979026396
"NG74",175000,845000,860843.075555556,852331.66239718,0.99860342327736
"NG75",175000,855000,860843.075555556,863967.177066049,-0.361599559962751
"NG76",175000,865000,860843.075555556,876107.744085348,-1.74232777108126
"NG77",175000,875000,898315.715555556,888262.835851634,1.13174606638625
"NG78",175000,885000,898315.715555556,900191.30170135,-0.20835417341284
"NG79",175000,895000,925247.022222222,911664.936108393,1.48981117687894
"NG80",185000,805000,819882.648888889,816226.454643899,0.447938709188919
"NG81",185000,815000,822440.977777778,818812.37165144,0.443154775375354
"NG82",185000,825000,822440.977777778,824230.351326455,-0.21709629423352
"NG83",185000,835000,822440.977777778,831987.974326763,-1.14749213252878
"NG84",185000,845000,847675.982222222,841627.153846598,0.71870641862947
"NG85",185000,855000,847675.982222222,852584.706804759,-0.575746262319577
"NG86",185000,865000,847675.982222222,864352.434160444,-1.92935789605543
"NG87",185000,875000,875706.257777778,876549.265410793,-0.0961734458381935
"NG88",185000,885000,875706.257777778,888911.45067091,-1.4855464943292
"NG89",185000,895000,925247.022222222,901172.12760259,2.67150901389718
"NG90",195000,805000,819882.648888889,811921.967681585,0.980473681483852
"NG91",195000,815000,822440.977777778,814347.955817173,0.99380392653948
"NG92",195000,825000,822440.977777778,818983.301050227,0.422191358861237
"NG93",195000,835000,822440.977777778,825588.486847087,-0.381244302634325
"NG94",195000,845000,847675.982222222,833890.752918492,1.65312173752787
"NG95",195000,855000,847675.982222222,843599.98525684,0.483167026625873
"NG96",195000,865000,875706.257777778,854430.369489742,2.49006695545496
"NG97",195000,875000,875706.257777778,866131.031056282,1.1055171074772
"NG98",195000,885000,875706.257777778,878489.204020365,-0.316787756736381
"NG99",195000,895000,900885.013333333,891244.092898992,1.08173737264077
"NH00",205000,805000,812602.595555556,810991.552284453,0.198651054571991
"NH01",205000,815000,819092.32,813220.772729291,0.722011471866711
"NH02",205000,825000,819092.32,817019.996531769,0.253644155226063
"NH03",205000,835000,819092.32,822315.105588225,-0.391916136080163
"NH04",205000,845000,839644.142222222,829058.372315209,1.27684253129872
"NH05",205000,855000,839644.142222222,837223.388089244,0.28914076785449
"NH06",205000,865000,862246.044444444,846772.924841655,1.82730448138531
"NH07",205000,875000,862246.044444444,857605.018687065,0.541161217139892
"NH08",205000,885000,862246.044444444,869595.329475153,-0.845138512317499
"NH09",205000,895000,891840.142222222,882501.20915331,1.05823459186786
"NH10",215000,805000,810139.715555556,812389.755386599,-0.276965559465061
"NH11",215000,815000,819278.364444444,814502.297761887,0.586378540082883
"NH12",215000,825000,819278.364444444,817598.933793996,0.205410083236705
"NH13",215000,835000,819278.364444444,821718.869173143,-0.296999961940116
"NH14",215000,845000,830509.386666667,827007.111366814,0.423487930359469
"NH15",215000,855000,830509.386666667,833654.421978631,-0.377258877185517
"NH16",215000,865000,848752.977777778,841849.767246943,0.82000504120948
"NH17",215000,875000,848752.977777778,851659.770171605,-0.341309111412163
"NH18",215000,885000,848752.977777778,863090.251023419,-1.66115573992876
"NH19",215000,895000,881812.533333333,875832.947148949,0.682731359199132
"NH20",225000,805000,810139.715555556,815196.892622183,-0.62036265255629
"NH21",225000,815000,819278.364444444,817373.203903932,0.23308331266709
"NH22",225000,825000,819278.364444444,820114.172191374,-0.101913584141073
"NH23",225000,835000,819278.364444444,823479.476247435,-0.510165939063268
"NH24",225000,845000,830509.386666667,827742.970826706,0.334211939872758
"NH25",225000,855000,830509.386666667,833206.721139578,-0.323729322445023
"NH26",225000,865000,848752.977777778,840234.586268155,1.01381110095181
"NH27",225000,875000,848752.977777778,849101.658654749,-0.0410646797608777
"NH28",225000,885000,848752.977777778,859865.830421632,-1.29239379571638
"NH29",225000,895000,881812.533333333,872139.896919529,1.10906936467064
"NH30",235000,805000,813913.724444444,818980.286845017,-0.61864277833733
"NH31",235000,815000,821676.426666667,821455.557601983,0.0268875245458453
"NH32",235000,825000,821676.426666667,824313.047573402,-0.319856747930541
"NH33",235000,835000,834328.462222222,827556.604667761,0.818295391066335
"NH34",235000,845000,834328.462222222,831427.779377802,0.348879712269259
"NH35",235000,855000,834328.462222222,836289.780977318,-0.234526213246744
"NH36",235000,865000,853354.666666667,842581.331071852,1.27861076403265
"NH37",235000,875000,853354.666666667,850652.95188152,0.317604820999102
"NH38",235000,885000,853354.666666667,860583.366211019,-0.839976674912847
"NH39",235000,895000,884062.524444444,872068.376417699,1.37536784397747
"NH40",245000,805000,820163.52,823838.038315697,-0.44602435731288
"NH41",245000,815000,824626.648888889,826824.006667676,-0.265758826675031
"NH42",245000,825000,824626.648888889,830265.589495643,-0.679173107749728
"NH43",245000,835000,837973.546666667,834021.204397441,0.473889902125637
"NH44",245000,845000,837973.546666667,838225.877821629,-0.0301030022621596
"NH45",245000,855000,837973.546666667,843190.348982781,-0.618698058203311
"NH46",245000,865000,857980.195555556,849277.331051961,1.02473764286334
"NH47",245000,875000,857980.195555556,856791.50468968,0.138737471061382
"NH48",245000,885000,857980.195555556,865884.313775836,-0.912837672946559
"NH49",245000,895000,885657.617777778,876278.880923758,1.07029132599119
"NH50",255000,805000,820163.52,830032.106998168,-1.18894039338531
"NH51",255000,815000,824626.648888889,833820.514777264,-1.10261929581227
"NH52",255000,825000,824626.648888889,838218.343323786,-1.62149809093917
"NH53",255000,835000,837973.546666667,843013.806623775,-0.597885813672987
"NH54",255000,845000,837973.546666667,848186.484782211,-1.20409111660947
"NH55",255000,855000,837973.546666667,853870.529773906,-1.8617556822635
"NH56",255000,865000,857980.195555556,860240.252619613,-0.262723937548325
"NH57",255000,875000,857980.195555556,867403.554132863,-1.08638689943209
"NH58",255000,885000,857980.195555556,875573.23971508,-2.0093172520039
"NH59",255000,895000,885657.617777778,884681.375457787,0.110349595580158
"NH60",265000,805000,835625.884444444,838012.399898694,-0.284782833110648
"NH61",265000,815000,845019.537777778,842728.06480955,0.271911315632469
"NH62",265000,825000,845019.537777778,848322.734596292,-0.389379735306293
"NH63",265000,835000,861822.008888889,854503.760850465,0.856432513666184
"NH64",265000,845000,861822.008888889,861055.701659454,0.0889962435598247
"NH65",265000,855000,861822.008888889,867846.438751339,-0.694181550265799
"NH66",265000,865000,880704.906666667,874762.03041247,0.679370622818933
"NH67",265000,875000,880704.906666667,881798.390984385,-0.124006159332829
"NH68",265000,885000,880704.906666667,889080.924084682,-0.942098428963385
"NH69",265000,895000,907804.551111111,896653.666540221,1.24361110504535
"NH70",275000,805000,852631.786666667,848082.13853373,0.536463147402496
"NH71",275000,815000,862766.382222222,853620.347586683,1.07144056036112
"NH72",275000,825000,862766.382222222,860449.933251106,0.269213684794409
"NH73",275000,835000,885504.746666667,868144.507494327,1.99969463867781
"NH74",275000,845000,885504.746666667,876244.747974648,1.05678221905719
"NH75",275000,855000,885504.746666667,884288.013572742,0.137594660930527
"NH76",275000,865000,903450.062222222,891864.804984848,1.29899253481256
"NH77",275000,875000,903450.062222222,898788.925401753,0.518601941872578
"NH78",275000,885000,903450.062222222,905165.585972401,-0.189525958207464
"NH79",275000,895000,930099.057777778,911132.319445743,2.08166672691109
"NH80",285000,805000,852631.786666667,860146.877376371,-0.873698540024561
"NH81",285000,815000,862766.382222222,866206.307232028,-0.397125370836618
"NH82",285000,825000,862766.382222222,874110.087432164,-1.29774331323257
"NH83",285000,835000,885504.746666667,883267.768406395,0.253261620120909
"NH84",285000,845000,885504.746666667,892925.885813936,-0.83110359607331
"NH85",285000,855000,885504.746666667,902248.374692247,-1.85576704765932
"NH86",285000,865000,903450.062222222,910481.451839879,-0.772271593611008
"NH87",285000,875000,903450.062222222,917201.068162272,-1.49923570930877
"NH88",285000,885000,903450.062222222,922569.933896496,-2.07245770448212
"NH89",285000,895000,930099.057777778,926894.97842145,0.345678791116641
"NH90",295000,805000,872183.911111111,873659.618615403,-0.168911035012771
"NH91",295000,815000,880505.333333333,879918.828403357,0.0666544357325423
"NH92",295000,825000,880505.333333333,888623.812867792,-0.913601393176536
"NH93",295000,835000,913862.328888889,899049.859529559,1.64756928687815
"NH94",295000,845000,913862.328888889,910117.867070461,0.411426031056933
"NH95",295000,855000,913862.328888889,920611.33610538,-0.733100598678489
"NH96",295000,865000,932507.377777778,929363.34837446,0.338299267860871
"NH97",295000,875000,932507.377777778,935796.396340129,-0.35146732507354
"NH98",295000,885000,932507.377777778,940087.410918738,-0.806311525175293
"NJ00",305000,805000,902803.448888889,888071.104498602,1.65891495800948
"NJ01",305000,815000,902803.448888889,894164.697944458,0.966125252348903
"NJ02",305000,825000,902803.448888889,903255.009162764,-0.0499925568410029
"NJ03",305000,835000,942025.137777778,914571.875111666,3.00176108769584
"NJ04",305000,845000,942025.137777778,926741.979632644,1.64912764081243
"NJ05",305000,855000,942025.137777778,938108.67198088,0.41748529929143
"NJ06",305000,865000,961583.644444444,947224.274301826,1.5159419508334
"NJ10",315000,805000,902803.448888889,902589.322427626,0.0237235757107519
"NJ11",315000,815000,902803.448888889,908097.931266227,-0.583029890835178
"NJ12",315000,825000,902803.448888889,917189.518877994,-1.56849480865236
"NJ13",315000,835000,942025.137777778,928980.502257566,1.4041882998095
"NJ14",315000,845000,942025.137777778,941809.007413099,0.0229484282882475
"NJ15",315000,855000,942025.137777778,953715.360006354,-1.22575589308934
"NJ16",315000,865000,961583.644444444,963078.056558225,-0.155170404268318
"NJ17",315000,875000,961583.644444444,969068.274019839,-0.772353174286342
"NJ20",325000,805000,917654.862222222,916450.88741508,0.131373631001497
"NJ21",325000,815000,917654.862222222,921082.818384292,-0.37216590013946
"NJ22",325000,825000,917654.862222222,929880.046241031,-1.31470549004988
"NJ23",325000,835000,957465.884444444,941763.655144072,1.66732164854787
"NJ24",325000,845000,957465.884444444,954854.188645297,0.273517761162295
"NJ25",325000,855000,957465.884444444,966986.561340432,-0.984571789993692
"NJ26",325000,865000,975899.982222222,976411.16908602,-0.0523536477236789
"NJ27",325000,875000,975899.982222222,982399.10970849,-0.661556736161525
"NJ30",335000,805000,932094.168888889,929394.479794408,0.29047827947917
"NJ31",335000,815000,932094.168888889,932964.3109988,-0.0932663875405405
"NJ32",335000,825000,932094.168888889,941226.694563576,-0.970279075958646
"NJ33",335000,835000,972729.671111111,952927.97780139,2.07798425180121
"NJ34",335000,845000,972729.671111111,966048.408028469,0.691607483343159
"NJ35",335000,855000,972729.671111111,978266.5780156,-0.565991625280743
"NJ36",335000,865000,990237.76,987724.037611703,0.254496427400432
"NJ40",345000,805000,932094.168888889,941268.276080755,-0.974653818151128
"NJ41",345000,815000,932094.168888889,943803.515379677,-1.24065510458262
"NJ42",345000,825000,932094.168888889,951384.370450772,-2.02759285952353
"NJ43",345000,835000,972729.671111111,962805.309402216,1.03077554849145
"NJ44",345000,845000,972729.671111111,975965.593791108,-0.331561143198397
"NJ45",345000,855000,972729.671111111,988330.777180653,-1.57853083499499
"NJ46",345000,865000,990237.76,997761.526660613,-0.754064619608516
"NJ50",355000,805000,950803.093333333,952353.637297368,-0.162811785802089
"NJ51",355000,815000,950803.093333333,953953.642991244,-0.330262343569578
"NJ52",355000,825000,950803.093333333,960848.170401031,-1.04543853827653
"NJ53",355000,835000,987945.6,971834.044711934,1.65785047104845
"NJ54",355000,845000,987945.6,984904.92981543,0.308727278392223
"NJ55",355000,855000,987945.6,997360.030663662,-0.943935025890083
"NJ56",355000,865000,1000037.56444444,1006842.1924948,-0.67583858732541
"NJ60",365000,805000,968735.644444444,962857.140579338,0.610527109096342
"NJ61",365000,815000,968735.644444444,963792.608812522,0.512873369926786
"NJ62",365000,825000,968735.644444444,969915.711188377,-0.121666937685444
"NJ63",365000,835000,1004566.15111111,980414.486471982,2.46341368598483
"NJ64",365000,845000,1004566.15111111,993170.006077661,1.14745159073588
"NJ65",365000,855000,1004566.15111111,1005456.13044517,-0.0885149841064546
"NJ66",365000,865000,1009954.79111111,1014821.1494686,-0.479528669661803
"NJ70",375000,805000,968735.644444444,973361.439462568,-0.475239189737988
"NJ71",375000,815000,968735.644444444,973697.56042078,-0.509595194445264
"NJ72",375000,825000,968735.644444444,979161.100252363,-1.0647334545083
"NJ73",375000,835000,1004566.15111111,989030.997533554,1.57074486202139
"NJ74",375000,845000,1004566.15111111,1001111.23138595,0.345108477144569
"NJ75",375000,855000,1004566.15111111,1012838.11295923,-0.816711154752053
"NJ76",375000,865000,1009954.79111111,1021835.28558241,-1.16266238198309
"NJ80",385000,805000,980725.902222222,984427.236491803,-0.375988608642275
"NJ81",385000,815000,980725.902222222,984228.659814233,-0.355888599369978
"NJ82",385000,825000,980725.902222222,989061.50953126,-0.842779466060535
"NJ83",385000,835000,1017841.13777778,998007.928496991,1.9872797314001
"NJ84",385000,845000,1017841.13777778,1009058.94006908,0.870335454150921
"NJ85",385000,855000,1017841.13777778,1019799.03206592,-0.19198824734824
"NJ86",385000,865000,1019590.84444444,1028134.166059,-0.830953964627816
"NJ90",395000,805000,991808.568888889,996468.726462141,-0.467667218197343
"NJ91",395000,815000,991808.568888889,995866.072141443,-0.407434630625529
"NJ92",395000,825000,991808.568888889,999925.235557419,-0.811727355196248
"NJ93",395000,835000,1030376.53333333,1007646.53609555,2.25575104201258
"NJ94",395000,845000,1030376.53333333,1017247.24589327,1.29066827097024
"NJ95",395000,855000,1030376.53333333,1026651.14988639,0.362867508341059
"NJ96",395000,865000,1029178.48888889,1033942.28242597,-0.460740760683768
"NK01",405000,815000,991808.568888889,1008286.48038942,-1.63424897794601
"NK02",405000,825000,991808.568888889,1011376.05057286,-1.93473848554026
"NK03",405000,835000,1030376.53333333,1017670.01507248,1.24858923547482
"NK04",405000,845000,1030376.53333333,1025590.36281018,0.466674677991299
"NK05",405000,855000,1030376.53333333,1033373.98041723,-0.290064114318357
"NK06",405000,865000,1029178.48888889,1039395.40257153,-0.982966988054766
"NK13",415000,835000,1036295.12888889,1027853.31099267,0.821305706362265
"NK14",415000,845000,1036295.12888889,1033973.9723999,0.224488870218379
"NK15",415000,855000,1036295.12888889,1040068.93618066,-0.362842034839562
"NL57",55000,775000,1017246.13333333,1044363.33665162,-2.59652961441872
"NL58",55000,785000,1017246.13333333,1039552.6995147,-2.14578502771245
"NL59",55000,795000,1016327.25333333,1034606.28094319,-1.7667617089271
"NL68",65000,785000,1023217.45777778,1031060.00284318,-0.76062935656313
"NL69",65000,795000,1023392.33777778,1026310.98893396,-0.284382724890972
"NL79",75000,795000,1013406.72,1015922.45020124,-0.247630141527109
"NL82",85000,725000,1021519.60888889,1036629.69819158,-1.45761686444553
"NL93",95000,735000,1016807.57333333,1021902.20870405,-0.498544315426981
"NL94",95000,745000,1016807.57333333,1017404.50957451,-0.0586724587474401
"NL95",95000,755000,1016807.57333333,1011769.71985886,0.497924910737661
"NM04",105000,745000,1003619.46666667,1003573.98950528,0.00453152053165387
"NM05",105000,755000,1003619.46666667,997031.00868268,0.660807730813887
"NM10",115000,705000,1000839.16444444,1007900.03556716,-0.700552720860156
"NM14",115000,745000,1003619.46666667,987586.930367433,1.62340507010043
"NM15",115000,755000,1003619.46666667,979897.942838617,2.42081575958126
"NM16",115000,765000,979705.404444444,971266.418909787,0.868864131442967
"NM19",115000,795000,961993.831111111,949011.56865287,1.36797726045312
"NM21",125000,715000,1000839.16444444,990013.521908105,1.09348431074706
"NM22",125000,725000,1000839.16444444,984143.46946797,1.69646961997325
"NM23",125000,735000,973001.511111111,977442.751011614,-0.454373404059328
"NM24",125000,745000,973001.511111111,969524.78972683,0.358600566083629
"NM25",125000,755000,973001.511111111,960394.092956964,1.31273382943562
"NM26",125000,765000,948634.24,950623.48528978,-0.209256905658432
"NM29",125000,795000,926437.031111111,926602.538732888,-0.0178617708087519
"NM30",135000,705000,971147.52,982073.867978801,-1.11257903657374
"NM31",135000,715000,971147.52,974942.063176032,-0.389207043100674
"NM32",135000,725000,971147.52,967321.212254088,0.395557101140803
"NM33",135000,735000,941821.831111111,958906.87934675,-1.78172131242587
"NM34",135000,745000,941821.831111111,949439.010011726,-0.802282065545255
"NM35",135000,755000,941821.831111111,939011.59938573,0.299275507056462
"NM37",135000,775000,906649.404444444,917952.663623944,-1.23135534406269
"NM38",135000,785000,882256.942222222,909280.862579346,-2.97201024119932
"NM39",135000,795000,882256.942222222,903084.869814723,-2.3063089958283
"NM40",145000,705000,936241.493333333,967962.313259686,-3.2770717921373
"NM41",145000,715000,936241.493333333,958629.349015165,-2.33540269811593
"NM42",145000,725000,971147.52,948972.223314223,2.33676983803924
"NM43",145000,735000,941821.831111111,938752.395030121,0.326969720369254
"NM44",145000,745000,941821.831111111,927858.315741008,1.50491892277233
"NM45",145000,755000,941821.831111111,916441.063987963,2.76949256427923
"NM46",145000,765000,906649.404444444,905043.962534518,0.177388279065493
"NM47",145000,775000,906649.404444444,894524.033293249,1.35551094212141
"NM48",145000,785000,882256.942222222,885813.478947199,-0.401499504072051
"NM49",145000,795000,882256.942222222,879761.968881754,0.283596407746441
"NM51",155000,715000,936241.493333333,941448.956525188,-0.553132823161767
"NM52",155000,725000,936241.493333333,929718.270180015,0.701634394261766
"NM53",155000,735000,907320.426666667,917838.356457943,-1.14594576673242
"NM54",155000,745000,907320.426666667,905842.103552561,0.163198763703689
"NM55",155000,755000,907320.426666667,893879.86028497,1.5036211216809
"NM56",155000,765000,872018.631111111,882410.631543374,-1.17768304922699
"NM57",155000,775000,872018.631111111,872129.257346735,-0.0126846146591161
"NM58",155000,785000,842711.804444444,863772.276369998,-2.43819725426475
"NM59",155000,795000,842711.804444444,858189.768320269,-1.8035595910354
"NM60",165000,705000,910461.742222222,937707.349577053,-2.90555548776704
"NM61",165000,715000,910461.742222222,923965.545515974,-1.46150507010638
"NM62",165000,725000,910461.742222222,910490.491525752,-0.00315756219283092
"NM63",165000,735000,874924.213333333,897382.652246892,-2.50266024837078
"NM64",165000,745000,874924.213333333,884758.838091742,-1.1115599341873
"NM65",165000,755000,856536.888888889,872783.070791368,-1.86142266574306
"NM66",165000,765000,856536.888888889,861781.583116835,-0.608587411322678
"NM67",165000,775000,856536.888888889,852234.038991911,0.504890640377059
"NM68",165000,785000,831550.56,844692.835904355,-1.55586449247963
"NM69",165000,795000,831550.56,839762.223027181,-0.977855731302013
"NM70",175000,705000,910461.742222222,922160.27701987,-1.26860103272436
"NM71",175000,715000,910461.742222222,906883.650038146,0.394548097093322
"NM72",175000,725000,910461.742222222,892267.725986455,2.0390759080356
"NM73",175000,735000,874924.213333333,878542.775659957,-0.41188231545187
"NM74",175000,745000,874924.213333333,865913.879099713,1.04055777960141
"NM75",175000,755000,856536.888888889,854498.011269753,0.23860530887671
"NM76",175000,765000,856536.888888889,844479.206901974,1.42782461526188
"NM77",175000,775000,856536.888888889,836126.941106699,2.44101066222977
"NM78",175000,785000,831550.56,829698.638422603,0.223204123959695
"NM79",175000,795000,831550.56,825735.925400966,0.704176047107326
"NM80",185000,705000,892901.706666667,906930.576413541,-1.54685155751964
"NM81",185000,715000,892901.706666667,890916.581725636,0.222818272972903
"NM82",185000,725000,892901.706666667,875889.760171671,1.94224744580426
"NM83",185000,735000,850628.675555555,862285.852909257,-1.35189245125283
"NM84",185000,745000,850628.675555555,850293.682328781,0.0393973557296904
"NM85",185000,755000,828665.973333333,839940.747610458,-1.34232971899506
"NM86",185000,765000,828665.973333333,831281.880246721,-0.314683499730747
"NM87",185000,775000,828665.973333333,824394.660787694,0.518115018061625
"NM88",185000,785000,819882.648888889,819401.227385012,0.0587528414393232
"NM89",185000,795000,819882.648888889,816545.735092639,0.40866220382272
"NM90",195000,705000,878145.937777778,892629.800694404,-1.62260579977933
"NM91",195000,715000,878145.937777778,876713.463504736,0.163391385289661
"NM92",195000,725000,878145.937777778,862086.068567927,1.86290786910978
"NM93",195000,735000,839670.666666667,849247.135745024,-1.12764219922346
"NM94",195000,745000,839670.666666667,838391.641831805,0.15255696395863
"NM95",195000,755000,818089.226666667,829429.717452465,-1.36726362067536
"NM96",195000,765000,818089.226666667,822340.509550292,-0.516973544930919
"NM97",195000,775000,818089.226666667,817037.964158247,0.128667522751254
"NM98",195000,785000,812602.595555556,813450.8590393,-0.104279622342008
"NM99",195000,795000,819882.648888889,811678.890811624,1.01071472599982
"NN00",205000,705000,878145.937777778,879931.071761945,-0.202872025031773
"NN01",205000,715000,878145.937777778,864916.119129946,1.52960713243967
"NN02",205000,725000,839670.666666667,851308.230172468,-1.367021143851
"NN03",205000,735000,839670.666666667,839647.984807711,0.00270135334884532
"NN04",205000,745000,839670.666666667,830141.644039569,1.14787912346235
"NN05",205000,755000,818089.226666667,822717.41036731,-0.562548408763675
"NN06",205000,765000,818089.226666667,817207.680494607,0.107872967068334
"NN07",205000,775000,818089.226666667,813397.558093098,0.576798949896983
"NN08",205000,785000,812602.595555556,811118.248622811,0.183000066299166
"NN09",205000,795000,812602.595555556,810304.34918144,0.28362755012203
"NN10",215000,705000,869046.133333333,869510.720124941,-0.0534308296441468
"NN11",215000,715000,869046.133333333,855920.226623402,1.53354323237731
"NN12",215000,725000,832781.404444444,843700.52007342,-1.29419330309585
"NN13",215000,735000,832781.404444444,833398.420133927,-0.0740361002104522
"NN14",215000,745000,832781.404444444,825262.350030315,0.911110801777537
"NN15",215000,755000,812517.653333333,819241.435929004,-0.820732729179678
"NN16",215000,765000,812517.653333333,815105.386368758,-0.317472204048733
"NN17",215000,775000,812517.653333333,812558.597055021,-0.00503886388451628
"NN18",215000,785000,810139.715555556,811341.904432407,-0.148172905933282
"NN19",215000,795000,810139.715555556,811305.834040593,-0.143733526385455
"NN20",225000,705000,851980.213333333,861768.528194191,-1.13584037251493
"NN21",225000,715000,851980.213333333,849850.00119648,0.250657425881531
"NN22",225000,725000,830094.666666667,839139.124714212,-1.07782580756512
"NN23",225000,735000,830094.666666667,830168.834808718,-0.00893410339461348
"NN24",225000,745000,830094.666666667,823240.259215655,0.832613246774702
"NN25",225000,755000,817157.031111111,818326.638607597,-0.142926728925281
"NN26",225000,765000,817157.031111111,815212.440004519,0.238537957858173
"NN27",225000,775000,817157.031111111,813582.200216408,0.439393941233319
"NN28",225000,785000,810139.715555556,813143.545913334,-0.369409604598721
"NN29",225000,795000,810139.715555556,813708.001256928,-0.43852164361918
"NN30",235000,705000,851980.213333333,856998.972880187,-0.585620252260808
"NN31",235000,715000,851980.213333333,846673.150927977,0.626813593833644
"NN32",235000,725000,830094.666666667,837377.673654961,-0.869739810055572
"NN33",235000,735000,830094.666666667,829599.345191025,0.0597061073532588
"NN34",235000,745000,830094.666666667,823615.749473404,0.786643188574909
"NN35",235000,755000,817157.031111111,819459.746274277,-0.281004060740602
"NN36",235000,765000,817157.031111111,816979.681903655,0.0217079091909296
"NN37",235000,775000,817157.031111111,815915.975806184,0.152105773355079
"NN38",235000,785000,813913.724444444,816009.091337434,-0.256782297554441
"NN39",235000,795000,813913.724444444,817117.415828912,-0.392072341429364
"NN40",245000,705000,848612.711111111,855349.687563493,-0.787628329130836
"NN41",245000,715000,848612.711111111,846427.337265428,0.25818800379766
"NN42",245000,725000,830850.808888889,838349.33718008,-0.894439580093612
"NN43",245000,735000,830850.808888889,831534.693542159,-0.082243670478341
"NN44",245000,745000,830850.808888889,826221.519804914,0.56029635793898
"NN45",245000,755000,820824.96,822491.830510504,-0.202661041565504
"NN46",245000,765000,820824.96,820299.640651921,0.0640399339516833
"NN47",245000,775000,820824.96,819509.517270237,0.160515857600415
"NN48",245000,785000,820163.52,819955.052053615,0.0254243139136042
"NN49",245000,795000,820163.52,821474.434039632,-0.159580625435365
"NN50",255000,705000,852003.608888889,856832.249277866,-0.56354559402336
"NN51",255000,715000,852003.608888889,849104.830865083,0.341392242563531
"NN52",255000,725000,835975.377777778,842054.242068058,-0.721908873156543
"NN53",255000,735000,835975.377777778,836007.83769889,-0.00388272928177682
"NN54",255000,745000,835975.377777778,831164.778657457,0.578778028598717
"NN55",255000,755000,834862.951111111,827631.046559747,0.873807789283079
"NN56",255000,765000,834862.951111111,825463.538495845,1.13868295532394
"NN57",255000,775000,820824.96,824690.275684834,-0.468699073918941
"NN58",255000,785000,820163.52,825258.39813016,-0.61736761985141
"NN59",255000,795000,820163.52,827094.247009282,-0.837960974138455
"NN60",265000,705000,852003.608888889,861345.030479686,-1.08451564242438
"NN61",265000,715000,852003.608888889,854673.11811555,-0.312342715604251
"NN62",265000,725000,835975.377777778,848550.909991243,-1.48200091065785
"NN63",265000,735000,835975.377777778,843201.325642715,-0.856965904249399
"NN64",265000,745000,835975.377777778,838744.672337661,-0.330171344297757
"NN65",265000,755000,834862.951111111,835290.195132219,-0.0511491722993404
"NN66",265000,765000,834862.951111111,832993.863175856,0.224381957404715
"NN67",265000,775000,834862.951111111,832033.470965249,0.340068067523781
"NN68",265000,785000,835625.884444444,832515.440126435,0.373620015688538
"NN69",265000,795000,835625.884444444,834528.474518563,0.131500596970627
"NN70",275000,705000,872081.066666667,868697.131469061,0.389541426467389
"NN71",275000,715000,872081.066666667,863081.439651006,1.04273207628
"NN72",275000,725000,851818.862222222,857939.049995112,-0.71335927335683
"NN73",275000,735000,851818.862222222,853346.379588584,-0.179003204665615
"NN74",275000,745000,851818.862222222,849295.680672436,0.297091061123525
"NN75",275000,755000,846672.746666667,845893.069757201,0.0921720412829289
"NN76",275000,765000,846672.746666667,843363.03969286,0.392441548661215
"NN77",275000,775000,846672.746666667,842075.928836284,0.545891133206444
"NN78",275000,785000,852631.786666667,842250.620769222,1.23255069707913
"NN79",275000,795000,852631.786666667,844233.678996065,0.994761033531404
"NN80",285000,705000,884256.906666667,878633.244176812,0.640046632326497
"NN81",285000,715000,884256.906666667,874213.309880676,1.1488725546127
"NN82",285000,725000,878848.213333333,870202.524057195,0.993526108822248
"NN83",285000,735000,878848.213333333,866453.383237929,1.43052475011233
"NN84",285000,745000,878848.213333333,862844.492742183,1.85476302227869
"NN85",285000,755000,846672.746666667,859502.130344213,-1.49265292366504
"NN86",285000,765000,846672.746666667,856686.355111782,-1.16887684569329
"NN87",285000,775000,846672.746666667,854903.704084167,-0.962793514424827
"NN88",285000,785000,852631.786666667,854567.491868024,-0.226512852381769
"NN89",285000,795000,852631.786666667,856262.184859781,-0.423982076670676
"NN90",295000,705000,884256.906666667,890869.197866425,-0.74222918646129
"NN91",295000,715000,884256.906666667,887881.76463014,-0.408259084472091
"NN92",295000,725000,878848.213333333,885180.988456932,-0.715421502063485
"NN93",295000,735000,878848.213333333,882373.563107476,-0.399530303438271
"NN94",295000,745000,878848.213333333,879269.503297878,-0.047913633188056
"NN95",295000,755000,868387.075555556,875939.547531331,-0.8622138362243
"NN96",295000,765000,868387.075555556,872738.291733023,-0.498570558744177
"NN97",295000,775000,868387.075555556,870249.689869793,-0.214032172136246
"NN98",295000,785000,872183.911111111,869120.710339322,0.352448254350492
"NN99",295000,795000,872183.911111111,870139.3078157,0.234974248036606
"NO00",305000,705000,908495.217777778,905014.482575382,0.384605469792126
"NO01",305000,715000,908495.217777778,903708.851471789,0.529635877549863
"NO02",305000,725000,908260.071111111,902458.355697201,0.642879017883135
"NO03",305000,735000,908260.071111111,900694.33539408,0.83998926380733
"NO04",305000,745000,908260.071111111,898097.496498556,1.13156696819405
"NO05",305000,755000,899744.337777778,894712.849422991,0.562357895947441
"NO06",305000,765000,899744.337777778,890957.381502215,0.986237552771359
"NO07",305000,775000,899744.337777778,887515.72452265,1.37784750368278
"NO08",305000,785000,894784.96,885281.942495157,1.07344531145177
"NO09",305000,795000,894784.96,885254.749751746,1.0765500270884
"NO10",315000,705000,936855.164444444,920582.765438447,1.76761934036941
"NO11",315000,715000,936855.164444444,921137.71293878,1.70630854484501
"NO12",315000,725000,908260.071111111,921393.903203952,-1.42543075737428
"NO13",315000,735000,908260.071111111,920643.421883161,-1.34507568051918
"NO14",315000,745000,908260.071111111,918469.146576757,-1.11153167242428
"NO15",315000,755000,899744.337777778,914930.209183787,-1.65978467576851
"NO16",315000,765000,899744.337777778,910461.238231246,-1.17708475698407
"NO17",315000,775000,899744.337777778,905853.555243615,-0.674415575285167
"NO18",315000,785000,894784.96,902230.145180179,-0.825198007398917
"NO19",315000,795000,894784.96,900819.568330944,-0.66990200291999
"NO20",325000,705000,936855.164444444,937031.977551373,-0.0188694848376907
"NO21",325000,715000,936855.164444444,939428.040770776,-0.273876892605928
"NO22",325000,725000,942112.355555556,941105.041178129,0.10703527590985
"NO23",325000,735000,942112.355555556,941202.014721336,0.0967210885634739
"NO24",325000,745000,942112.355555556,939303.095437212,0.299079193072983
"NO25",325000,755000,921993.866666667,935469.166418433,-1.44048571941269
"NO26",325000,765000,921993.866666667,930199.217288767,-0.882106807831556
"NO27",325000,775000,921993.866666667,924299.63277127,-0.249460891560693
"NO28",325000,785000,915245.28,919097.05137368,-0.419082116292579
"NO29",325000,795000,915245.28,916041.740291967,-0.0869458515845515
"NO30",335000,705000,963681.706666667,953737.858014136,1.04261863665927
"NO31",335000,715000,963681.706666667,957760.233433316,0.618262590849486
"NO32",335000,725000,974650.453333333,960648.225883016,1.4575811491711
"NO33",335000,735000,974650.453333333,961343.303139214,1.38422456896152
"NO34",335000,745000,974650.453333333,959344.548956173,1.59545435410189
"NO35",335000,755000,959000.302222222,955040.336420663,0.414638591747899
"NO36",335000,765000,959000.302222222,949002.707336583,1.05348433764722
"NO37",335000,775000,959000.302222222,941919.451140001,1.81340889197565
"NO38",335000,785000,931843.022222222,935143.084786061,-0.352893863787034
"NO39",335000,795000,931843.022222222,930423.25359397,0.152593846162824
"NO40",345000,705000,963681.706666667,970044.6693081,-0.655945323216066
"NO41",345000,715000,963681.706666667,975211.693058478,-1.1823060032895
"NO42",345000,725000,974650.453333333,978900.297407835,-0.434144732181167
"NO43",345000,735000,974650.453333333,979964.496901813,-0.542268988854246
"NO44",345000,745000,974650.453333333,977855.386459456,-0.327751237095177
"NO45",345000,755000,959000.302222222,973064.7660947,-1.44537798125448
"NO46",345000,765000,959000.302222222,966181.231875856,-0.743228021485401
"NO47",345000,775000,959000.302222222,958026.276633881,0.101670028484296
"NO48",345000,785000,931843.022222222,949876.294850301,-1.89848643721773
"NO49",345000,795000,931843.022222222,943666.870391279,-1.25296845105463
"NO50",355000,705000,985860.16,985441.037701247,0.0425314435585815
"NO51",355000,715000,985860.16,991050.939321737,-0.523765138176353
"NO52",355000,725000,994190.062222222,995009.361989423,-0.0823409103973263
"NO53",355000,735000,994190.062222222,996281.36296941,-0.209910656258247
"NO54",355000,745000,994190.062222222,994277.836318213,-0.00882792442762647
"NO55",355000,755000,986485.422222222,989244.535916561,-0.278911188706485
"NO56",355000,765000,986485.422222222,981666.818970748,0.490859338255607
"NO57",355000,775000,986485.422222222,972493.308290298,1.4387876824081
"NO58",355000,785000,953636.248888889,963217.063079657,-0.994668238136827
"NO59",355000,795000,953636.248888889,955821.241333531,-0.228598439766173
"NO60",365000,705000,1009740.97777778,999697.936754863,1.00460755731033
"NO61",365000,715000,1009740.97777778,1005031.36977283,0.46860308509671
"NO63",365000,735000,1014417.77777778,1009938.58684533,0.44351121848266
"NO64",365000,745000,1014417.77777778,1008231.79996326,0.613547183767093
"NO65",365000,755000,1001839.60888889,1003238.00017227,-0.139387790647683
"NO66",365000,765000,1001839.60888889,995278.924461019,0.659180483644138
"NO67",365000,775000,1001839.60888889,985441.12469683,1.66407548671198
"NO68",365000,785000,980657.582222222,975372.432711766,0.541859635684228
"NO69",365000,795000,980657.582222222,967157.869171284,1.39581277072229
"NO74",375000,745000,1014417.77777778,1019501.88650542,-0.498685563502454
"NO75",375000,755000,1001839.60888889,1014610.31926771,-1.25868130220039
"NO76",375000,765000,1001839.60888889,1006669.498388,-0.479788997962169
"NO77",375000,775000,1001839.60888889,996825.726521205,0.502984848232372
"NO78",375000,785000,980657.582222222,986633.320413383,-0.60566961073816
"NO79",375000,795000,980657.582222222,978167.373422396,0.254579008407671
"NO86",385000,765000,1016067.57333333,1016532.17219485,-0.0457042948783808
"NO87",385000,775000,1016067.57333333,1007159.46339337,0.884478601824014
"NO88",385000,785000,994038.791111111,997482.784463117,-0.345268450308072
"NO89",385000,795000,994038.791111111,989303.168130878,0.47868268623665
"NO98",395000,785000,1005912.78222222,1008446.67464548,-0.251266872801828
"NO99",395000,795000,1005912.78222222,1001065.50640015,0.484211651593347
"NR15",115000,655000,1021940.83555556,1028858.07512978,-0.672322037551066
"NR16",115000,665000,1021940.83555556,1023269.24409627,-0.129820039875309
"NR23",125000,635000,1017324.12444444,1037420.28113685,-1.93712780228107
"NR24",125000,645000,1017324.12444444,1029011.64260774,-1.13580038158566
"NR25",125000,655000,1021940.83555556,1021627.8457288,0.0306363836953321
"NR26",125000,665000,1021940.83555556,1015322.82859599,0.65181307591798
"NR27",125000,675000,1007707.62666667,1010089.01689023,-0.235760431381689
"NR33",135000,635000,1017324.12444444,1032408.73421815,-1.46110830659826
"NR34",135000,645000,1028456.37333333,1023885.89689389,0.44638532997737
"NR35",135000,655000,1028456.37333333,1015984.0428015,1.22761086851738
"NR36",135000,665000,1028456.37333333,1008759.2263582,1.95261133285942
"NR37",135000,675000,1001138.77333333,1002101.2772806,-0.0960485700483401
"NR38",135000,685000,1001138.77333333,995566.897698201,0.559668631813214
"NR39",135000,695000,1001138.77333333,988911.188183259,1.23646949252726
"NR44",145000,645000,1016194.72,1019831.69362659,-0.356624887157494
"NR45",145000,655000,1016194.72,1011371.6533623,0.476883707553846
"NR46",145000,665000,1016194.72,1002979.84229843,1.3175616442385
"NR47",145000,675000,984341.422222222,994565.97535949,-1.02804171775256
"NR48",145000,685000,984341.422222222,985941.738279172,-0.162313450665241
"NR49",145000,695000,984341.422222222,977058.710988053,0.74537089248244
"NR50",155000,605000,1044908.71111111,1045180.13914958,-0.0259694983005199
"NR51",155000,615000,1044908.71111111,1038640.80564573,0.603471905909124
"NR56",155000,665000,1016194.72,996978.755657219,1.92741963996153
"NR57",155000,675000,984341.422222222,986779.274181164,-0.247051394645918
"NR58",155000,685000,984341.422222222,975931.664535212,0.861715834480585
"NR59",155000,695000,984341.422222222,964633.530757507,2.04304441389666
"NR60",165000,605000,1044908.71111111,1036845.19762642,0.777696950629756
"NR61",165000,615000,1044908.71111111,1031161.57484481,1.33316995140863
"NR62",165000,625000,1035011.53777778,1024898.03418856,0.98678144087049
"NR63",165000,635000,1035011.53777778,1017855.46617561,1.68551156547068
"NR64",165000,645000,1008040.83555556,1009730.70436227,-0.167358365890617
"NR65",165000,655000,1008040.83555556,1000306.87206199,0.773159088432561
"NR66",165000,665000,1008040.83555556,989683.890188146,1.8548291580173
"NR67",165000,675000,962318.737777778,977930.073300653,-1.59636521558079
"NR68",165000,685000,962318.737777778,965068.640037256,-0.284943696789468
"NR69",165000,695000,962318.737777778,951525.347502807,1.13432503961105
"NR70",175000,605000,1038334.96888889,1026296.83442435,1.17296809858036
"NR71",175000,615000,1013414.50666667,1021205.00521556,-0.762873126268308
"NR72",175000,625000,1013414.50666667,1015604.01903519,-0.215587209925179
"NR73",175000,635000,1013414.50666667,1008967.51252493,0.44074700984246
"NR74",175000,645000,984401.12,1001144.75286369,-1.67244874587735
"NR75",175000,655000,984401.12,991658.889882385,-0.731881694041548
"NR76",175000,665000,984401.12,980338.724678201,0.414386907253163
"NR77",175000,675000,943359.271111111,967412.546595756,-2.48635140915697
"NR78",175000,685000,943359.271111111,953019.950204658,-1.01369117104756
"NR79",175000,695000,943359.271111111,937711.357266995,0.602308354308274
"NR82",185000,625000,1013414.50666667,1003150.23999877,1.02320333072994
"NR83",185000,635000,1013414.50666667,996827.884160226,1.66394046254174
"NR84",185000,645000,984401.12,989215.33376423,-0.486669949394186
"NR85",185000,655000,984401.12,979928.988450011,0.456373023219008
"NR86",185000,665000,984401.12,968463.233990569,1.64568828738688
"NR87",185000,675000,943359.271111111,954912.953324284,-1.20991993803749
"NR88",185000,685000,943359.271111111,939673.58865149,0.392230079054418
"NR89",185000,695000,943359.271111111,923414.673419529,2.15987446005433
"NR91",195000,615000,989852.231111111,993206.026162358,-0.337673651075735
"NR92",195000,625000,989852.231111111,987875.466134188,0.200102649037202
"NR93",195000,635000,989852.231111111,981761.393041105,0.824114507593784
"NR94",195000,645000,960557.493333333,974353.133751963,-1.41587684595492
"NR95",195000,655000,960557.493333333,965323.149548234,-0.493685064647153
"NR96",195000,665000,960557.493333333,954083.048075462,0.678603950770507
"NR97",195000,675000,921824.355555556,940617.754030437,-1.99798466426489
"NR98",195000,685000,921824.355555556,925389.256444847,-0.385232578016682
"NR99",195000,695000,921824.355555556,909112.67675978,1.39825118719958
"NS00",205000,605000,982449.653333333,982540.81232973,-0.00927788395687923
"NS01",205000,615000,952669.191111111,976434.496729241,-2.43388631779571
"NS02",205000,625000,952669.191111111,970642.449810552,-1.85168685986782
"NS03",205000,635000,952669.191111111,964524.946722478,-1.22918081607466
"NS04",205000,645000,939566.986666667,957411.734588865,-1.86385306107215
"NS05",205000,655000,939566.986666667,948777.050634084,-0.97073005309963
"NS06",205000,665000,939566.986666667,938139.930449839,0.152115496900706
"NS07",205000,675000,899650.56,925408.846237171,-2.78344931993109
"NS08",205000,685000,921824.355555556,911009.797048434,1.18709574168788
"NS09",205000,695000,921824.355555556,895574.789664463,2.93103001491675
"NS10",215000,605000,982449.653333333,966317.998855019,1.66939397769979
"NS14",215000,645000,939566.986666667,939786.683171644,-0.0233772736846769
"NS15",215000,655000,939566.986666667,931791.181190913,0.834500865936017
"NS16",215000,665000,939566.986666667,922142.194865301,1.88959922866458
"NS17",215000,675000,899650.56,910678.697807559,-1.21098010023829
"NS18",215000,685000,899650.56,897668.075811007,0.220848244736998
"NS19",215000,695000,899650.56,883688.562713483,1.80629216672255
"NS20",225000,605000,958848.017777778,951178.810823576,0.806284461652492
"NS21",225000,615000,922015.697777778,943278.389941673,-2.25412692484241
"NS22",225000,625000,922015.697777778,936358.578870826,-1.53177227364588
"NS23",225000,635000,922015.697777778,929945.517795585,-0.852718773956167
"NS24",225000,645000,917925.582222222,923441.91366724,-0.597366370680626
"NS25",225000,655000,917925.582222222,916212.72626002,0.186949592939398
"NS26",225000,665000,917925.582222222,907748.41827858,1.12114367138656
"NS27",225000,675000,880611.164444444,897787.257279608,-1.91315845662693
"NS28",225000,685000,880611.164444444,886451.651422104,-0.658861311645135
"NS29",225000,695000,880611.164444444,874218.051214709,0.731295037988743
"NS30",235000,605000,941853.76,938294.645582868,0.379317353444056
"NS31",235000,615000,916900.142222222,929944.796608955,-1.40273427350745
"NS32",235000,625000,916900.142222222,922750.604976348,-0.634024266424214
"NS33",235000,635000,916900.142222222,916367.595061844,0.0581150144601869
"NS34",235000,645000,903876.746666667,910244.510170148,-0.699566262947387
"NS35",235000,655000,917925.582222222,903761.783662642,1.56720485592774
"NS36",235000,665000,917925.582222222,896422.047526309,2.39881814099199
"NS37",235000,675000,880611.164444444,887918.853760996,-0.823013193784365
"NS38",235000,685000,880611.164444444,878236.684352552,0.270369039940858
"NS39",235000,695000,880611.164444444,867739.262375724,1.48338361842471
"NS40",245000,605000,941853.76,928543.894567224,1.43341262708746
"NS41",245000,615000,916900.142222222,920181.073322089,-0.356552769339406
"NS42",245000,625000,916900.142222222,913140.032044783,0.411778045588335
"NS43",245000,635000,916900.142222222,907039.089031389,1.08716959501306
"NS44",245000,645000,903876.746666667,901390.940265214,0.27577450475828
"NS45",245000,655000,903876.746666667,895585.442450762,0.925797118052266
"NS46",245000,665000,903876.746666667,889176.3183109,1.65326359384969
"NS47",245000,675000,877001.457777778,881854.957139142,-0.550373882016761
"NS48",245000,685000,877001.457777778,873573.585618082,0.392396498260732
"NS49",245000,695000,877001.457777778,864583.790672091,1.43625953200368
"NS50",255000,605000,923446.577777778,922292.399290927,0.125142361331196
"NS51",255000,615000,912946.168888889,914358.938789912,-0.15450933337985
"NS52",255000,625000,912946.168888889,907764.467965565,0.570819976566933
"NS53",255000,635000,912946.168888889,902201.086380764,1.19098532137994
"NS54",255000,645000,894795.342222222,897171.00955582,-0.264795374381754
"NS55",255000,655000,894795.342222222,892068.889549136,0.30563252513653
"NS56",255000,665000,894795.342222222,886360.863753872,0.951585162800333
"NS57",255000,675000,870842.382222222,879879.82643318,-1.02712256145182
"NS58",255000,685000,870842.382222222,872628.477284589,-0.204679896297287
"NS59",255000,695000,852003.608888889,864821.548728745,-1.48214852632866
"NS60",265000,605000,923446.577777778,919384.928061829,0.441779018991623
"NS61",265000,615000,912946.168888889,912432.532776905,0.0562930511059533
"NS62",265000,625000,912946.168888889,906749.305804314,0.683415255452346
"NS63",265000,635000,912946.168888889,901958.831980969,1.218163902646
"NS64",265000,645000,894795.342222222,897549.280850311,-0.306828681928172
"NS65",265000,655000,894795.342222222,892941.781687973,0.207579102273058
"NS66",265000,665000,894795.342222222,887692.276337664,0.800172094981284
"NS67",265000,675000,870842.382222222,881741.123913123,-1.23604779172974
"NS68",265000,685000,870842.382222222,875193.096162985,-0.497114746429881
"NS69",265000,695000,852003.608888889,868292.14452734,-1.8759280204381
"NS70",275000,605000,924382.471111111,919302.760393234,0.552561238443878
"NS71",275000,615000,913315.253333333,913817.564125099,-0.0549683888213333
"NS72",275000,625000,913315.253333333,909437.846606782,0.426352030654794
"NS73",275000,635000,913315.253333333,905586.439726175,0.853459511771758
"NS74",275000,645000,899456.551111111,901763.543350207,-0.255831171719966
"NS75",275000,655000,899456.551111111,897467.273122712,0.221654655046881
"NS76",275000,665000,899456.551111111,892444.343829367,0.785730486189828
"NS77",275000,675000,879809.44,886815.019472132,-0.789970773871412
"NS78",275000,685000,879809.44,880794.735599215,-0.111864383311131
"NS79",275000,695000,872081.066666667,874667.988655764,-0.295760451125357
"NS80",285000,605000,927881.511111111,921245.595387154,0.720319940435443
"NS81",285000,615000,916465.084444444,917516.79954476,-0.114626249986593
"NS82",285000,625000,916465.084444444,914545.286728399,0.209918277848544
"NS83",285000,635000,916465.084444444,911713.657048559,0.52115347391709
"NS84",285000,645000,905084.071111111,908507.915279111,-0.376864539143657
"NS85",285000,655000,905084.071111111,904503.493514386,0.0641874355254473
"NS86",285000,665000,905084.071111111,899640.463460799,0.605087017692744
"NS87",285000,675000,892060.888888889,894292.532081968,-0.249542863550922
"NS88",285000,685000,892060.888888889,888825.582670741,0.36399787328645
"NS89",285000,695000,884256.906666667,883530.854917472,0.0821761622871781
"NS90",295000,605000,927881.511111111,924164.209664071,0.402233867982335
"NS91",295000,615000,916465.084444444,922229.568100709,-0.625059513992437
"NS92",295000,625000,916465.084444444,920664.558333293,-0.456135065788877
"NS93",295000,635000,916465.084444444,918829.44018464,-0.25732259294176
"NS94",295000,645000,905084.071111111,916332.245652918,-1.22752141433064
"NS95",295000,655000,905084.071111111,912762.237507017,-0.841201145314297
"NS96",295000,665000,905084.071111111,908238.596281194,-0.347323399710128
"NS97",295000,675000,892060.888888889,903358.913691204,-1.25066843655198
"NS98",295000,685000,892060.888888889,898646.221769355,-0.732805938637364
"NS99",295000,695000,884256.906666667,894434.186751561,-1.137845605148
"NT00",305000,605000,929610.72,927085.41119948,0.272392248870833
"NT01",305000,615000,924470.382222222,926831.99799455,-0.254805161824085
"NT02",305000,625000,924470.382222222,926536.050152792,-0.222945230272365
"NT03",305000,635000,924470.382222222,925728.795221099,-0.135937545139954
"NT04",305000,645000,919722.008888889,924022.800333062,-0.465442134395671
"NT05",305000,655000,919722.008888889,921134.056303616,-0.153294453186732
"NT06",305000,665000,919722.008888889,917312.279860449,0.262694513236645
"NT07",305000,675000,908588.604444444,913258.671008637,-0.511362959087442
"NT08",305000,685000,908588.604444444,909663.007001938,-0.118109953820664
"NT09",305000,695000,908495.217777778,906917.806160885,0.173931044927871
"NT10",315000,605000,931269.333333333,929428.012838115,0.198113298693911
"NT11",315000,615000,932019.626666667,930593.461452678,0.153253302657247
"NT12",315000,625000,932019.626666667,931399.435011984,0.0665870765398175
"NT13",315000,635000,932019.626666667,931594.12232363,0.0456748634239676
"NT14",315000,645000,934621.688888889,930877.825601816,0.402186321782108
"NT15",315000,655000,934621.688888889,928958.884575408,0.609586108438948
"NT16",315000,665000,934621.688888889,926218.667910551,0.907239431623018
"NT17",315000,675000,923603.324444445,923454.087498352,0.016160732635489
"NT18",315000,685000,923603.324444445,921428.884438842,0.235985656877544
"NT19",315000,695000,936855.164444444,920516.407088213,1.77495558258595
"NT20",325000,605000,931269.333333333,931257.644748316,0.00125513976538872
"NT21",325000,615000,932019.626666667,933603.409544507,-0.169641933785654
"NT22",325000,625000,932019.626666667,935475.348945975,-0.369408160589387
"NT23",325000,635000,932019.626666667,936666.979879054,-0.49615854003817
"NT24",325000,645000,934621.688888889,936969.452976076,-0.250569971062542
"NT25",325000,655000,934621.688888889,936229.611978414,-0.171744523880931
"NT26",325000,665000,934621.688888889,934915.813486974,-0.031460008895189
"NT27",325000,675000,923603.324444445,933840.930586681,-1.09629015037978
"NT28",325000,685000,923603.324444445,933740.51566522,-1.0856539960198
"NT29",325000,695000,936855.164444444,934914.51401252,0.207575174290004
"NT30",335000,605000,930475.68,933228.831766222,-0.295013577860826
"NT31",335000,615000,939401.831111111,936452.234490657,0.314975661525211
"NT32",335000,625000,939401.831111111,939314.003833819,0.0093501509541234
"NT33",335000,635000,939401.831111111,941498.163763591,-0.222659239620795
"NT34",335000,645000,949854.026666667,942851.155441143,0.742733482916164
"NT35",335000,655000,949854.026666667,943453.354811876,0.678430133524351
"NT36",335000,665000,949854.026666667,943808.572984439,0.640538119198435
"NT37",335000,675000,939797.617777778,944636.801141462,-0.512279783916557
"NT38",335000,685000,939797.617777778,946546.912581621,-0.71304387707893
"NT39",335000,695000,963681.706666667,949704.003202742,1.47179578234763
"NT40",345000,605000,933060.622222222,936123.183857647,-0.327153700307268
"NT41",345000,615000,949958.151111111,939948.564904199,1.06490786630781
"NT42",345000,625000,949958.151111111,943607.151622892,0.673055463525916
"NT43",345000,635000,949958.151111111,946770.061692084,0.336733231015924
"NT44",345000,645000,949854.026666667,949298.344429599,0.0585361009348032
"NT45",345000,655000,949854.026666667,951377.221591239,-0.160104203674841
"NT46",345000,665000,939797.617777778,953473.220047228,-1.43429327451615
"NT47",345000,675000,939797.617777778,956145.203061378,-1.70973877516291
"NT48",345000,685000,939797.617777778,959852.692922462,-2.08939093389654
"NT49",345000,695000,963681.706666667,964609.185603209,-0.0961507468915699
"NT50",355000,605000,933060.622222222,940918.519026167,-0.835130422565997
"NT51",355000,615000,949958.151111111,945120.25188936,0.511881870278359
"NT52",355000,625000,949958.151111111,949426.593770521,0.0559871973334583
"NT53",355000,635000,949958.151111111,953487.889727289,-0.370192286048543
"NT54",355000,645000,963858.951111111,957185.159389897,0.697231006534608
"NT55",355000,655000,963858.951111111,960683.553449629,0.330535237131946
"NT56",355000,665000,962123.128888889,964359.977862339,-0.231951659629109
"NT57",355000,675000,962123.128888889,968518.64969042,-0.660340490456749
"NT58",355000,685000,962123.128888889,973476.139138087,-1.16623405471959
"NT59",355000,695000,985860.16,979295.054014872,0.670391008124939
"NT60",365000,605000,941134.56,948450.780912451,-0.771386460920263
"NT61",365000,615000,963891.982222222,952889.716316296,1.15462111905865
"NT62",365000,625000,963891.982222222,957666.225180203,0.650096753787828
"NT63",365000,635000,963891.982222222,962494.225406017,0.145222358670873
"NT64",365000,645000,982604.213333333,967176.785797929,1.59509903069858
"NT65",365000,655000,982604.213333333,971790.040922006,1.11280955308692
"NT66",365000,665000,989613.244444444,976589.369696768,1.33360808050989
"NT67",365000,675000,989613.244444444,981694.350455589,0.806655756466409
"NT68",365000,685000,989613.244444444,987362.971722184,0.227907343774039
"NT69",365000,695000,1009740.97777778,993536.48055441,1.63099166870304
"NT70",375000,605000,941134.56,959076.623474607,-1.87076434097679
"NT71",375000,615000,963891.982222222,963745.387498457,0.0152109390785584
"NT72",375000,625000,963891.982222222,968843.789213571,-0.511104787632275
"NT73",375000,635000,963891.982222222,974154.960666292,-1.05352627235512
"NT74",375000,645000,982604.213333333,979468.479643585,0.320146462588515
"NT75",375000,655000,982604.213333333,984786.269100996,-0.221576583277721
"NT76",375000,665000,989613.244444444,990152.595747267,-0.0544715334928405
"NT77",375000,675000,989613.244444444,995661.74921834,-0.607485903585662
"NT80",385000,605000,959136.195555556,972596.252030664,-1.38393053098916
"NT81",385000,615000,986867.822222222,977521.594722942,0.956114683269911
"NT82",385000,625000,986867.822222222,982905.397808825,0.403133854207164
"NT83",385000,635000,986867.822222222,988471.761223475,-0.162264524306393
"NT84",385000,645000,996162.897777778,993972.397021568,0.220378429297801
"NT85",385000,655000,996162.897777778,999403.042115944,-0.32420797232182
"NT86",385000,665000,1005249.19111111,1004772.72387112,0.0474203995263322
"NT87",385000,675000,1005249.19111111,1010105.69473614,-0.480791629067941
"NT90",395000,605000,995333.902222222,988434.026820518,0.698061298425636
"NT91",395000,615000,1016204.8,993677.691878425,2.26704376134176
"NT92",395000,625000,1016204.8,999228.796462289,1.69891055960497
"NT93",395000,635000,1016204.8,1004762.38454046,1.13881805644746
"NT94",395000,645000,1006276.58666667,1010095.39325705,-0.37806395473866
"NT95",395000,655000,1006276.58666667,1015173.9377422,-0.876436120427366
"NT96",395000,665000,1029877.79555556,1020024.07795705,0.966027941050472
"NT97",395000,675000,1029877.79555556,1024720.48286595,0.503289704445411
"NU00",405000,605000,995333.902222222,1005556.88959918,-1.01664932960975
"NU01",405000,615000,1016204.8,1011102.46765109,0.504630590089036
"NU02",405000,625000,1016204.8,1016688.00918577,-0.0475277746370922
"NU03",405000,635000,1016204.8,1022014.65674358,-0.568470980846393
"NU04",405000,645000,1006276.58666667,1026896.82836466,-2.00801493669333
"NU05",405000,655000,1006276.58666667,1031307.63996802,-2.42711799382484
"NU10",415000,605000,1021912.97777778,1022680.37882246,-0.0750382094516103
"NU11",415000,615000,1037065.63555556,1028442.19159749,0.838495739334414
"NU12",415000,625000,1037065.63555556,1033983.22565279,0.298110242631529
"NU13",415000,635000,1037065.63555556,1039022.02170246,-0.188291114725724
"NU14",415000,645000,1031427.68,1043335.40515834,-1.14131324399267
"NU20",425000,605000,1040023.12888889,1038710.80981379,0.126341139679802
"NU21",425000,615000,1053674.15111111,1044518.31583399,0.876560529224457
"NU22",425000,625000,1053674.15111111,1049918.79111349,0.357680996797383
"NU23",425000,635000,1053674.15111111,1054623.81730642,-0.0900478615905244
"NU24",425000,645000,1061892.24888889,1058436.3431666,0.326510493012044
"NU30",435000,605000,1040023.12888889,1053093.95818868,-1.2411835808336
"NW95",195000,555000,1021359.00444444,1040957.20539003,-1.88270957193112
"NW96",195000,565000,1025608.67555556,1030165.51167491,-0.442340193659447
"NW97",195000,575000,1025608.67555556,1020392.68792831,0.511174539856842
"NX03",205000,535000,1031658.98666667,1055235.39073239,-2.23423174324704
"NX04",205000,545000,1031658.98666667,1042823.58454141,-1.07061232985609
"NX05",205000,555000,1031658.98666667,1030448.40224307,0.117481323757439
"NX06",205000,565000,1004238.52444444,1018560.73543924,-1.40612243300551
"NX07",205000,575000,1004238.52444444,1007564.25695405,-0.33007646774438
"NX08",205000,585000,1004238.52444444,997842.857588185,0.640949304554671
"NX09",205000,595000,982449.653333333,989543.631064187,-0.716893879982246
"NX12",215000,525000,1070547.62666667,1059225.12839069,1.06894162274822
"NX13",215000,535000,1033873.26222222,1046757.54361365,-1.23087542765178
"NX14",215000,545000,1031658.98666667,1033764.14205739,-0.203639815416335
"NX15",215000,555000,1031658.98666667,1020512.27875089,1.09226592838451
"NX16",215000,565000,1004238.52444444,1007462.66383881,-0.32002569525269
"NX17",215000,575000,1004238.52444444,995145.110277968,0.913777706643877
"NX18",215000,585000,1004238.52444444,984046.907779002,2.05189574865038
"NX19",215000,595000,982449.653333333,974448.352152644,0.821110853439669
"NX24",225000,545000,1033873.26222222,1025223.663033,0.843679238112543
"NX25",225000,555000,1033873.26222222,1011257.07120373,2.23644330037423
"NX26",225000,565000,997766.613333333,997188.953253555,0.0579288486794695
"NX27",225000,575000,997766.613333333,983661.565001556,1.43393305519212
"NX28",225000,585000,958848.017777778,971275.405581682,-1.27949165936735
"NX29",225000,595000,958848.017777778,960415.350568049,-0.163193225654358
"NX33",235000,535000,1018470.82666667,1030556.28545972,-1.17271215202594
"NX34",235000,545000,1018470.82666667,1016984.4052489,0.146159706096763
"NX35",235000,555000,1018470.82666667,1002575.58969945,1.58544025313635
"NX36",235000,565000,981242.293333333,987821.850580314,-0.666067190467096
"NX37",235000,575000,981242.293333333,973444.421503732,0.801059789068948
"NX38",235000,585000,941853.76,960139.89093636,-1.90452777860601
"NX39",235000,595000,941853.76,948350.287265675,-0.685034565066269
"NX43",245000,535000,1018470.82666667,1022236.55704956,-0.368381502004395
"NX44",245000,545000,1018470.82666667,1008714.56545562,0.967197415914951
"NX45",245000,555000,1018470.82666667,994240.076145888,2.43711263528102
"NX46",245000,565000,981242.293333333,979291.742554301,0.199179743305533
"NX47",245000,575000,981242.293333333,964620.683519375,1.72312392818651
"NX48",245000,585000,941853.76,950945.854001875,-0.95611058859053
"NX49",245000,595000,941853.76,938806.387753865,0.324600714895595
"NX54",255000,545000,1006266.13333333,1000190.2152769,0.607476254379302
"NX55",255000,555000,1006266.13333333,986060.421847532,2.04913522925333
"NX56",255000,565000,961675.057777778,971502.507723278,-1.01157226742846
"NX57",255000,575000,961675.057777778,957193.539137926,0.4681935738814
"NX58",255000,585000,923446.577777778,943905.069640435,-2.1674310818619
"NX59",255000,595000,923446.577777778,932170.651197909,-0.935888016740261
"NX64",265000,545000,982531.928888889,991367.149838733,-0.891215827686129
"NX65",265000,555000,982531.928888889,977968.309326984,0.466642887952616
"NX66",265000,565000,954775.946666667,964281.149562343,-0.985729410970124
"NX67",265000,575000,954775.946666667,950971.033759065,0.400108181272524
"NX68",265000,585000,924382.471111111,938759.357617626,-1.53147730457781
"NX69",265000,595000,924382.471111111,928169.081729188,-0.407965605902565
"NX74",275000,545000,982531.928888889,982215.331120181,0.032233030647867
"NX75",275000,555000,982531.928888889,969799.398872663,1.31290347581434
"NX76",275000,565000,954775.946666667,957437.779863473,-0.278016311115861
"NX77",275000,575000,954775.946666667,945711.151809841,0.95851622765348
"NX78",275000,585000,924382.471111111,935222.601908418,-1.15909632371874
"NX79",275000,595000,924382.471111111,926381.810212654,-0.215822361741321
"NX84",285000,545000,964935.822222222,972818.420416191,-0.810284635707908
"NX85",285000,555000,942637.191111111,961580.282490583,-1.96999582088014
"NX86",285000,565000,942637.191111111,950877.429826814,-0.866593154619711
"NX87",285000,575000,942637.191111111,941172.008032861,0.155676440198459
"NX88",285000,585000,927881.511111111,932887.11801281,-0.536571553518895
"NX89",285000,595000,927881.511111111,926261.564683514,0.174890818032644
"NX90",295000,505000,984669.155555556,1010553.71387283,-2.56142330307969
"NX91",295000,515000,984669.155555556,997948.949258544,-1.33070872140853
"NX92",295000,525000,1005619.18222222,985753.881729867,2.01523938789816
"NX93",295000,535000,964935.822222222,974211.978826118,-0.952170246877157
"NX95",295000,555000,942637.191111111,953518.713098315,-1.14119647970475
"NX96",295000,565000,942637.191111111,944648.211618658,-0.212885652332013
"NX97",295000,575000,942637.191111111,937142.620810476,0.586311003108914
"NX98",295000,585000,927881.511111111,931252.221821797,-0.361954648987799
"NX99",295000,595000,927881.511111111,927011.092331693,0.0938951849247591
"NY00",305000,505000,984669.155555556,1000024.35008875,-1.53548206419534
"NY01",305000,515000,984669.155555556,987360.622129209,-0.27259205130641
"NY02",305000,525000,984669.155555556,975392.131861564,0.951107087186156
"NY03",305000,535000,957543.537777778,964374.068797489,-0.708286466913018
"NY04",305000,545000,957543.537777778,954507.602438836,0.318062981498019
"NY05",305000,555000,933799.928888889,945952.958027026,-1.28473927112453
"NY06",305000,565000,933799.928888889,938886.133042789,-0.541727476303955
"NY07",305000,575000,933799.928888889,933507.310131032,0.0313461667285519
"NY08",305000,585000,929610.72,929897.554225057,-0.0308457876627527
"NY09",305000,595000,929610.72,927902.012314641,0.184147427495762
"NY10",315000,505000,977529.404444444,989582.037737868,-1.2179519063397
"NY11",315000,515000,977529.404444444,977145.886193383,0.0392488221543895
"NY12",315000,525000,977529.404444444,965665.960855637,1.22852456954119
"NY13",315000,535000,951611.697777778,955383.295248371,-0.394773227598911
"NY14",315000,545000,951611.697777778,946511.844596171,0.538805003944016
"NY15",315000,555000,929582.186666667,939304.640582966,-1.03506929447992
"NY16",315000,565000,929582.186666667,933876.903498974,-0.459880399249252
"NY17",315000,575000,929582.186666667,930362.564214827,-0.0838788638082035
"NY18",315000,585000,931269.333333333,928692.65842073,0.277451844723819
"NY19",315000,595000,931269.333333333,928559.333781826,0.291849906938074
"NY20",325000,505000,977529.404444444,979664.982963701,-0.217990696451756
"NY21",325000,515000,977529.404444444,967871.858615582,0.997812442101205
"NY22",325000,525000,977529.404444444,957220.431514291,2.12166103663561
"NY23",325000,535000,951611.697777778,947867.962741487,0.394963769580574
"NY24",325000,545000,951611.697777778,940110.922349184,1.22334239026344
"NY25",325000,555000,929582.186666667,934165.349693918,-0.490615823928035
"NY26",325000,565000,929582.186666667,930166.838154954,-0.0628544755956973
"NY27",325000,575000,929582.186666667,928134.305335007,0.155999118159593
"NY28",325000,585000,931269.333333333,927914.097259875,0.361589082800467
"NY29",325000,595000,931269.333333333,929132.752836828,0.229954276176558
"NY30",335000,505000,965587.164444444,970734.249531649,-0.530225969639776
"NY31",335000,515000,965587.164444444,960055.776581155,0.576152760935085
"NY32",335000,525000,965587.164444444,950595.291882333,1.57710359920097
"NY33",335000,535000,940992.32,942453.688879277,-0.155060020085905
"NY34",335000,545000,940992.32,935937.94962613,0.540032635271322
"NY35",335000,555000,931440.586666667,931186.586209473,0.0272770743216492
"NY36",335000,565000,931440.586666667,928356.378158332,0.33222247198354
"NY37",335000,575000,931440.586666667,927390.745877723,0.436691956108601
"NY38",335000,585000,930475.68,928129.640513144,0.252770667420905
"NY39",335000,595000,930475.68,930239.96402452,0.0253392656298906
"NY40",345000,505000,952890.56,963206.639484443,-1.07101415849512
"NY41",345000,515000,952890.56,954099.768026936,-0.126738111407014
"NY42",345000,525000,952890.56,946177.126789479,0.70953239308382
"NY43",345000,535000,941807.591111111,939511.264853624,0.244417107424942
"NY44",345000,545000,941807.591111111,934331.454592093,0.800158924573759
"NY45",345000,555000,934358.648888889,930784.378975496,0.384006220358645
"NY46",345000,565000,934358.648888889,928892.178199156,0.5884935644878
"NY47",345000,575000,934358.648888889,928690.36516972,0.61035237704156
"NY48",345000,585000,933060.622222222,930033.463056304,0.32548927389882
"NY49",345000,595000,933060.622222222,932644.672418864,0.0445989577444365
"NY50",355000,505000,952890.56,957450.231908459,-0.476230696541808
"NY51",355000,515000,952890.56,950202.073007187,0.282938447429879
"NY52",355000,525000,952890.56,944122.57796648,0.928691065984842
"NY53",355000,535000,941807.591111111,939200.317649244,0.277605683566321
"NY54",355000,545000,941807.591111111,935519.515774988,0.672147959512496
"NY55",355000,555000,934358.648888889,933193.873176002,0.12481604802251
"NY56",355000,565000,934358.648888889,932251.159214194,0.226064580758621
"NY57",355000,575000,934358.648888889,932698.944464879,0.17794642460565
"NY58",355000,585000,933060.622222222,934421.513717771,-0.145640000317841
"NY59",355000,595000,933060.622222222,937235.828739782,-0.445480890671226
"NY60",365000,505000,946501.048888889,953629.009423045,-0.747456344524225
"NY61",365000,515000,946501.048888889,948438.093965968,-0.204235267373033
"NY62",365000,525000,946501.048888889,944398.299244174,0.222654958866127
"NY63",365000,535000,940773.706666667,941408.033838526,-0.0673806839392379
"NY64",365000,545000,940773.706666667,939430.376946441,0.142994068873104
"NY65",365000,555000,937361.688888889,938486.882755841,-0.119894469238421
"NY66",365000,565000,937361.688888889,938574.969725272,-0.129268398957889
"NY67",365000,575000,937361.688888889,939712.808037234,-0.250195498905191
"NY68",365000,585000,941134.56,941779.058262442,-0.068434125476443
"NY69",365000,595000,941134.56,944689.636022111,-0.376322115385993
"NY70",375000,505000,946501.048888889,951859.350069952,-0.562929930842171
"NY71",375000,515000,946501.048888889,948778.104600799,-0.239998762710545
"NY72",375000,525000,946501.048888889,946842.018483658,-0.0360112445489992
"NY73",375000,535000,940773.706666667,945878.721074624,-0.539711306979999
"NY74",375000,545000,940773.706666667,945728.529089914,-0.523915930506507
"NY75",375000,555000,937361.688888889,946304.423153624,-0.945016640092691
"NY76",375000,565000,937361.688888889,947568.309663659,-1.07713825701847
"NY77",375000,575000,937361.688888889,949487.85962024,-1.27712751758632
"NY78",375000,585000,941134.56,952016.410704603,-1.14303184086389
"NY79",375000,595000,941134.56,955176.988378885,-1.47013889046029
"NY80",385000,505000,949790.933333333,952109.156078739,-0.243482874899869
"NY81",385000,515000,949790.933333333,951034.257139974,-0.130733861299537
"NY82",385000,525000,949790.933333333,951148.316484566,-0.142709935738465
"NY83",385000,535000,944046.133333333,952208.25633299,-0.85717834784268
"NY84",385000,545000,944046.133333333,953923.528123354,-1.03544933098069
"NY85",385000,555000,954885.795555556,956120.350247762,-0.129121265109226
"NY86",385000,565000,954885.795555556,958692.783870525,-0.39710201005156
"NY87",385000,575000,954885.795555556,961562.427155716,-0.694352380209985
"NY88",385000,585000,959136.195555556,964745.278660658,-0.581405603030191
"NY89",385000,595000,959136.195555556,968349.707672297,-0.951465368734276
"NY90",395000,505000,956388.924444444,954303.105034604,0.218569907069977
"NY91",395000,515000,956388.924444444,954976.361613068,0.147915999615985
"NY92",395000,525000,956388.924444444,956949.653734047,-0.0585954848737066
"NY93",395000,535000,958923.04,959874.567346574,-0.0991303842130735
"NY94",395000,545000,958923.04,963416.037084177,-0.4663610435399
"NY95",395000,555000,978356.924444444,967336.661701291,1.13923757668523
"NY96",395000,565000,978356.924444444,971338.425142669,0.722559627016156
"NY97",395000,575000,978356.924444444,975334.015510727,0.309935764122227
"NY98",395000,585000,995333.902222222,979386.252267265,1.62833099995412
"NY99",395000,595000,995333.902222222,983683.557025961,1.18435904646862
"NZ00",405000,505000,956388.924444444,958440.485901336,-0.214052044656939
"NZ01",405000,515000,956388.924444444,960482.024905273,-0.426150657138254
"NZ02",405000,525000,956388.924444444,963956.165693358,-0.785019227868142
"NZ03",405000,535000,958923.04,968503.115032349,-0.989163058296318
"NZ04",405000,545000,958923.04,973759.237309377,-1.52360016120321
"NZ05",405000,555000,978356.924444444,979342.425645549,-0.100628868442504
"NZ06",405000,565000,978356.924444444,984809.808888249,-0.655241690889401
"NZ07",405000,575000,978356.924444444,990054.911821364,-1.18154935016676
"NZ08",405000,585000,995333.902222222,995119.614870054,0.021533828593636
"NZ09",405000,595000,995333.902222222,1000231.78564331,-0.48967484251031
"NZ10",415000,505000,964870.897777778,964551.558346288,0.0331075543579603
"NZ11",415000,515000,964870.897777778,967526.300456541,-0.274452764489221
"NZ12",415000,525000,964870.897777778,972117.526923146,-0.745447843976727
"NZ13",415000,535000,980600.888888889,977948.147091938,0.271255874336407
"NZ14",415000,545000,980600.888888889,984618.094846565,-0.407996357034421
"NZ15",415000,555000,999900.551111111,991634.472095469,0.833581248761413
"NZ16",415000,565000,999900.551111111,998469.651143898,0.143309309959894
"NZ17",415000,575000,999900.551111111,1004891.35735393,-0.496651325170588
"NZ18",415000,585000,1021912.97777778,1010925.29168156,1.0868939759078
"NZ19",415000,595000,1021912.97777778,1016827.27877968,0.500153674496797
"NZ20",425000,505000,983005.902222222,972690.882681199,1.06046224187792
"NZ21",425000,515000,983005.902222222,976125.007539339,0.704919413982487
"NZ22",425000,525000,983005.902222222,981375.018761402,0.166183510853871
"NZ23",425000,535000,1001509.83111111,988075.104397035,1.35968679448455
"NZ24",425000,545000,1001509.83111111,995747.91029541,0.578652564180836
"NZ25",425000,555000,1019661.79555556,1003801.24674482,1.58004872599693
"NZ26",425000,565000,1019661.79555556,1011705.44014083,0.786430031810104
"NZ27",425000,575000,1019661.79555556,1019127.85231783,0.0523921740059187
"NZ28",425000,585000,1040023.12888889,1025982.47363049,1.368508295148
"NZ29",425000,595000,1040023.12888889,1032481.854214,0.73040263556273
"NZ30",435000,505000,983005.902222222,982910.53192643,0.00970284605709248
"NZ31",435000,515000,983005.902222222,986302.613475591,-0.334249469516386
"NZ32",435000,525000,983005.902222222,991759.907854126,-0.882673877273893
"NZ33",435000,535000,1001509.83111111,998850.777991992,0.266211247736557
"NZ34",435000,545000,1001509.83111111,1007042.25345597,-0.549373407706857
"NZ35",435000,555000,1019661.79555556,1015688.36886519,0.391205296049931
"NZ36",435000,565000,1019661.79555556,1024260.79336155,-0.449006526052981
"NZ37",435000,575000,1019661.79555556,1032377.62567062,-1.23170338051535
"NZ38",435000,585000,1040023.12888889,1039832.83745994,0.0183001942325593
"NZ39",435000,595000,1040023.12888889,1046697.43031218,-0.637653368586161
"NZ40",445000,505000,1000767.18222222,995104.099886609,0.569094463208319
"NZ41",445000,515000,1000767.18222222,998098.519224867,0.267374707601737
"NZ42",445000,525000,1000767.18222222,1003348.82590978,-0.257302706785069
"NZ43",445000,535000,1019163.02222222,1010400.1225878,0.86727024656132
"NZ44",445000,545000,1019163.02222222,1018678.43085729,0.0475705924710878
"NZ45",445000,555000,1043331.32444444,1027498.5681893,1.5409029993144
"NZ46",445000,565000,1043331.32444444,1036306.24490633,0.67789609226495
"NZ50",455000,505000,1000767.18222222,1009081.08768035,-0.823908559939613
"NZ51",455000,515000,1000767.18222222,1011492.496138,-1.06034537643441
"NZ52",455000,525000,1000767.18222222,1016232.15841398,-1.52179559205216
"NZ53",455000,535000,1019163.02222222,1022916.45357981,-0.366934302841046
"NZ60",465000,505000,1025240.92444444,1024580.60360651,0.0644479151379112
"NZ61",465000,515000,1025240.92444444,1026366.41376063,-0.109657652579036
"NZ62",465000,525000,1025240.92444444,1030436.40222207,-0.50420169225625
"NZ70",475000,505000,1048635.02222222,1041073.23965363,0.726344917972539
"NZ71",475000,515000,1048635.02222222,1042308.31219445,0.60699026897869
"NZ72",475000,525000,1048635.02222222,1045638.27649493,0.286594876513179
"NZ80",485000,505000,1048635.02222222,1057817.11210292,-0.868022437493166
"NZ81",485000,515000,1048635.02222222,1058647.10693651,-0.945743359490443
"NZ90",495000,505000,1076276.26666667,1074035.71473581,0.208610561093572
"NZ91",495000,515000,1076276.26666667,1074642.55832149,0.152023417695925
"OV00",505000,505000,1076276.26666667,1089129.43703015,-1.1801324917384
"SD08",305000,485000,1034481.99111111,1026233.47585039,0.803765951396582
"SD09",305000,495000,1034481.99111111,1013091.3530872,2.11142242589734
"SD16",315000,465000,1050675.94666667,1042418.89768129,0.79210469070948
"SD17",315000,475000,1006445.19111111,1029525.32694417,-2.24182302552601
"SD18",315000,485000,1006445.19111111,1016112.96825341,-0.951447077672153
"SD19",315000,495000,1006445.19111111,1002671.46431688,0.376367227804035
"SD20",325000,405000,1081036.35555556,1072394.36651904,0.805859234842115
"SD21",325000,415000,1082867.82222222,1073507.66997298,0.871922251796718
"SD22",325000,425000,1082867.82222222,1071086.33821956,1.09995651912076
"SD23",325000,435000,1082867.82222222,1065229.94774512,1.65578094330135
"SD24",325000,445000,1050675.94666667,1056338.7180894,-0.536075344561365
"SD26",325000,465000,1050675.94666667,1032540.93691729,1.75634777285658
"SD27",325000,475000,1006445.19111111,1019181.21009526,-1.24963243611544
"SD28",325000,485000,1006445.19111111,1005614.7629083,0.082579157888232
"SD29",325000,495000,1006445.19111111,992325.592013843,1.42287966882056
"SD30",335000,405000,1065789.42222222,1065671.87058145,0.0110307538385394
"SD31",335000,415000,1067405.20888889,1065438.84583508,0.184558978818442
"SD32",335000,425000,1067405.20888889,1062043.2638614,0.50487067805415
"SD33",335000,435000,1067405.20888889,1055389.96513932,1.138464846781
"SD34",335000,445000,1029583.02222222,1045878.43278138,-1.55805971788012
"SD35",335000,455000,1029583.02222222,1034278.5996484,-0.453995415526965
"SD36",335000,465000,1029583.02222222,1021470.18418193,0.794231507284731
"SD37",335000,475000,989909.315555556,1008203.20120896,-1.81450382536606
"SD38",335000,485000,989909.315555556,995040.126004132,-0.515638547078603
"SD39",335000,495000,989909.315555556,982455.734416658,0.75866839367817
"SD40",345000,405000,1050442.72,1055577.81524757,-0.486472448870587
"SD41",345000,415000,1050038.64888889,1054204.00460185,-0.395118562894917
"SD42",345000,425000,1050038.64888889,1050002.16240409,0.0034748961579052
"SD43",345000,435000,1050038.64888889,1042893.91456206,0.685087354242102
"SD44",345000,445000,1013851.25333333,1033276.74665775,-1.87998940141153
"SD45",345000,455000,1013851.25333333,1021896.63493429,-0.787298962137391
"SD46",345000,465000,1013851.25333333,1009574.67764374,0.423601719049596
"SD47",345000,475000,975740.035555556,997039.694289533,-2.13628994472034
"SD48",345000,485000,975740.035555556,984863.674140302,-0.926385937902528
"SD49",345000,495000,975740.035555556,973496.13068917,0.230499618400867
"SD50",355000,405000,1050442.72,1043203.43361503,0.693947714481685
"SD51",355000,415000,1050038.64888889,1040834.73319402,0.884282144065503
"SD52",355000,425000,1050038.64888889,1036014.73334172,1.35364055122366
"SD53",355000,435000,1050038.64888889,1028760.27518839,2.06835102537381
"SD54",355000,445000,1013851.25333333,1019475.90963087,-0.551720373615178
"SD55",355000,455000,1013851.25333333,1008846.74058435,0.496062736554242
"SD56",355000,465000,1013851.25333333,997586.125798581,1.63044845092763
"SD57",355000,475000,975740.035555556,986325.546279292,-1.07322686344967
"SD58",355000,485000,975740.035555556,975653.260825788,0.00889401319623561
"SD59",355000,495000,975740.035555556,965934.968936993,1.01508558380001
"SD60",365000,405000,1027496.14222222,1029885.31808368,-0.231984651058688
"SD61",365000,415000,1020370.34666667,1026766.90107638,-0.622980191804777
"SD62",365000,425000,1020370.34666667,1021588.49499606,-0.119240607677534
"SD63",365000,435000,1020370.34666667,1014483.29392889,0.58030060948338
"SD64",365000,445000,987780.266666667,1005855.47530565,-1.79699858307053
"SD65",365000,455000,987780.266666667,996309.795856561,-0.856112147583706
"SD66",365000,465000,987780.266666667,986465.693223607,0.133260938732115
"SD67",365000,475000,968462.684444444,976816.737760719,-0.855232408837008
"SD68",365000,485000,968462.684444444,967917.405787568,0.0563352465423157
"SD69",365000,495000,968462.684444444,960109.796766854,0.869992963900444
"SD70",375000,405000,1027496.14222222,1017276.04087696,1.00465369620347
"SD71",375000,415000,1020370.34666667,1013600.05945144,0.66794463477912
"SD72",375000,425000,1020370.34666667,1008349.07331692,1.19217378860677
"SD73",375000,435000,1020370.34666667,1001651.56987798,1.86879123954904
"SD74",375000,445000,987780.266666667,993877.695815038,-0.613498941977034
"SD75",375000,455000,987780.266666667,985528.130982499,0.228520689908936
"SD76",375000,465000,987780.266666667,977170.219863544,1.08579309801357
"SD77",375000,475000,968462.684444444,969213.788982016,-0.0774962702873511
"SD78",375000,485000,968462.684444444,962116.327541958,0.65962469618414
"SD79",375000,495000,968462.684444444,956280.132997206,1.27395216389741
"SD80",385000,405000,995430.648888889,1006944.02994462,-1.14339831344637
"SD81",385000,415000,988003.822222222,1002881.92875833,-1.48353521082252
"SD82",385000,425000,988003.822222222,997755.647092858,-0.977376063873948
"SD83",385000,435000,988003.822222222,991639.64586177,-0.366647668305808
"SD84",385000,445000,975682.542222222,984772.83751088,-0.923085501792917
"SD85",385000,455000,975682.542222222,977514.565839068,-0.187416503126267
"SD86",385000,465000,975682.542222222,970456.413825678,0.538522732406085
"SD87",385000,475000,959082.133333333,964019.486983371,-0.51216326191579
"SD88",385000,485000,959082.133333333,958617.998700598,0.0484170580318938
"SD89",385000,495000,959082.133333333,954605.781158033,0.468921544752195
"SD90",395000,405000,996755.2,1000145.41147367,-0.338971856969998
"SD91",395000,415000,987005.671111111,995861.312931843,-0.889244486730855
"SD92",395000,425000,987005.671111111,990953.276016838,-0.398364383192136
"SD93",395000,435000,987005.671111111,985400.354592657,0.162910081265152
"SD94",395000,445000,972398.115555556,979286.784308061,-0.703437324274027
"SD95",395000,455000,972398.115555556,972947.756144017,-0.0564923023863057
"SD96",395000,465000,972398.115555556,966874.791611082,0.571255346855263
"SD97",395000,475000,959309.457777778,961645.806081144,-0.24295310067301
"SD98",395000,485000,959309.457777778,957626.543496559,0.175738057037816
"SD99",395000,495000,959309.457777778,955152.533201438,0.435210548246912
"SE00",405000,405000,996755.2,997510.723113344,-0.0757408512849122
"SE01",405000,415000,987005.671111111,993155.922211873,-0.619263396936129
"SE02",405000,425000,987005.671111111,988482.697928806,-0.149423638955968
"SE03",405000,435000,987005.671111111,983351.53308386,0.37160037934669
"SE04",405000,445000,972398.115555556,977817.796038089,-0.554262819156419
"SE05",405000,455000,972398.115555556,972196.141821867,0.0207749984802428
"SE06",405000,465000,972398.115555556,966867.868907248,0.571975429751064
"SE07",405000,475000,959309.457777778,962461.59365331,-0.327507704859945
"SE08",405000,485000,959309.457777778,959438.45048816,-0.013444605051644
"SE09",405000,495000,959309.457777778,958076.04126034,0.128738895903853
"SE10",415000,405000,999263.555555556,999037.229285232,0.0226544380618968
"SE11",415000,415000,987879.875555556,994774.559333397,-0.693090078867921
"SE12",415000,425000,987879.875555556,990337.419503666,-0.248152185276619
"SE13",415000,435000,987879.875555556,985594.524361174,0.231875394789072
"SE14",415000,445000,973176.515555556,980562.934684269,-0.753283534125391
"SE15",415000,455000,973176.515555556,975459.771115063,-0.234069679459682
"SE16",415000,465000,973176.515555556,970635.279435207,0.261811637614026
"SE17",415000,475000,962995.502222222,966710.134170844,-0.384254991989691
"SE18",415000,485000,962995.502222222,964217.211420199,-0.126704769787052
"SE19",415000,495000,962995.502222222,963447.253139508,-0.0468890139874113
"SE20",425000,405000,1013282.4,1004225.25393193,0.901903834086025
"SE21",425000,415000,1003393.40444444,1000278.43175578,0.311410562277149
"SE22",425000,425000,1003393.40444444,996217.099610058,0.720355516603289
"SE23",425000,435000,1003393.40444444,991912.346263214,1.1574670105158
"SE24",425000,445000,989465.208888889,987331.183313851,0.216140805750239
"SE25",425000,455000,989465.208888889,982610.373480661,0.69761480167836
"SE26",425000,465000,989465.208888889,978093.353173703,1.16265545392843
"SE27",425000,475000,979295.306666667,974338.440072136,0.508741766789312
"SE28",425000,485000,979295.306666667,971926.240760555,0.758191887107083
"SE29",425000,495000,979295.306666667,971295.378208386,0.823634976317629
"SE30",435000,405000,1013282.4,1012191.16380129,0.107809299046675
"SE31",435000,415000,1003393.40444444,1008842.50246651,-0.540133668907084
"SE32",435000,425000,1003393.40444444,1005360.74628052,-0.195685165086489
"SE33",435000,435000,1003393.40444444,1001611.58513547,0.177895237576521
"SE34",435000,445000,989465.208888889,997528.925765505,-0.808369228032951
"SE35",435000,455000,989465.208888889,993184.178593218,-0.374449148958147
"SE36",435000,465000,989465.208888889,988868.724588499,0.0603198670923554
"SE37",435000,475000,979295.306666667,985099.770556192,-0.589225991418913
"SE38",435000,485000,979295.306666667,982501.72453538,-0.32635239090596
"SE39",435000,495000,979295.306666667,981653.338848835,-0.240210274732424
"SE40",445000,405000,1028480.07111111,1021938.60009407,0.640104113538562
"SE41",445000,415000,1018714.02666667,1019444.48286289,-0.0716523762209072
"SE42",445000,425000,1018714.02666667,1016746.22329076,0.19353928549986
"SE43",445000,435000,1018714.02666667,1013701.71106969,0.494456657441353
"SE44",445000,445000,1010692.37333333,1010240.78826647,0.0447007359147316
"SE45",445000,455000,1010692.37333333,1006367.00143443,0.429800648544642
"SE46",445000,465000,1010692.37333333,1002289.6876068,0.838349015303228
"SE47",445000,475000,1001165.42222222,998488.27654443,0.268119890907227
"SE48",445000,485000,1001165.42222222,995607.448790596,0.558249482602589
"SE49",445000,495000,1001165.42222222,994327.054842636,0.68773823927259
"SE50",455000,405000,1028480.07111111,1032477.45141417,-0.387163932499176
"SE51",455000,415000,1018714.02666667,1031022.82428697,-1.19384336896907
"SE52",455000,425000,1018714.02666667,1029295.05385709,-1.02798776218468
"SE53",455000,435000,1018714.02666667,1027115.62168724,-0.81797947993172
"SE54",455000,445000,1010692.37333333,1024412.60195828,-1.33932641971818
"SE55",455000,455000,1010692.37333333,1021169.25852638,-1.02596950560045
"SE56",455000,465000,1010692.37333333,1017469.53188704,-0.666079753871267
"SE57",455000,475000,1001165.42222222,1013745.92570347,-1.24099176749055
"SE58",455000,485000,1001165.42222222,1010669.04811748,-0.940330161783693
"SE59",455000,495000,1001165.42222222,1008942.15996811,-0.770781324683013
"SE60",465000,405000,1045024.37333333,1042896.2613499,0.204057878266322
"SE61",465000,415000,1041233.90222222,1042562.09006127,-0.127396521675631
"SE62",465000,425000,1041233.90222222,1041922.54258384,-0.0660932395134799
"SE63",465000,435000,1041233.90222222,1040789.98059181,0.0426523735522283
"SE64",465000,445000,1037166.57777778,1039018.8832437,-0.17827447564199
"SE65",465000,455000,1037166.57777778,1036573.32096251,0.0572324989719539
"SE66",465000,465000,1037166.57777778,1033451.91296415,0.359442444009774
"SE67",465000,475000,1028166.64888889,1030041.83152778,-0.18204917329495
"SE68",465000,485000,1028166.64888889,1026980.84305146,0.115465234375988
"SE69",465000,495000,1028166.64888889,1024947.3369824,0.314095348153771
"SE70",475000,405000,1057835.60888889,1052486.33257832,0.508251380088592
"SE71",475000,415000,1061363.25333333,1053234.95233775,0.771746226000551
"SE72",475000,425000,1061363.25333333,1053697.16764228,0.727541643507196
"SE73",475000,435000,1061363.25333333,1053706.94249357,0.726607231195107
"SE74",475000,445000,1057176.78222222,1053072.08119095,0.389783482497445
"SE75",475000,455000,1057176.78222222,1051616.36715231,0.528749384623131
"SE76",475000,465000,1057176.78222222,1049317.5089347,0.748989054371043
"SE77",475000,475000,1052299.00444444,1046537.08641288,0.550569884849025
"SE78",475000,485000,1052299.00444444,1043788.31089919,0.815365860719584
"SE79",475000,495000,1052299.00444444,1041742.68959227,1.01333227078384
"SE80",485000,405000,1057835.60888889,1060862.0301948,-0.285279444430464
"SE81",485000,415000,1057835.60888889,1062573.88928485,-0.44592479108887
"SE82",485000,425000,1061363.25333333,1064071.56275389,-0.254523240293077
"SE83",485000,435000,1061363.25333333,1065207.97306275,-0.360936063814832
"SE84",485000,445000,1057176.78222222,1065784.20941364,-0.807614441591097
"SE85",485000,455000,1057176.78222222,1065519.40631612,-0.782963129948475
"SE86",485000,465000,1057176.78222222,1064340.0055953,-0.673020213035533
"SE87",485000,475000,1052299.00444444,1062436.96913448,-0.954217989825324
"SE88",485000,485000,1052299.00444444,1060306.0094941,-0.755159829139415
"SE89",485000,495000,1052299.00444444,1058550.80830503,-0.590600263259644
"SE90",495000,405000,1072171.85777778,1067972.7868533,0.393181453326396
"SE91",495000,415000,1072171.85777778,1070551.27409649,0.151378427217852
"SE92",495000,425000,1078786.08,1073008.70334976,0.538427752934868
"SE93",495000,435000,1078786.08,1075193.84692208,0.334100970555859
"SE94",495000,445000,1088289.20888889,1076900.85903127,1.05751144704834
"SE95",495000,455000,1088289.20888889,1077854.95981622,0.968056877935168
"SE96",495000,465000,1088289.20888889,1077929.00646359,0.961121035167715
"SE97",495000,475000,1080772.26666667,1077160.4412031,0.335309887497659
"SE98",495000,485000,1080772.26666667,1075875.86414214,0.455108501614515
"SE99",495000,495000,1080772.26666667,1074613.08547393,0.573153377340876
"SH01",205000,315000,1155552.19555556,1127802.06931845,2.46054932793965
"SH02",205000,325000,1155552.19555556,1127660.22956115,2.47343705694588
"SH11",215000,315000,1112022.25777778,1103547.8836509,0.767920835373713
"SH12",215000,325000,1112022.25777778,1104015.47211649,0.725242160414891
"SH13",215000,335000,1105188.42666667,1105735.69975537,-0.049494023646465
"SH18",215000,385000,1126771.52,1132220.15570742,-0.481234650341799
"SH22",225000,325000,1057315.62666667,1077793.57021374,-1.89998754056548
"SH23",225000,335000,1059040.55111111,1080926.16427139,-2.02470935422604
"SH24",225000,345000,1059040.55111111,1086069.8418984,-2.48872491846793
"SH27",225000,375000,1101149.22666667,1110322.47747641,-0.826178970148604
"SH28",225000,385000,1126771.52,1118159.36617884,0.770208083181908
"SH29",225000,395000,1138353.6,1124066.64276545,1.27100624562634
"SH32",235000,325000,1057315.62666667,1050631.93004131,0.636159670598661
"SH33",235000,335000,1059040.55111111,1055077.41666246,0.375624990741346
"SH34",235000,345000,1059040.55111111,1062241.55536248,-0.301344287955271
"SH35",235000,355000,1059040.55111111,1071623.40193857,-1.17418589447498
"SH36",235000,365000,1101149.22666667,1082419.28501592,1.73037767434779
"SH37",235000,375000,1101149.22666667,1093465.64110474,0.702681938333664
"SH38",235000,385000,1101149.22666667,1103510.78989453,-0.214004543452812
"SH39",235000,395000,1122149.03111111,1111434.12814914,0.964060999262135
"SH43",245000,335000,1023930.50666667,1030351.67778263,-0.623201888677576
"SH44",245000,345000,1023930.50666667,1039288.97384008,-1.47778602102051
"SH45",245000,355000,1023930.50666667,1050819.98415606,-2.55890427426447
"SH46",245000,365000,1071072.10666667,1063905.41637016,0.673620999219847
"SH47",245000,375000,1071072.10666667,1077185.94446195,-0.567574969458145
"SH48",245000,385000,1071072.10666667,1089320.96528432,-1.67525083967218
"SH49",245000,395000,1109202.59555556,1099189.56509053,0.910946644967965
"SH50",255000,305000,1024413.79555556,1005400.66396706,1.89109996341951
"SH51",255000,315000,1008691.09333333,1001454.75705336,0.722582446087119
"SH52",255000,325000,1008691.09333333,1002853.73915735,0.582074329292158
"SH53",255000,335000,1023930.50666667,1009229.88158122,1.4566180960092
"SH54",255000,345000,1023930.50666667,1019448.14689738,0.439684920016022
"SH55",255000,355000,1023930.50666667,1032761.68351781,-0.855103068992917
"SH56",255000,365000,1071072.10666667,1047782.54808978,2.22274732666084
"SH57",255000,375000,1071072.10666667,1062955.4082715,0.763597262124159
"SH58",255000,385000,1071072.10666667,1076859.54996919,-0.53743715256891
"SH59",255000,395000,1109202.59555556,1088357.60717903,1.91527015008961
"SH60",265000,305000,974242.097777778,991298.381489175,-1.72060037924953
"SH61",265000,315000,974242.097777778,986697.63347368,-1.26234575551304
"SH62",265000,325000,974242.097777778,987645.567661665,-1.35711335348987
"SH63",265000,335000,995113.422222222,994126.576732003,0.0992675895924004
"SH64",265000,345000,995113.422222222,1004975.36998754,-0.981312384346308
"SH65",265000,355000,995113.422222222,1019271.29404551,-2.3701120559776
"SH66",265000,365000,1047285.04888889,1035585.68744653,1.12973379066344
"SH67",265000,375000,1047285.04888889,1052078.36890202,-0.455604844165145
"SH68",265000,385000,1047285.04888889,1067230.73871898,-1.86892010382225
"SH70",275000,305000,982598.524444444,985806.631332022,-0.325429631493045
"SH71",275000,315000,982598.524444444,980552.803209359,0.20862938012002
"SH72",275000,325000,982598.524444444,980568.471197195,0.207028199139541
"SH73",275000,335000,994951.022222222,986414.54274492,0.86540486858061
"SH74",275000,345000,994951.022222222,997253.279515381,-0.230859836758592
"SH75",275000,355000,994951.022222222,1011686.11355893,-1.65417821915477
"SH76",275000,365000,1049839.11111111,1028384.09134579,2.08628468155786
"SH77",275000,375000,1049839.11111111,1045449.96645558,0.41983306675189
"SH78",275000,385000,1047285.04888889,1061110.56713668,-1.30292908919957
"SH80",285000,305000,982598.524444444,987890.422800798,-0.535676653423821
"SH81",285000,315000,982598.524444444,982077.582416119,0.05304489560224
"SH82",285000,325000,982598.524444444,981219.280519654,0.140564290997261
"SH83",285000,335000,994951.022222222,986147.21683529,0.892747577302412
"SH84",285000,345000,994951.022222222,996124.73145249,-0.117827536372491
"SH85",285000,355000,994951.022222222,1010042.06235563,-1.49410016630476
"SH86",285000,365000,1049839.11111111,1026352.98053901,2.28830928709987
"SH87",285000,375000,1049839.11111111,1043124.83009536,0.643669944577479
"SH88",285000,385000,1049839.11111111,1058467.12946173,-0.815142776800507
"SH90",295000,305000,997365.848888889,995957.481869557,0.141408347742736
"SH91",295000,315000,997365.848888889,989612.783378201,0.783444357319367
"SH92",295000,325000,997365.848888889,987908.826535428,0.95727683561913
"SH93",295000,335000,998714.666666667,991620.962374867,0.715364495200906
"SH94",295000,345000,998714.666666667,1000441.74903547,-0.172631976871163
"SH95",295000,355000,998714.666666667,1013197.6939995,-1.42943745515867
"SH96",295000,365000,1051104.10666667,1028415.13691297,2.20620729307878
"SH97",295000,375000,1051104.10666667,1044154.88308994,0.665535706366266
"SH98",295000,385000,1051104.10666667,1058521.25796403,-0.700708770991428
"SJ00",305000,305000,997365.848888889,1007893.50029197,-1.04452021964946
"SJ01",305000,315000,997365.848888889,1000938.37736863,-0.356917924271709
"SJ02",305000,325000,997365.848888889,998357.334058638,-0.0993116528446207
"SJ03",305000,335000,998714.666666667,1000709.00301329,-0.199292335795686
"SJ04",305000,345000,998714.666666667,1007943.35481395,-0.915595911537167
"SJ05",305000,355000,998714.666666667,1019102.12711357,-2.00053163510148
"SJ06",305000,365000,1051104.10666667,1032685.45562065,1.78356836012013
"SJ07",305000,375000,1051104.10666667,1046841.0118572,0.407234218107335
"SJ08",305000,385000,1051104.10666667,1059787.79385609,-0.819379807898188
"SJ10",315000,305000,1019296.14222222,1020810.82418317,-0.148380280171738
"SJ11",315000,315000,1019296.14222222,1013402.332214,0.581586386854923
"SJ12",315000,325000,1019296.14222222,1009861.6989987,0.93423121531203
"SJ13",315000,335000,1013551.37777778,1010822.18437041,0.269997379317808
"SJ14",315000,345000,1013551.37777778,1016301.30405954,-0.270581792109807
"SJ15",315000,355000,1013551.37777778,1025523.6137715,-1.16742665238972
"SJ16",315000,365000,1050376.69333333,1037129.49208096,1.27729481742905
"SJ17",315000,375000,1050376.69333333,1049381.47390784,0.0948386692766498
"SJ18",315000,385000,1050376.69333333,1060709.2077057,-0.974113762499791
"SJ20",325000,305000,1029795.80444444,1032074.04887165,-0.22074427989887
"SJ21",325000,315000,1029795.80444444,1024410.36131866,0.525711504796512
"SJ22",325000,325000,1029795.80444444,1020032.64061283,0.957142295539905
"SJ23",325000,335000,1024046.57777778,1019645.53081441,0.43162519035911
"SJ24",325000,345000,1024046.57777778,1023380.93135711,0.0650438561313443
"SJ25",325000,355000,1024046.57777778,1030584.42381695,-0.634382384216649
"SJ26",325000,365000,1045838.29333333,1040072.85310237,0.554330421543658
"SJ27",325000,375000,1045838.29333333,1050416.61247159,-0.435857457307448
"SJ28",325000,385000,1050376.69333333,1060046.62641837,-0.912217712319348
"SJ29",325000,395000,1081036.35555556,1067758.8947773,1.2434886605207
"SJ30",335000,305000,1029795.80444444,1039802.05484445,-0.962322622213144
"SJ31",335000,315000,1029795.80444444,1032159.9998861,-0.229053193488635
"SJ32",335000,325000,1029795.80444444,1027200.32975928,0.252674635119307
"SJ33",335000,335000,1024046.57777778,1025661.55929852,-0.157457545922278
"SJ34",335000,345000,1024046.57777778,1027764.04730768,-0.361704570192435
"SJ35",335000,355000,1024046.57777778,1033006.17994802,-0.867332872170295
"SJ36",335000,365000,1045838.29333333,1040448.99916632,0.517977735702169
"SJ37",335000,375000,1045838.29333333,1048749.15559998,-0.277555624345644
"SJ38",335000,385000,1045838.29333333,1056619.95581449,-1.0203917143366
"SJ39",335000,395000,1065789.42222222,1062609.15016138,0.299288977547473
"SJ40",345000,305000,1036044.87111111,1043479.798859,-0.712512858995538
"SJ41",345000,315000,1036044.87111111,1036093.87909897,-0.00473007213454963
"SJ42",345000,325000,1036044.87111111,1030825.66446281,0.506313223295247
"SJ43",345000,335000,1031667.75111111,1028390.20455084,0.318706512933712
"SJ44",345000,345000,1031667.75111111,1029044.25912648,0.254944523654881
"SJ45",345000,355000,1031667.75111111,1032465.44983893,-0.0772615420632437
"SJ46",345000,365000,1036909.04888889,1037870.33796515,-0.0926213074119484
"SJ47",345000,375000,1036909.04888889,1044095.65077471,-0.688308765627403
"SJ48",345000,385000,1036909.04888889,1049964.28549877,-1.24339816031717
"SJ49",345000,395000,1050442.72,1054100.89453236,-0.347042161839609
"SJ50",355000,305000,1036044.87111111,1043847.00642703,-0.747440503050626
"SJ51",355000,315000,1036044.87111111,1036861.29560031,-0.0787399908418498
"SJ52",355000,325000,1036044.87111111,1031473.60436563,0.4431782574112
"SJ53",355000,335000,1031667.75111111,1028337.23973452,0.323873457840798
"SJ54",355000,345000,1031667.75111111,1027737.00940055,0.38246571589854
"SJ55",355000,355000,1031667.75111111,1029463.17960055,0.214147679513589
"SJ56",355000,365000,1036909.04888889,1032866.66869902,0.39137483204519
"SJ57",355000,375000,1036909.04888889,1036996.2507768,-0.00840908420351777
"SJ58",355000,385000,1036909.04888889,1040767.6664688,-0.370747257454834
"SJ59",355000,395000,1050442.72,1043089.41986504,0.704953956479902
"SJ60",365000,305000,1036326.64888889,1042380.2018966,-0.580743283179629
"SJ61",365000,315000,1036326.64888889,1035838.2357604,0.0471514867503504
"SJ62",365000,325000,1036326.64888889,1030424.39851523,0.572798002664183
"SJ63",365000,335000,1025448.37333333,1026727.99890516,-0.124631409019239
"SJ64",365000,345000,1025448.37333333,1025021.55817557,0.0416396274163264
"SJ65",365000,355000,1025448.37333333,1025154.76029891,0.0286408497324848
"SJ66",365000,365000,1024654.86222222,1026603.27851989,-0.189792526328076
"SJ67",365000,375000,1024654.86222222,1028638.23247677,-0.387246957072156
"SJ68",365000,385000,1024654.86222222,1030376.13392771,-0.555260503140181
"SJ69",365000,395000,1027496.14222222,1030984.14013348,-0.338317319877528
"SJ70",375000,305000,1033897.51111111,1040542.49510304,-0.638607651604985
"SJ71",375000,315000,1033897.51111111,1034437.78252555,-0.0522285074623999
"SJ72",375000,325000,1033897.51111111,1029089.31266049,0.467228489448218
"SJ73",375000,335000,1020919.98222222,1024963.29217947,-0.394483391561763
"SJ74",375000,345000,1020919.98222222,1022276.76659144,-0.132721823830737
"SJ75",375000,355000,1020919.98222222,1020944.0292246,-0.00235536931447722
"SJ76",375000,365000,1011865.63555556,1020524.60473829,-0.848482157366179
"SJ77",375000,375000,1011865.63555556,1020562.86457313,-0.852199244111413
"SJ78",375000,385000,1024654.86222222,1020412.26418557,0.415772936641528
"SJ79",375000,395000,1027496.14222222,1019450.88066472,0.789175987788668
"SJ80",385000,305000,1033897.51111111,1039391.27417359,-0.528555819062979
"SJ81",385000,315000,1033897.51111111,1033745.79065588,0.014676766435624
"SJ82",385000,325000,1033897.51111111,1028561.02580031,0.518830208119772
"SJ83",385000,335000,1020919.98222222,1024142.34023825,-0.314639663787491
"SJ84",385000,345000,1020919.98222222,1020599.20372122,0.0314304087082476
"SJ85",385000,355000,1020919.98222222,1017948.55717392,0.291903262435443
"SJ86",385000,365000,1011865.63555556,1015895.50770318,-0.396681756840852
"SJ87",385000,375000,1011865.63555556,1014182.57580134,-0.228453958988327
"SJ88",385000,385000,1011865.63555556,1012341.38485437,-0.0469949471524837
"SJ89",385000,395000,995430.648888889,1010026.18279196,-1.44506490541891
"SJ90",395000,305000,1035097.51111111,1039608.1521823,-0.433878963118546
"SJ91",395000,315000,1035097.51111111,1034377.97851985,0.0695618628972533
"SJ92",395000,325000,1035097.51111111,1029407.50960718,0.552745288025359
"SJ93",395000,335000,1025128.72888889,1024793.92279028,0.0326705780707124
"SJ94",395000,345000,1025128.72888889,1020617.10511039,0.442048615088962
"SJ95",395000,355000,1025128.72888889,1016904.83466683,0.808718175162558
"SJ96",395000,365000,1014491.80444444,1013562.20123481,0.0917164440916414
"SJ97",395000,375000,1014491.80444444,1010429.28907347,0.402058354296005
"SJ98",395000,385000,1014491.80444444,1007281.47834315,0.715820379538418
"SJ99",395000,395000,996755.2,1003905.33373333,-0.712231870184249
"SK00",405000,305000,1035097.51111111,1041216.66420963,-0.587692582039851
"SK01",405000,315000,1035097.51111111,1036373.18245416,-0.123089960706322
"SK02",405000,325000,1035097.51111111,1031673.10062313,0.331927864156687
"SK03",405000,335000,1025128.72888889,1027031.85148076,-0.185303171379362
"SK04",405000,345000,1025128.72888889,1022479.57828457,0.259090808323171
"SK05",405000,355000,1025128.72888889,1018081.60781462,0.692196089211302
"SK06",405000,365000,1014491.80444444,1013867.80566781,0.0615463646389789
"SK07",405000,375000,1014491.80444444,1009772.83510047,0.467329797350187
"SK08",405000,385000,1014491.80444444,1005751.28488209,0.869053780366872
"SK09",405000,395000,996755.2,1001672.96720588,-0.49095536835697
"SK10",415000,305000,1035986.91555556,1043729.60340029,-0.741828900847999
"SK11",415000,315000,1035986.91555556,1039276.85188697,-0.316560147129289
"SK12",415000,325000,1035986.91555556,1034912.05777239,0.103859818338512
"SK13",415000,335000,1029270.64888889,1030433.54722482,-0.112855248071804
"SK14",415000,345000,1029270.64888889,1025811.16348986,0.337243882905218
"SK15",415000,355000,1029270.64888889,1021145.77146328,0.795662838025982
"SK16",415000,365000,1017721.6,1016533.76951211,0.11685106029115
"SK17",415000,375000,1017721.6,1012014.43139999,0.563941424443029
"SK18",415000,385000,1017721.6,1007581.91739437,1.0063382868014
"SK19",415000,395000,999263.555555556,1003266.95786918,-0.399036595615999
"SK20",425000,305000,1035986.91555556,1046464.69889155,-1.00125530723495
"SK21",425000,315000,1035986.91555556,1042382.01455498,-0.613508187029827
"SK22",425000,325000,1035986.91555556,1038425.80232005,-0.234863844777561
"SK23",425000,335000,1029270.64888889,1034316.62944432,-0.487856465977675
"SK24",425000,345000,1029270.64888889,1029960.64302272,-0.0669922815505767
"SK25",425000,355000,1029270.64888889,1025482.36701311,0.369414628436243
"SK26",425000,365000,1017721.6,1020993.06670797,-0.320420070874446
"SK27",425000,375000,1017721.6,1016569.62773273,0.113319563741432
"SK28",425000,385000,1023658.31111111,1012270.23751855,1.12500330153721
"SK29",425000,395000,1013282.4,1008169.1262516,0.507184123700396
"SK30",435000,305000,1042559.85777778,1048903.54093655,-0.604791852747999
"SK31",435000,315000,1042559.85777778,1045120.16558631,-0.244977361727442
"SK32",435000,325000,1042559.85777778,1041611.74147108,0.0910239649714283
"SK33",435000,335000,1031337.47555556,1038065.19726141,-0.648102038639366
"SK34",435000,345000,1031337.47555556,1034329.83588417,-0.289304264925467
"SK35",435000,355000,1031337.47555556,1030451.34927333,0.0859939950444708
"SK36",435000,365000,1023658.31111111,1026549.96392456,-0.281686514545715
"SK37",435000,375000,1023658.31111111,1022711.73981578,0.0925550434670744
"SK38",435000,385000,1023658.31111111,1019020.8862819,0.455086337448395
"SK39",435000,395000,1013282.4,1015536.89496123,-0.222000300768754
"SK40",445000,305000,1048207.98222222,1050914.80173862,-0.257567931474681
"SK41",445000,315000,1048207.98222222,1047292.58630082,0.0874059392166644
"SK42",445000,325000,1048207.98222222,1044189.54108342,0.384838286603419
"SK43",445000,335000,1035935.94666667,1041296.53402894,-0.514799309043141
"SK44",445000,345000,1035935.94666667,1038393.813749,-0.236698933467562
"SK45",445000,355000,1035935.94666667,1035434.72834566,0.0484065588377608
"SK46",445000,365000,1031799.04,1032522.39437122,-0.0700570152432973
"SK47",445000,375000,1031799.04,1029675.02813031,0.206279827291891
"SK48",445000,385000,1031799.04,1026953.81169753,0.471805863835111
"SK49",445000,395000,1028480.07111111,1024396.02152392,0.398678782558323
"SK50",455000,305000,1048207.98222222,1052738.63364541,-0.430368115920107
"SK51",455000,315000,1048207.98222222,1049083.42200043,-0.0834480614073717
"SK52",455000,325000,1048207.98222222,1046255.5820508,0.186608339770906
"SK53",455000,335000,1035935.94666667,1043982.16533866,-0.770723767046787
"SK54",455000,345000,1035935.94666667,1041986.26927401,-0.580652815277384
"SK55",455000,355000,1035935.94666667,1040128.67751032,-0.403097321928294
"SK56",455000,365000,1031799.04,1038413.45769641,-0.636973418187328
"SK57",455000,375000,1031799.04,1036790.33878132,-0.48141833450953
"SK58",455000,385000,1031799.04,1035265.29209634,-0.334817763408187
"SK59",455000,395000,1028480.07111111,1033846.3386123,-0.519058519701924
"SK60",465000,305000,1055340.42666667,1054762.08953887,0.0548310499150518
"SK61",465000,315000,1055340.42666667,1050897.78338221,0.422747421748155
"SK62",465000,325000,1055340.42666667,1048172.77443519,0.683823545725767
"SK63",465000,335000,1044339.53777778,1046363.33314459,-0.193412297880684
"SK64",465000,345000,1044339.53777778,1045187.72587076,-0.0811517464262946
"SK65",465000,355000,1044339.53777778,1044417.42425913,-0.00745740922613944
"SK66",465000,365000,1043920.60444444,1043911.46038146,0.00087594238855142
"SK67",465000,375000,1043920.60444444,1043562.15070387,0.0343490553320317
"SK68",465000,385000,1043920.60444444,1043304.19394709,0.0590825284636345
"SK69",465000,395000,1045024.37333333,1043100.38070354,0.184449422642678
"SK70",475000,305000,1055340.42666667,1057368.90742123,-0.191842292725226
"SK71",475000,315000,1055340.42666667,1053146.02368104,0.208366450262622
"SK72",475000,325000,1055340.42666667,1050325.84135634,0.477431394418774
"SK73",475000,335000,1044339.53777778,1048764.86758047,-0.421956335445967
"SK74",475000,345000,1044339.53777778,1048194.80212995,-0.367800369199864
"SK75",475000,355000,1044339.53777778,1048314.48061394,-0.379174657000968
"SK76",475000,365000,1043920.60444444,1048875.40648104,-0.472391859508152
"SK77",475000,375000,1043920.60444444,1049693.95377502,-0.550003104220656
"SK78",475000,385000,1053948.62222222,1050628.93106285,0.315971801387351
"SK79",475000,395000,1057835.60888889,1051575.02518181,0.595353023527235
"SK80",485000,305000,1059507.80444444,1060657.86657454,-0.108429133120201
"SK81",485000,315000,1059507.80444444,1056033.51165971,0.328994558068179
"SK82",485000,325000,1059507.80444444,1052985.55499214,0.619405406027363
"SK83",485000,335000,1052083.71555556,1051478.06343924,0.0576000714965662
"SK84",485000,345000,1052083.71555556,1051267.50370334,0.0776407383790739
"SK85",485000,355000,1052083.71555556,1052005.21233056,0.00746224677216168
"SK86",485000,365000,1053948.62222222,1053372.2533105,0.0547165458283886
"SK87",485000,375000,1053948.62222222,1055125.46288777,-0.111535614194187
"SK88",485000,385000,1053948.62222222,1057059.54623665,-0.294299789023127
"SK89",485000,395000,1057835.60888889,1058997.64179263,-0.109729508158025
"SK90",495000,305000,1062208.94222222,1064449.12293046,-0.210454465129381
"SK91",495000,315000,1062208.94222222,1059486.26920236,0.256980491301098
"SK92",495000,325000,1062208.94222222,1056252.94318803,0.563879994143316
"SK93",495000,335000,1057459.36,1054713.25549644,0.260365031846246
"SK94",495000,345000,1057459.36,1054680.99357856,0.263431922861741
"SK95",495000,355000,1057459.36,1055787.367419,0.158364518519508
"SK96",495000,365000,1062582.41777778,1057669.99284658,0.464457247007334
"SK97",495000,375000,1062582.41777778,1060052.33416037,0.238675349873849
"SK98",495000,385000,1062582.41777778,1062663.92146721,-0.00766975219437316
"SK99",495000,395000,1072171.85777778,1065330.41056565,0.642190173515873
"SM40",145000,205000,1212564.21333333,1221137.7710978,-0.702095862349384
"SM50",155000,205000,1210178.11555556,1216341.02630169,-0.506676220967156
"SM51",155000,215000,1210178.11555556,1217658.41982422,-0.614318773383393
"SM60",165000,205000,1210178.11555556,1212315.13946556,-0.176276270124549
"SM61",165000,215000,1210178.11555556,1213481.85627649,-0.27225299693168
"SM62",165000,225000,1210178.11555556,1214283.76942947,-0.338113213507089
"SM70",175000,205000,1213459.57333333,1208996.61940711,0.369145277544924
"SM71",175000,215000,1213459.57333333,1209822.09009525,0.300662656754702
"SM72",175000,225000,1208743.41333333,1209981.52178618,-0.102324575256457
"SM73",175000,235000,1208743.41333333,1209032.21773558,-0.0238872379087977
"SM80",185000,205000,1211131.27111111,1205897.597137,0.434006501591191
"SM81",185000,215000,1211131.27111111,1206251.67504962,0.404525536620937
"SM82",185000,225000,1197903.71555556,1205452.74590108,-0.626240254642394
"SM83",185000,235000,1208743.41333333,1203179.54155099,0.462430717128684
"SM84",185000,245000,1208743.41333333,1199146.74130217,0.800291715819726
"SM90",195000,205000,1211131.27111111,1202571.18699391,0.711815168181545
"SM91",195000,215000,1211131.27111111,1202155.33266254,0.746653797948714
"SM92",195000,225000,1197903.71555556,1200001.79097134,-0.174839357038128
"SM93",195000,235000,1197903.71555556,1195984.35980443,0.160483348749153
"SM94",195000,245000,1197903.71555556,1189972.03427222,0.666543503115659
"SN00",205000,205000,1200296.14222222,1198505.43751999,0.149411479178213
"SN01",205000,215000,1200296.14222222,1196972.95298833,0.277632775711059
"SN02",205000,225000,1182150.50666667,1193129.09765679,-0.920151139694777
"SN03",205000,235000,1182150.50666667,1187016.40636725,-0.409926912086768
"SN04",205000,245000,1182150.50666667,1178679.72986513,0.294463094052894
"SN10",215000,205000,1200296.14222222,1193157.20588243,0.598323197026977
"SN11",215000,215000,1200296.14222222,1190258.99297188,0.843274388986946
"SN12",215000,225000,1182150.50666667,1184432.58090142,-0.192672362408146
"SN13",215000,235000,1182150.50666667,1175955.60446936,0.526797285013375
"SN14",215000,245000,1182150.50666667,1165021.5585995,1.47026876376079
"SN15",215000,255000,1136742.38222222,1152296.12792766,-1.34980456225353
"SN20",225000,205000,1183293.36888889,1186105.58036246,-0.237096218087812
"SN21",225000,215000,1183293.36888889,1181589.24158112,0.144223326329995
"SN22",225000,225000,1155264.08888889,1173648.00586218,-1.5663910202605
"SN23",225000,235000,1155264.08888889,1162621.4010188,-0.632820978821263
"SN24",225000,245000,1155264.08888889,1149064.07759113,0.539570544295429
"SN25",225000,255000,1104564.44444444,1133944.91337287,-2.59099613940076
"SN30",235000,205000,1183293.36888889,1177316.2570526,0.507689569432093
"SN31",235000,215000,1183293.36888889,1171028.19322079,1.04738517305574
"SN32",235000,225000,1155264.08888889,1160988.25717649,-0.493042737703311
"SN33",235000,235000,1155264.08888889,1147599.90005444,0.667845024567006
"SN34",235000,245000,1155264.08888889,1131685.22216432,2.08351812524998
"SN35",235000,255000,1104564.44444444,1114458.32796237,-0.887775098421073
"SN36",235000,265000,1104564.44444444,1097402.11519726,0.652662241852454
"SN40",245000,205000,1165524.30222222,1167137.76868228,-0.138241303071033
"SN41",245000,215000,1165524.30222222,1159299.81243533,0.536918036225514
"SN42",245000,225000,1133018.63111111,1147450.73581023,-1.25775375349162
"SN43",245000,235000,1133018.63111111,1132207.11516522,0.0716755737549925
"SN44",245000,245000,1133018.63111111,1114513.23630884,1.66040152771657
"SN45",245000,255000,1077028.17777778,1095668.93971509,-1.7013133494646
"SN46",245000,265000,1077028.17777778,1077227.2510924,-0.0184801595415288
"SN50",255000,205000,1155293.72444444,1156218.28725183,-0.0799643819492887
"SN51",255000,215000,1155293.72444444,1147270.62096907,0.699320921213788
"SN52",255000,225000,1107894.25777778,1134312.36871558,-2.32899787275689
"SN53",255000,235000,1107894.25777778,1118040.51471422,-0.907503511984897
"SN54",255000,245000,1107894.25777778,1099427.15081915,0.770138062564614
"SN55",255000,255000,1042363.43111111,1079657.23797217,-3.45422654055545
"SN56",255000,265000,1042363.43111111,1060329.95996671,-1.69442810577191
"SN57",255000,275000,1077028.17777778,1042631.14243874,3.29906080290143
"SN58",255000,285000,1024413.79555556,1027021.87916822,-0.253946256215968
"SN59",255000,295000,1024413.79555556,1014294.71959954,0.997646518361944
"SN60",265000,205000,1155293.72444444,1145397.74339406,0.86397769748192
"SN61",265000,215000,1155293.72444444,1136019.959013,1.69660447235354
"SN62",265000,225000,1107894.25777778,1122810.37716441,-1.32846290789592
"SN63",265000,235000,1107894.25777778,1106467.03254105,0.128989404542366
"SN64",265000,245000,1107894.25777778,1087914.24781279,1.8365427243144
"SN65",265000,255000,1042363.43111111,1068160.16054651,-2.41506193436412
"SN66",265000,265000,1042363.43111111,1048629.34698297,-0.597533903651562
"SN67",265000,275000,1042363.43111111,1030475.12894159,1.15367191653924
"SN68",265000,285000,990563.733333333,1014194.40273472,-2.3299940659964
"SN69",265000,295000,990563.733333333,1000796.11647333,-1.02242434513605
"SN70",275000,205000,1136005.68888889,1135393.2758222,0.0539384088074431
"SN71",275000,215000,1136005.68888889,1126295.99024642,0.862091202183995
"SN72",275000,225000,1096757.83111111,1113725.95971054,-1.52354611576407
"SN73",275000,235000,1096757.83111111,1098301.30467573,-0.140532798973129
"SN74",275000,245000,1096757.83111111,1080812.87643267,1.4752743075254
"SN75",275000,255000,1050642.82666667,1062124.80630929,-1.0810386476638
"SN76",275000,265000,1050642.82666667,1043219.29732417,0.711598161722552
"SN77",275000,275000,1050642.82666667,1025270.66730271,2.47467914308985
"SN78",275000,285000,1001755.44888889,1009112.77305836,-0.729088399819672
"SN79",275000,295000,1001755.44888889,995603.265112801,0.617935275191282
"SN80",285000,205000,1136005.68888889,1126648.28594194,0.83055227294147
"SN81",285000,215000,1136005.68888889,1118406.71080321,1.57357586606789
"SN82",285000,225000,1096757.83111111,1107249.21690621,-0.947518014455313
"SN83",285000,235000,1096757.83111111,1093645.82162419,0.284553685058844
"SN84",285000,245000,1096757.83111111,1078155.413661,1.72539294561842
"SN85",285000,255000,1050642.82666667,1061334.31512271,-1.00736293020062
"SN86",285000,265000,1050642.82666667,1043986.91156751,0.637547753272802
"SN87",285000,275000,1050642.82666667,1027028.37693011,2.29929866272479
"SN88",285000,285000,1001755.44888889,1011260.11977246,-0.939883883259363
"SN89",285000,295000,1001755.44888889,997844.408604489,0.391948910138185
"SN90",295000,205000,1125545.70666667,1119296.19798436,0.558342706207692
"SN91",295000,215000,1125545.70666667,1112302.85217655,1.19057992741852
"SN92",295000,225000,1088957.45777778,1103061.6025194,-1.27863618037384
"SN93",295000,235000,1088957.45777778,1091862.83399917,-0.266093517511896
"SN94",295000,245000,1088957.45777778,1078992.44188953,0.923548256816046
"SN95",295000,255000,1049409.01333333,1064741.22008123,-1.43999372417713
"SN96",295000,265000,1049409.01333333,1049581.40332167,-0.0164246420325926
"SN97",295000,275000,1049409.01333333,1034163.40530131,1.47419720654075
"SN98",295000,285000,1016745.58222222,1019316.07030941,-0.252177726032759
"SN99",295000,295000,1016745.58222222,1006182.13434164,1.04985444682865
"SO00",305000,205000,1125545.70666667,1113189.33571296,1.10999724461018
"SO01",305000,215000,1125545.70666667,1107592.60409442,1.62091210304912
"SO02",305000,225000,1088957.45777778,1100437.59876109,-1.0432341639577
"SO03",305000,235000,1088957.45777778,1091835.64307701,-0.263609758252404
"SO04",305000,245000,1088957.45777778,1081836.34786526,0.658242804150976
"SO05",305000,255000,1049409.01333333,1070430.00509421,-1.96378947346694
"SO06",305000,265000,1049409.01333333,1057793.74699732,-0.792662434220821
"SO07",305000,275000,1049409.01333333,1044356.01553798,0.48383862592602
"SO08",305000,285000,1016745.58222222,1030825.1569975,-1.36585478921415
"SO09",305000,295000,1016745.58222222,1018250.42353013,-0.147786956247343
"SO10",315000,205000,1112272.56888889,1108159.7340458,0.371140975143621
"SO11",315000,215000,1112272.56888889,1103810.47262295,0.766625836211413
"SO12",315000,225000,1093989.01333333,1098544.98197856,-0.414727545978336
"SO13",315000,235000,1093989.01333333,1092325.03647709,0.152333490552785
"SO14",315000,245000,1093989.01333333,1084964.38524877,0.831790260331632
"SO15",315000,255000,1060210.38222222,1076231.13711811,-1.48859797336702
"SO16",315000,265000,1060210.38222222,1066082.08096889,-0.550773608476088
"SO17",315000,275000,1060210.38222222,1054779.70927413,0.514863236403188
"SO18",315000,285000,1036905.79555556,1042807.57538968,-0.565950993587418
"SO19",315000,295000,1036905.79555556,1031066.46150299,0.566339248786209
"SO20",325000,205000,1102603.44888889,1104069.343613,-0.132771979639753
"SO21",325000,215000,1102603.44888889,1100596.10312396,0.182387140861768
"SO22",325000,225000,1091468.19555556,1096718.01687376,-0.4786846971995
"SO23",325000,235000,1091468.19555556,1092281.57383145,-0.0744659889332669
"SO24",325000,245000,1091468.19555556,1086976.59270729,0.413219831816003
"SO25",325000,255000,1072936.01777778,1080410.18281561,-0.691789577395217
"SO26",325000,265000,1072936.01777778,1072360.83117849,0.0536374121995357
"SO27",325000,275000,1072936.01777778,1063042.54142583,0.930675487237096
"SO28",325000,285000,1049848.35555556,1052641.15535995,-0.265313567702842
"SO29",325000,295000,1049848.35555556,1041922.72707579,0.760673346862352
"SO30",335000,205000,1102603.44888889,1100831.00746765,0.16100940191715
"SO31",335000,215000,1102603.44888889,1097787.17446149,0.438725696514542
"SO32",335000,225000,1091468.19555556,1094633.45957488,-0.28916200136581
"SO33",335000,235000,1091468.19555556,1091208.64384725,0.0237857086059137
"SO34",335000,245000,1091468.19555556,1087181.35330812,0.394307926123632
"SO35",335000,255000,1072936.01777778,1082103.01548987,-0.847146489832139
"SO36",335000,265000,1072936.01777778,1075652.79019511,-0.252569643485349
"SO37",335000,275000,1072936.01777778,1067796.55631329,0.48131466936259
"SO38",335000,285000,1049848.35555556,1058723.03432411,-0.838243665325014
"SO39",335000,295000,1049848.35555556,1049051.64422109,0.0759458639478857
"SO40",345000,205000,1096885.33333333,1098522.55245816,-0.149038280657918
"SO41",345000,215000,1096885.33333333,1095424.03000868,0.133400700059744
"SO42",345000,225000,1090553.08444444,1092369.49714199,-0.166281894752043
"SO43",345000,235000,1090553.08444444,1089228.54154674,0.121603763322433
"SO44",345000,245000,1090553.08444444,1085670.85607881,0.44969691673065
"SO45",345000,255000,1074151.89333333,1081282.06999022,-0.659418745097295
"SO46",345000,265000,1074151.89333333,1075697.38112209,-0.143673101364883
"SO47",345000,275000,1074151.89333333,1068793.18109943,0.501379717672927
"SO48",345000,285000,1054197.40444444,1060732.25477415,-0.616069729216704
"SO49",345000,295000,1054197.40444444,1052024.63569839,0.206532116485507
"SO50",355000,205000,1096885.33333333,1097174.54812034,-0.0263599613667712
"SO51",355000,215000,1096885.33333333,1093733.69431587,0.288154148842985
"SO52",355000,225000,1090553.08444444,1090371.43703943,0.0166592226141404
"SO53",355000,235000,1090553.08444444,1086944.42002953,0.332000822527585
"SO54",355000,245000,1090553.08444444,1083182.8106771,0.680427504451808
"SO55",355000,255000,1074151.89333333,1078733.3393659,-0.42470607567
"SO56",355000,265000,1074151.89333333,1073334.44766415,0.0761594553277661
"SO57",355000,275000,1074151.89333333,1066891.47147427,0.680521126392637
"SO58",355000,285000,1054197.40444444,1059533.90576937,-0.503664988526083
"SO59",355000,295000,1054197.40444444,1051664.37004935,0.240859580987608
"SO60",365000,205000,1095901.10222222,1096909.12224068,-0.0918964021737104
"SO61",365000,215000,1095901.10222222,1093008.42960562,0.264652361157598
"SO62",365000,225000,1085511.00444444,1089154.47966035,-0.334523273231213
"SO63",365000,235000,1085511.00444444,1085084.45453575,0.0393102957943649
"SO64",365000,245000,1085511.00444444,1080647.04638676,0.450096826151388
"SO65",365000,255000,1072101.49333333,1075646.03595417,-0.329526861286621
"SO66",365000,265000,1072101.49333333,1069947.58007367,0.201310166943962
"SO67",365000,275000,1072101.49333333,1063594.67459285,0.799817726027553
"SO68",365000,285000,1054034.96888889,1056707.07005954,-0.252870568047082
"SO69",365000,295000,1054034.96888889,1049507.01795194,0.431435984657678
"SO70",375000,205000,1101889.86666667,1097849.11092483,0.368061120752149
"SO71",375000,215000,1101889.86666667,1093492.28427504,0.767959912693416
"SO72",375000,225000,1084694.15111111,1089020.3190838,-0.397253191412746
"SO73",375000,235000,1084694.15111111,1084195.02636787,0.0460364354292838
"SO74",375000,245000,1084694.15111111,1078895.60833614,0.53745169877113
"SO75",375000,255000,1067917.01333333,1073086.16450033,-0.481708863463149
"SO76",375000,265000,1067917.01333333,1066870.10653731,0.0981287965243191
"SO77",375000,275000,1067917.01333333,1060381.07795437,0.710681804460302
"SO78",375000,285000,1049229.15555556,1053741.92822807,-0.428261659863924
"SO79",375000,295000,1049229.15555556,1047070.35264855,0.206175535534931
"SO80",385000,205000,1101889.86666667,1099898.15775512,0.181081211702042
"SO81",385000,215000,1101889.86666667,1095106.9337943,0.619385437444049
"SO82",385000,225000,1084694.15111111,1090043.39113173,-0.490736429772794
"SO83",385000,235000,1084694.15111111,1084477.9814044,0.019933065532168
"SO84",385000,245000,1084694.15111111,1078357.17169647,0.587651251456166
"SO85",385000,255000,1067917.01333333,1071796.12049004,-0.361925844154768
"SO86",385000,265000,1067917.01333333,1065030.84639622,0.270993741343911
"SO87",385000,275000,1067917.01333333,1058302.93997298,0.908442469280209
"SO88",385000,285000,1049229.15555556,1051765.43723006,-0.241145181684227
"SO89",385000,295000,1049229.15555556,1045420.65164779,0.364303488912744
"SO90",395000,205000,1104509.63555556,1102765.22147956,0.158185445280741
"SO91",395000,215000,1104509.63555556,1097624.94518141,0.627235232250313
"SO92",395000,225000,1085591.14666667,1092079.21063051,-0.594101957136827
"SO93",395000,235000,1085591.14666667,1085909.78970089,-0.0293434166671777
"SO94",395000,245000,1085591.14666667,1079137.88555354,0.598001534328628
"SO95",395000,255000,1066719.23555556,1071979.94606914,-0.490747101461766
"SO96",395000,265000,1066719.23555556,1064759.16674591,0.184085647802948
"SO97",395000,275000,1066719.23555556,1057785.17504274,0.844600654613728
"SO98",395000,285000,1048248.78222222,1051253.38133839,-0.285811125034279
"SO99",395000,295000,1048248.78222222,1045201.67380045,0.291533059901376
"SP00",405000,205000,1104509.63555556,1105921.39356049,-0.127654461985543
"SP01",405000,215000,1104509.63555556,1100536.75199413,0.360995083010549
"SP02",405000,225000,1085591.14666667,1094638.46313712,-0.826511837025118
"SP03",405000,235000,1085591.14666667,1088054.60144766,-0.226409113817585
"SP04",405000,245000,1085591.14666667,1080865.95588667,0.437167139390855
"SP05",405000,255000,1066719.23555556,1073330.93006702,-0.615997762316428
"SP06",405000,265000,1066719.23555556,1065826.14998813,0.0837927993637064
"SP07",405000,275000,1066719.23555556,1058698.95944274,0.757559648215413
"SP08",405000,285000,1048248.78222222,1052211.40288663,-0.376599289224608
"SP09",405000,295000,1048248.78222222,1046421.07959793,0.174662252120782
"SP10",415000,205000,1107545.51111111,1108789.66785167,-0.112208543841667
"SP11",415000,215000,1107545.51111111,1103211.68670759,0.392837064340464
"SP12",415000,225000,1087650.68444444,1097114.1446804,-0.86257754326121
"SP13",415000,235000,1087650.68444444,1090325.64848607,-0.245336248425953
"SP14",415000,245000,1087650.68444444,1082975.94794089,0.431656539781733
"SP15",415000,255000,1067230.47111111,1075287.69771553,-0.749308917189285
"SP16",415000,265000,1067230.47111111,1067674.29863613,-0.0415695615777423
"SP17",415000,275000,1067230.47111111,1060527.42453304,0.632048396204737
"SP18",415000,285000,1048384.01777778,1054136.75802075,-0.545729972814374
"SP19",415000,295000,1048384.01777778,1048583.35212025,-0.0190098709907046
"SP20",425000,205000,1107545.51111111,1110978.56277861,-0.309011513139925
"SP21",425000,215000,1107545.51111111,1105232.31137149,0.209295341424316
"SP22",425000,225000,1087650.68444444,1099089.80618509,-1.04078135164884
"SP23",425000,235000,1087650.68444444,1092330.71288274,-0.428444278193757
"SP24",425000,245000,1087650.68444444,1085024.12177672,0.24207412674109
"SP25",425000,255000,1067230.47111111,1077391.47997891,-0.94311204948454
"SP26",425000,265000,1067230.47111111,1069811.86300934,-0.241294005748736
"SP27",425000,275000,1067230.47111111,1062712.4373019,0.425141708201191
"SP28",425000,285000,1048384.01777778,1056414.096708,-0.760126067538239
"SP29",425000,295000,1048384.01777778,1051038.69340737,-0.252576393832516
"SP30",435000,205000,1110706.47111111,1112355.92051874,-0.148284319542297
"SP31",435000,215000,1110706.47111111,1106520.45670808,0.378304294118711
"SP32",435000,225000,1092232.07111111,1100428.5671737,-0.744845808905014
"SP33",435000,235000,1092232.07111111,1093856.36492609,-0.148492422502324
"SP34",435000,245000,1092232.07111111,1086810.30342351,0.498869735639927
"SP35",435000,255000,1072168.24888889,1079408.27833034,-0.670740588783539
"SP36",435000,265000,1072168.24888889,1071975.91047652,0.0179424192739178
"SP37",435000,275000,1072168.24888889,1064928.71550441,0.679813895435296
"SP38",435000,285000,1055364.92444444,1058645.89222647,-0.309921174409144
"SP39",435000,295000,1055364.92444444,1053322.93927949,0.19386126408218
"SP40",445000,205000,1113356.24888889,1112956.35233072,0.0359310189777664
"SP41",445000,215000,1113356.24888889,1107121.28533943,0.563168970917945
"SP42",445000,225000,1095008.30222222,1101255.53223165,-0.56728250860816
"SP43",445000,235000,1095008.30222222,1095081.81184867,-0.00671270636146603
"SP44",445000,245000,1095008.30222222,1088463.79421749,0.601260973447568
"SP45",445000,255000,1078854.34666667,1081425.31591721,-0.237738955497124
"SP46",445000,265000,1078854.34666667,1074210.46571763,0.432306433165409
"SP47",445000,275000,1078854.34666667,1067186.80628439,1.09329878457692
"SP48",445000,285000,1062575.62666667,1060801.8066845,0.167215022729632
"SP49",445000,295000,1062575.62666667,1055359.24831449,0.683784063455725
"SP50",455000,205000,1113356.24888889,1112945.14410366,0.0369384589535906
"SP51",455000,215000,1113356.24888889,1107275.06536125,0.549202607181864
"SP52",455000,225000,1095008.30222222,1101863.9004992,-0.622181947685877
"SP53",455000,235000,1095008.30222222,1096295.50258905,-0.117413631980746
"SP54",455000,245000,1095008.30222222,1090278.37610767,0.433827380071463
"SP55",455000,255000,1078854.34666667,1083718.47734232,-0.448837108285082
"SP56",455000,265000,1078854.34666667,1076771.5221078,0.193432359242464
"SP57",455000,275000,1078854.34666667,1069752.19856933,0.850865098432433
"SP58",455000,285000,1062575.62666667,1063150.96196301,-0.054116049077409
"SP59",455000,295000,1062575.62666667,1057407.4761122,0.488756763236788
"SP60",465000,205000,1117009.97333333,1112527.06609209,0.402948150914952
"SP61",465000,215000,1117009.97333333,1107230.16642084,0.88326774406011
"SP62",465000,225000,1098068.78222222,1102497.40177915,-0.401689795348375
"SP63",465000,235000,1098068.78222222,1097742.42073713,0.0297302426256749
"SP64",465000,245000,1098068.78222222,1092503.18062559,0.509435733948817
"SP65",465000,255000,1082823.80444444,1086544.03460303,-0.342391107963007
"SP66",465000,265000,1082823.80444444,1079918.40822826,0.269038493468168
"SP67",465000,275000,1082823.80444444,1072924.77356728,0.922621149314764
"SP68",465000,285000,1068407.44888889,1066035.98109679,0.222456636938204
"SP69",465000,295000,1068407.44888889,1059849.88736045,0.807431470295518
"SP70",475000,205000,1117009.97333333,1111891.15602704,0.460370358963911
"SP71",475000,215000,1117009.97333333,1107185.71268324,0.887318228328787
"SP72",475000,225000,1098068.78222222,1103312.76585489,-0.475294385685888
"SP73",475000,235000,1098068.78222222,1099532.52446738,-0.133124051593803
"SP74",475000,245000,1098068.78222222,1095211.45076284,0.260893132316673
"SP75",475000,255000,1082823.80444444,1089958.42053041,-0.654576904180989
"SP76",475000,265000,1082823.80444444,1083732.74259256,-0.0838710608618605
"SP77",475000,275000,1082823.80444444,1076781.27593108,0.561165823406174
"SP78",475000,285000,1068407.44888889,1069631.61863874,-0.114447790110247
"SP79",475000,295000,1068407.44888889,1062967.09259935,0.511808533624125
"SP80",485000,205000,1115998.96888889,1111321.31126451,0.420909558465858
"SP81",485000,215000,1115998.96888889,1107318.09342225,0.783954991632859
"SP82",485000,225000,1101256.48,1104369.77857571,-0.281907259335252
"SP83",485000,235000,1101256.48,1101586.76690809,-0.0299828318579739
"SP84",485000,245000,1101256.48,1098206.18822137,0.277752193653798
"SP85",485000,255000,1085571.14666667,1093700.98096411,-0.743332449997056
"SP86",485000,265000,1085571.14666667,1087951.77674608,-0.21881761032956
"SP87",485000,275000,1085571.14666667,1081138.1717012,0.410028531181741
"SP88",485000,285000,1072035.71555556,1073811.14893902,-0.165339444018751
"SP89",485000,295000,1072035.71555556,1066742.10083987,0.496241285641377
"SP90",495000,205000,1114371.37777778,1111178.25967828,0.287363262526164
"SP91",495000,215000,1114371.37777778,1107820.4174265,0.591337751880327
"SP92",495000,225000,1102073.01333333,1105667.31260468,-0.325079635652533
"SP93",495000,235000,1102073.01333333,1103729.55808375,-0.150086109254195
"SP94",495000,245000,1102073.01333333,1101101.05222357,0.0882717447049927
"SP95",495000,255000,1088654.57777778,1097250.99365182,-0.78345027015503
"SP96",495000,265000,1088654.57777778,1092030.29624806,-0.309123151791267
"SP97",495000,275000,1088654.57777778,1085468.44800174,0.293525784365774
"SP98",495000,285000,1075496.60444444,1078127.86723122,-0.244058507970342
"SP99",495000,295000,1075496.60444444,1070862.54257387,0.432741055582339
"SR89",185000,195000,1200407.05777778,1204565.14777923,-0.345194281033406
"SR99",195000,195000,1200407.05777778,1201465.9153725,-0.088130473047087
"SS09",205000,195000,1192557.76,1197864.24448882,-0.442995482437494
"SS10",215000,105000,1181566.68444444,1169365.92299457,1.04336557188411
"SS11",215000,115000,1182574.57777778,1167824.64734971,1.26302612824162
"SS14",215000,145000,1187933.10222222,1172921.50688062,1.27984654160954
"SS19",215000,195000,1192557.76,1193221.90938154,-0.0556601732099202
"SS20",225000,105000,1174500.60444444,1165958.37645018,0.732635758428363
"SS21",225000,115000,1158742.00888889,1162737.75156326,-0.343649517614846
"SS22",225000,125000,1158742.00888889,1161693.60115165,-0.254076656688032
"SS30",235000,105000,1167057.01333333,1162184.70371167,0.419237114900769
"SS31",235000,115000,1142623.21777778,1157120.62441171,-1.25288637399423
"SS32",235000,125000,1142623.21777778,1154926.85615392,-1.06531754029088
"SS38",235000,185000,1175982.13333333,1178347.55931674,-0.200740941389265
"SS39",235000,195000,1183293.36888889,1179618.68428801,0.311514614834747
"SS40",245000,105000,1167057.01333333,1157990.52627127,0.782950020433616
"SS41",245000,115000,1142623.21777778,1151065.68790256,-0.733448161431077
"SS42",245000,125000,1142623.21777778,1147723.94065739,-0.44442070945119
"SS43",245000,135000,1142623.21777778,1147814.8095773,-0.452302214277582
"SS44",245000,145000,1147748.33777778,1150766.85969611,-0.262305252614383
"SS48",245000,185000,1164844.58666667,1170113.57693913,-0.450297336626316
"SS49",245000,195000,1165524.30222222,1170643.568093,-0.437303549116929
"SS50",255000,105000,1160308.55111111,1153459.91596065,0.593747130324344
"SS51",255000,115000,1135402.84444444,1144786.35808822,-0.819673782577311
"SS52",255000,125000,1135402.84444444,1140338.46976671,-0.432821083662702
"SS53",255000,135000,1135402.84444444,1139855.27871384,-0.390613997456237
"SS54",255000,145000,1133771.59111111,1142571.45197509,-0.770180354915161
"SS58",255000,185000,1155258.59555556,1160920.57308747,-0.487714462398883
"SS59",255000,195000,1155293.72444444,1160698.60100025,-0.465657195687723
"SS60",265000,105000,1160308.55111111,1148924.66350008,0.990829770887639
"SS61",265000,115000,1135402.84444444,1138768.57247538,-0.295558563196023
"SS62",265000,125000,1135402.84444444,1133267.87678561,0.188390379941552
"SS63",265000,135000,1135402.84444444,1132209.64234782,0.282032759410163
"SS64",265000,145000,1133771.59111111,1134654.31238639,-0.077796494107755
"SS65",265000,155000,1133771.59111111,1139240.89057915,-0.480082791380012
"SS68",265000,185000,1155258.59555556,1151446.7458612,0.331048718324112
"SS69",265000,195000,1155293.72444444,1150487.72650397,0.417735698500181
"SS70",275000,105000,1155263.80444444,1145011.54588771,0.895384731582454
"SS71",275000,115000,1132510.91555556,1133728.91954734,-0.107433441167539
"SS72",275000,125000,1132510.91555556,1127278.5699832,0.464157282119749
"SS73",275000,135000,1132510.91555556,1125589.6702138,0.614899507778541
"SS74",275000,145000,1116667.52,1127562.93990456,-0.966280419386508
"SS75",275000,155000,1116667.52,1131756.75520728,-1.33325779924505
"SS77",275000,175000,1142859.12888889,1140493.2595875,0.20744263777954
"SS78",275000,185000,1142859.12888889,1142151.16725012,0.0619849332617632
"SS79",275000,195000,1136005.68888889,1140636.74602116,-0.406006307303549
"SS80",285000,105000,1155263.80444444,1142310.92418375,1.13391896956167
"SS81",285000,115000,1132510.91555556,1130182.14474059,0.206052699187192
"SS82",285000,125000,1132510.91555556,1122956.1170376,0.850861255661611
"SS83",285000,135000,1132510.91555556,1120541.51690334,1.0681798462317
"SS84",285000,145000,1116667.52,1121870.87556737,-0.463810557943506
"SS85",285000,155000,1116667.52,1125388.25799142,-0.77490927504316
"SS86",285000,165000,1116667.52,1129445.74310097,-1.13137113305606
"SS87",285000,175000,1142859.12888889,1132551.33825403,0.910138930280183
"SS88",285000,185000,1142859.12888889,1133539.40481634,0.82217909963724
"SS89",285000,195000,1136005.68888889,1131697.11047874,0.380718336227188
"SS90",295000,105000,1156062.45333333,1141459.26201577,1.2793440645246
"SS91",295000,115000,1132807.55555556,1128759.3498232,0.358642055367137
"SS92",295000,125000,1132807.55555556,1120921.07487726,1.06042084003065
"SS93",295000,135000,1132807.55555556,1117704.95338562,1.35121546381168
"SS94",295000,145000,1105505.84888889,1118072.46526144,-1.12395365801378
"SS95",295000,155000,1105505.84888889,1120498.61295402,-1.33804396469618
"SS96",295000,165000,1105505.84888889,1123421.1909051,-1.59471284334391
"SS97",295000,175000,1133522.89777778,1125495.67230109,0.71321691182335
"SS98",295000,185000,1133522.89777778,1125786.34372226,0.687213350797591
"SS99",295000,195000,1125545.70666667,1123811.46617575,0.154317743066072
"ST00",305000,105000,1158830.06222222,1143075.4453131,1.37826571060717
"ST01",305000,115000,1135152.35555556,1130108.20683583,0.446342101509771
"ST02",305000,125000,1135152.35555556,1121621.97681515,1.20632254182718
"ST03",305000,135000,1135152.35555556,1117401.09709169,1.58862010338674
"ST04",305000,145000,1103308.85333333,1116446.96157202,-1.1767785386052
"ST06",305000,165000,1120363.71555556,1118793.48693803,0.140350175064647
"ST07",305000,175000,1120363.71555556,1119631.11280688,0.0654325107882713
"ST08",305000,185000,1120363.71555556,1119176.76208317,0.106055943314732
"ST09",305000,195000,1112272.56888889,1117076.47691558,-0.430042895537115
"ST10",315000,105000,1158830.06222222,1147166.24320961,1.01675054349415
"ST11",315000,115000,1135152.35555556,1134103.87579301,0.0924500643132955
"ST12",315000,125000,1135152.35555556,1124906.36803258,0.910830253445714
"ST13",315000,135000,1135152.35555556,1119496.80681442,1.39844514480422
"ST14",315000,145000,1103308.85333333,1116916.33104105,-1.21830770394675
"ST16",315000,165000,1120363.71555556,1115753.55963508,0.413187650683596
"ST17",315000,175000,1120363.71555556,1115211.890951,0.461959260509524
"ST18",315000,185000,1120363.71555556,1113876.86503343,0.582366931728025
"ST19",315000,195000,1112272.56888889,1111533.67304278,0.0664753451943875
"ST20",325000,105000,1166097.51111111,1153010.90010033,1.13499456159923
"ST21",325000,115000,1141690.24,1139924.66879753,0.154884901678257
"ST22",325000,125000,1141690.24,1130102.77706055,1.02534593973706
"ST23",325000,135000,1141690.24,1123430.00050102,1.62540073621264
"ST24",325000,145000,1114411.28888889,1119150.24384997,-0.423442248896226
"ST25",325000,155000,1114411.28888889,1116379.1601192,-0.17627265902223
"ST26",325000,165000,1099674.47111111,1114275.96076142,-1.31040156698116
"ST27",325000,175000,1099674.47111111,1112228.25040414,-1.12870530742807
"ST28",325000,185000,1099674.47111111,1109898.67061258,-0.92118314691087
"ST29",325000,195000,1102603.44888889,1107162.87512018,-0.411811697605851
"ST30",335000,105000,1166097.51111111,1159930.0683799,0.531708152011612
"ST31",335000,115000,1141690.24,1146905.11151563,-0.45469075543117
"ST32",335000,125000,1141690.24,1136472.69285271,0.459100089259356
"ST33",335000,135000,1141690.24,1128549.21563062,1.16441748285076
"ST34",335000,145000,1114411.28888889,1122611.73348776,-0.730479145571879
"ST35",335000,155000,1114411.28888889,1117991.93366856,-0.320274652422342
"ST36",335000,165000,1099674.47111111,1114102.06028974,-1.29499708266188
"ST37",335000,175000,1099674.47111111,1110565.11501828,-0.980639834611638
"ST38",335000,185000,1099674.47111111,1107200.99002908,-0.679778918710635
"ST39",335000,195000,1102603.44888889,1103938.94488209,-0.120975530339706
"ST40",345000,105000,1179115.46666667,1167202.42037632,1.02064955335697
"ST41",345000,115000,1148082.00888889,1154234.43514332,-0.533030904910747
"ST42",345000,125000,1148082.00888889,1143220.50994522,0.425245952235602
"ST43",345000,135000,1148082.00888889,1134146.59709997,1.22871345067337
"ST44",345000,145000,1123336.14222222,1126698.1642327,-0.29839597837352
"ST45",345000,155000,1123336.14222222,1120415.95994941,0.260633762566119
"ST46",345000,165000,1107217.01333333,1114924.9601588,-0.691342206956108
"ST47",345000,175000,1107217.01333333,1110041.96129421,-0.254490195810399
"ST48",345000,185000,1107217.01333333,1105701.8438141,0.137032377011329
"ST49",345000,195000,1096885.33333333,1101867.22915625,-0.452132134534484
"ST50",355000,105000,1179115.46666667,1173945.21513386,0.440416764441167
"ST51",355000,115000,1148082.00888889,1161050.76713055,-1.11698459781522
"ST52",355000,125000,1148082.00888889,1149556.73954438,-0.128286895701696
"ST53",355000,135000,1148082.00888889,1139533.07494043,0.750213761799041
"ST54",355000,145000,1123336.14222222,1130856.56626726,-0.66502015104031
"ST55",355000,155000,1123336.14222222,1123237.45196249,0.00878623300536993
"ST56",355000,165000,1107217.01333333,1116468.28400831,-0.828619210011561
"ST57",355000,175000,1107217.01333333,1110487.01581625,-0.294465620609887
"ST58",355000,185000,1107217.01333333,1105299.4759168,0.173485779945854
"ST59",355000,195000,1096885.33333333,1100927.90369196,-0.367196647943427
"ST60",365000,105000,1193531.12888889,1179442.45381306,1.19451992170361
"ST61",365000,115000,1153663.2,1166694.93150286,-1.11697849634702
"ST62",365000,125000,1153663.2,1154918.878911,-0.108724425059395
"ST63",365000,135000,1153663.2,1144278.58030488,0.820134175072716
"ST64",365000,145000,1130637.28,1134719.04782015,-0.359716163044428
"ST65",365000,155000,1130637.28,1126170.4731774,0.396636826216461
"ST66",365000,165000,1109743.07555556,1118516.15175731,-0.784349532008973
"ST67",365000,175000,1109743.07555556,1111759.57385998,-0.181378991630432
"ST68",365000,185000,1109743.07555556,1105955.4415195,0.342476187906221
"ST69",365000,195000,1095901.10222222,1101084.61748613,-0.470764479095224
"ST70",375000,105000,1197798.32888889,1183399.53519836,1.21673139647794
"ST71",375000,115000,1160034.82666667,1170905.31571871,-0.928383269434037
"ST72",375000,125000,1160034.82666667,1159124.23751787,0.0785583735825953
"ST73",375000,135000,1160034.82666667,1148183.23230617,1.03220409661403
"ST74",375000,145000,1136153.83111111,1138170.45697298,-0.177181357108229
"ST75",375000,155000,1136153.83111111,1129099.29105177,0.624793595678641
"ST76",375000,165000,1118189.35111111,1120964.64044113,-0.247580452575931
"ST77",375000,175000,1118189.35111111,1113794.49501404,0.394584110152206
"ST78",375000,185000,1118189.35111111,1107635.86923094,0.952793438109112
"ST79",375000,195000,1101889.86666667,1102414.26096625,-0.0475678080506834
"ST80",385000,105000,1197798.32888889,1185960.07270403,0.998200230962824
"ST81",385000,115000,1160034.82666667,1173834.98823838,-1.17564748963765
"ST82",385000,125000,1160034.82666667,1162237.54329571,-0.189523788983738
"ST83",385000,135000,1160034.82666667,1151347.76026913,0.754512815095121
"ST84",385000,145000,1136153.83111111,1141246.1837458,-0.446209828099599
"ST85",385000,155000,1136153.83111111,1132017.78473498,0.365369381285578
"ST86",385000,165000,1118189.35111111,1123739.42755871,-0.493893540752423
"ST87",385000,175000,1118189.35111111,1116466.58991988,0.154304768883052
"ST88",385000,185000,1118189.35111111,1110193.52698268,0.720218946886281
"ST89",385000,195000,1101889.86666667,1104781.05435731,-0.261697797879869
"ST90",395000,105000,1198138.66666667,1187512.28704755,0.894843761620215
"ST91",395000,115000,1165224.19555556,1175825.91068844,-0.901639863223993
"ST92",395000,125000,1165224.19555556,1164609.08373926,0.0528170203103081
"ST93",395000,135000,1165224.19555556,1153988.61168936,0.973630393955702
"ST94",395000,145000,1141549.29777778,1144067.65329458,-0.220122954228553
"ST95",395000,155000,1141549.29777778,1134952.26551898,0.581260768335825
"ST96",395000,165000,1124370.4,1126765.42426593,-0.212557486620909
"ST97",395000,175000,1124370.4,1119575.40047496,0.428287324194627
"ST98",395000,185000,1124370.4,1113331.57851776,0.99151247438198
"ST99",395000,195000,1104509.63555556,1107852.4897559,-0.301741814117994
"SU00",405000,105000,1198138.66666667,1188632.40962514,0.799764247091725
"SU01",405000,115000,1165224.19555556,1177451.79113622,-1.03847950911548
"SU02",405000,125000,1165224.19555556,1166701.06106281,-0.126584740217216
"SU03",405000,135000,1165224.19555556,1156480.70173806,0.756043209744031
"SU04",405000,145000,1141549.29777778,1146879.75924009,-0.464779452193258
"SU05",405000,155000,1141549.29777778,1137985.41634887,0.313174613462213
"SU06",405000,165000,1124370.4,1129953.21237472,-0.494074649603597
"SU07",405000,175000,1124370.4,1122854.74229823,0.134982526650897
"SU08",405000,185000,1124370.4,1116662.48835176,0.690263327427913
"SU09",405000,195000,1104509.63555556,1111148.72514387,-0.597497836075717
"SU10",415000,105000,1191407.69777778,1189895.95714046,0.127048136288049
"SU11",415000,115000,1169903.66222222,1179285.31402487,-0.795537067329695
"SU12",415000,125000,1169903.66222222,1169022.92812357,0.0753393348810017
"SU13",415000,135000,1169903.66222222,1159214.3653302,0.922115633804676
"SU14",415000,145000,1147229.97333333,1149909.27524702,-0.233001156818367
"SU15",415000,155000,1147229.97333333,1141194.96837374,0.528832068738887
"SU16",415000,165000,1127627.14666667,1133206.54959213,-0.492355336939313
"SU17",415000,175000,1127627.14666667,1126088.52433623,0.136634225213039
"SU18",415000,185000,1127627.14666667,1119820.58305276,0.697126283625393
"SU19",415000,195000,1107545.51111111,1114183.52603099,-0.595773924563432
"SU20",425000,105000,1191407.69777778,1191775.98377931,-0.030902284200045
"SU21",425000,115000,1169903.66222222,1181758.3968737,-1.00314367833858
"SU22",425000,125000,1169903.66222222,1171963.80065517,-0.175785159216776
"SU23",425000,135000,1169903.66222222,1162464.923047,0.639910850447485
"SU24",425000,145000,1147229.97333333,1153318.27273977,-0.527894125181451
"SU25",425000,155000,1147229.97333333,1144610.3691798,0.228864268931311
"SU26",425000,165000,1127627.14666667,1136470.02041259,-0.778100045499622
"SU27",425000,175000,1127627.14666667,1129101.50135401,-0.130577692578627
"SU28",425000,185000,1127627.14666667,1122533.76119453,0.453740069850257
"SU29",425000,195000,1107545.51111111,1116610.88884987,-0.811865425036322
"SU30",435000,105000,1198936.87111111,1194525.08729561,0.369333709473901
"SU31",435000,115000,1177600.03555556,1185101.86924318,-0.633011716741263
"SU32",435000,125000,1177600.03555556,1175732.50089184,0.158840098602536
"SU33",435000,135000,1177600.03555556,1166423.23028752,0.958211820359275
"SU34",435000,145000,1153196.53333333,1157215.62793244,-0.347307321305981
"SU35",435000,155000,1153196.53333333,1148224.745231,0.432997818849296
"SU36",435000,165000,1130849.63555556,1139644.25380956,-0.7716985563352
"SU37",435000,175000,1130849.63555556,1131737.9426916,-0.0784905323514759
"SU38",435000,185000,1130849.63555556,1124637.81875037,0.552339313299295
"SU39",435000,195000,1110706.47111111,1118270.73257186,-0.676424879988976
"SU40",445000,105000,1211953.42222222,1198147.00889921,1.15231379959764
"SU41",445000,115000,1186942.56,1189290.01985614,-0.197383297341236
"SU42",445000,125000,1186942.56,1180267.67357616,0.56554005275937
"SU43",445000,135000,1186942.56,1170985.10498652,1.36273765955953
"SU44",445000,145000,1158228.17777778,1161467.53780146,-0.278902329875928
"SU45",445000,155000,1158228.17777778,1151888.87935076,0.550339406922006
"SU46",445000,165000,1134844.03555556,1142571.40650009,-0.676314049219985
"SU47",445000,175000,1134844.03555556,1133871.8944976,0.0857364101420656
"SU48",445000,185000,1134844.03555556,1126051.30792555,0.780846091836285
"SU49",445000,195000,1113356.24888889,1119147.14179545,-0.517438028503706
"SU50",455000,105000,1211953.42222222,1202542.85499588,0.782555664211738
"SU51",455000,115000,1186942.56,1194101.85513041,-0.599554811815657
"SU52",455000,125000,1186942.56,1185264.18948908,0.141603072614981
"SU53",455000,135000,1186942.56,1175797.73256788,0.947852434430421
"SU54",455000,145000,1158228.17777778,1165738.26142673,-0.64423412162535
"SU55",455000,155000,1158228.17777778,1155312.97587463,0.252330058089797
"SU56",455000,165000,1134844.03555556,1145021.63607321,-0.888856611701889
"SU57",455000,175000,1134844.03555556,1135359.23258042,-0.0453774461933614
"SU58",455000,185000,1134844.03555556,1126742.37519527,0.719033963632208
"SU59",455000,195000,1113356.24888889,1119317.95390673,-0.532619439993535
"SU60",465000,105000,1214355.82222222,1207394.09180111,0.576591393679241
"SU61",465000,115000,1193954.08,1199156.587072,-0.433847182935532
"SU62",465000,125000,1193954.08,1190267.66798921,0.309712857866401
"SU63",465000,135000,1193954.08,1180411.37706246,1.14728671721541
"SU64",465000,145000,1158802.56,1169577.96810826,-0.921307377710972
"SU65",465000,155000,1158802.56,1158148.29109879,0.0564926707775751
"SU66",465000,165000,1134976.23111111,1146751.47803601,-1.02683512081125
"SU67",465000,175000,1134976.23111111,1136090.11493945,-0.0980453763036565
"SU68",465000,185000,1134976.23111111,1126727.75909898,0.732073204509278
"SU69",465000,195000,1117009.97333333,1118907.58064444,-0.169594642482643
"SU70",475000,105000,1214355.82222222,1212262.18787019,0.172704747618432
"SU71",475000,115000,1193954.08,1204002.29707971,-0.834567932642476
"SU72",475000,125000,1193954.08,1194820.86070025,-0.0725448248152056
"SU73",475000,135000,1193954.08,1184388.53997541,0.807635307311022
"SU74",475000,145000,1158802.56,1172632.0965889,-1.1793585242231
"SU75",475000,155000,1158802.56,1160135.64553161,-0.114907729690574
"SU76",475000,165000,1134976.23111111,1147653.21045888,-1.10460017296546
"SU77",475000,175000,1134976.23111111,1136094.59347509,-0.0984391942718307
"SU78",475000,185000,1134976.23111111,1126122.91310637,0.786176881911051
"SU79",475000,195000,1117009.97333333,1118074.48530705,-0.0952093968432705
"SU80",485000,105000,1219112.01777778,1216760.51042032,0.193259670848934
"SU81",485000,115000,1201402.89777778,1208322.88197262,-0.572693300613914
"SU82",485000,125000,1201402.89777778,1198744.92295416,0.221729808629436
"SU83",485000,135000,1201402.89777778,1187614.1047486,1.16104995503504
"SU84",485000,145000,1162827.92888889,1174965.50531731,-1.03301555437095
"SU85",485000,155000,1162827.92888889,1161415.47057906,0.121615248427861
"SU86",485000,165000,1133690.31111111,1147984.21856316,-1.24513100623768
"SU87",485000,175000,1133690.31111111,1135672.1783044,-0.174510499697906
"SU88",485000,185000,1133690.31111111,1125244.71997489,0.750555944524506
"SU89",485000,195000,1115998.96888889,1117130.08480703,-0.101251943128374
"SU90",495000,105000,1219112.01777778,1220810.28110948,-0.139109520781328
"SU91",495000,115000,1201402.89777778,1212052.31609688,-0.87862695179666
"SU92",495000,125000,1201402.89777778,1201994.90626772,-0.0492521629550297
"SU93",495000,135000,1201402.89777778,1190225.20901263,0.939123846521813
"SU94",495000,145000,1162827.92888889,1176839.52635322,-1.19061241151098
"SU95",495000,155000,1162827.92888889,1162512.11926401,0.0271661361330057
"SU96",495000,165000,1133690.31111111,1148334.85446405,-1.27528510486356
"SU97",495000,175000,1133690.31111111,1135447.90612551,-0.15479310014309
"SU98",495000,185000,1133690.31111111,1124737.05337325,0.79603118889034
"SU99",495000,195000,1115998.96888889,1116628.71137419,-0.0563967663454943
"SV80",85000,5000,1263422.82666667,1275385.72246324,-0.937982571537039
"SV81",85000,15000,1258573.86666667,1272865.22475635,-1.1227707232256
"SV90",95000,5000,1268563.04,1264574.36130866,0.315416697774553
"SV91",95000,15000,1260071.37777778,1261725.88335861,-0.131130351105041
"SW32",135000,25000,1233715.14666667,1209787.79582446,1.97781387155586
"SW33",135000,35000,1218442.48888889,1207529.29791845,0.903762003062556
"SW42",145000,25000,1211073.58222222,1197554.49453023,1.12889123240204
"SW43",145000,35000,1192301.99111111,1195428.58859634,-0.261546152990698
"SW44",145000,45000,1192301.99111111,1194543.50657447,-0.187646197147113
"SW52",155000,25000,1211073.58222222,1186296.82351589,2.08858004296917
"SW53",155000,35000,1192301.99111111,1184244.52189573,0.680388979336963
"SW54",155000,45000,1192301.99111111,1183927.32385992,0.707363288473517
"SW61",165000,15000,1184321.36888889,1182097.22639459,0.18815224709375
"SW62",165000,25000,1184321.36888889,1177327.29280301,0.594063870653236
"SW63",165000,35000,1165681.22666667,1175200.39294389,-0.81000366698093
"SW64",165000,45000,1165681.22666667,1175288.51079301,-0.817440487005394
"SW65",165000,55000,1165681.22666667,1176849.98918404,-0.949038757702247
"SW71",175000,15000,1184321.36888889,1177380.28809606,0.589536011687231
"SW72",175000,25000,1184321.36888889,1172070.44338635,1.04523798647643
"SW73",175000,35000,1165681.22666667,1169613.95179543,-0.336241297629104
"SW74",175000,45000,1165681.22666667,1169688.22562904,-0.342569829684372
"SW75",175000,55000,1165681.22666667,1171479.35657769,-0.49494085221928
"SW76",175000,65000,1182895.02222222,1174099.58539936,0.749121874519024
"SW81",185000,15000,1169783.07555556,1177106.83841179,-0.622183358149041
"SW82",185000,25000,1169783.07555556,1171422.16017744,-0.139922623764539
"SW83",185000,35000,1148487.52,1168325.88001178,-1.69801596893329
"SW84",185000,45000,1148487.52,1167905.18144631,-1.66260598503898
"SW85",185000,55000,1148487.52,1169309.16891377,-1.78067952149187
"SW86",185000,65000,1174930.06222222,1171639.32888388,0.280865728660085
"SW87",185000,75000,1174930.06222222,1174095.8183133,0.0710541589458596
"SW88",185000,85000,1174930.06222222,1176229.14680529,-0.110444855630002
"SW93",195000,35000,1164783.44888889,1171395.66335777,-0.564473190034844
"SW94",195000,45000,1148487.52,1170098.07018802,-1.84690076315968
"SW95",195000,55000,1148487.52,1170630.60742894,-1.89155206505068
"SW96",195000,65000,1174930.06222222,1172009.82992474,0.249164488464406
"SW97",195000,75000,1174930.06222222,1173441.97553227,0.126813828120759
"SW98",195000,85000,1191689.86666667,1174517.95782054,1.46203885021852
"SX03",205000,35000,1164783.44888889,1178414.37800696,-1.15671782120673
"SX04",205000,45000,1164783.44888889,1176141.26968464,-0.965685082949322
"SX05",205000,55000,1164783.44888889,1175351.12745992,-0.899108217462656
"SX06",205000,65000,1185997.81333333,1175135.99443858,0.924303139904886
"SX07",205000,75000,1185997.81333333,1174872.89089857,0.946904343520408
"SX08",205000,85000,1181566.68444444,1174262.64383983,0.622010811885363
"SX09",205000,95000,1181566.68444444,1173358.26866862,0.699566023013093
"SX14",215000,45000,1191677.33333333,1185233.02236891,0.543716791786631
"SX15",215000,55000,1191677.33333333,1182783.95122039,0.751902501193761
"SX16",215000,65000,1185215.62666667,1180524.54989726,0.397372233369719
"SX17",215000,75000,1185215.62666667,1178002.38241152,0.612328494648856
"SX18",215000,85000,1174500.60444444,1175077.40333287,-0.0490860335489843
"SX19",215000,95000,1174500.60444444,1172005.54373388,0.212888132134452
"SX24",225000,45000,1191677.33333333,1196165.14935274,-0.375183645990016
"SX25",225000,55000,1191677.33333333,1191991.39546379,-0.0263476843581856
"SX26",225000,65000,1185215.62666667,1187429.17119039,-0.186414868139564
"SX27",225000,75000,1185215.62666667,1182230.40248005,0.252507817456927
"SX28",225000,85000,1174500.60444444,1176505.26462046,-0.17039109269609
"SX29",225000,95000,1174500.60444444,1170810.94445083,0.315137128765077
"SX35",235000,55000,1224239.78666667,1202076.11838627,1.84378243119522
"SX36",235000,65000,1195007.37777778,1195074.48651891,-0.00561544421575481
"SX37",235000,75000,1195007.37777778,1186928.10256547,0.680687835669903
"SX38",235000,85000,1167057.01333333,1178091.43419049,-0.936635352478922
"SX39",235000,95000,1167057.01333333,1169483.31646091,-0.207467955585859
"SX44",245000,45000,1224239.78666667,1219829.65116383,0.361536998107027
"SX45",245000,55000,1224239.78666667,1212202.198354,0.993034687530919
"SX46",245000,65000,1195007.37777778,1202663.12256284,-0.636566020977732
"SX47",245000,75000,1195007.37777778,1191468.44881554,0.29702246549217
"SX48",245000,85000,1167057.01333333,1179406.96320357,-1.04713218215147
"SX49",245000,95000,1167057.01333333,1167797.25359359,-0.063387737723941
"SX54",255000,45000,1240751.50222222,1230743.84453647,0.813138959027324
"SX55",255000,55000,1210500.69333333,1221469.96887343,-0.898038905550614
"SX56",255000,65000,1210500.69333333,1209471.58362696,0.085087547347773
"SX57",255000,75000,1210500.69333333,1195272.52674803,1.27403301293457
"SX58",255000,85000,1160308.55111111,1180107.72475639,-1.67774290684887
"SX59",255000,95000,1160308.55111111,1165633.28312638,-0.456810224308707
"SX63",265000,35000,1240751.50222222,1247375.82553202,-0.531060741615116
"SX64",265000,45000,1240751.50222222,1239591.23859443,0.093600502461185
"SX65",265000,55000,1210500.69333333,1228783.70570106,-1.48789508543295
"SX66",265000,65000,1210500.69333333,1214630.59773642,-0.340013203255661
"SX67",265000,75000,1210500.69333333,1197855.10153865,1.05568626609697
"SX68",265000,85000,1160308.55111111,1180049.90910897,-1.67292568267447
"SX69",265000,95000,1160308.55111111,1163150.72549057,-0.244351339613693
"SX73",275000,35000,1265045.74222222,1254606.67986062,0.83205856697321
"SX74",275000,45000,1265045.74222222,1245981.59124612,1.53005077362655
"SX75",275000,55000,1221207.2,1233706.90344464,-1.01318258086552
"SX76",275000,65000,1221207.2,1217849.51405007,0.275706145233248
"SX77",275000,75000,1221207.2,1199134.33588319,1.84073322365084
"SX78",275000,85000,1155263.80444444,1179408.48327534,-2.04718544705109
"SX79",275000,95000,1155263.80444444,1160718.67373146,-0.469956192698861
"SX83",285000,35000,1275428.08888889,1259333.56481995,1.2780191458835
"SX84",285000,45000,1275428.08888889,1249758.60178565,2.05395562523557
"SX85",285000,55000,1214133.01333333,1236465.26064189,-1.80613625141093
"SX86",285000,65000,1214133.01333333,1219386.69362416,-0.430846122751814
"SX87",285000,75000,1214133.01333333,1199529.01659434,1.21747757135988
"SX88",285000,85000,1155263.80444444,1178693.467026,-1.98776554184772
"SX89",285000,95000,1155263.80444444,1158985.13711973,-0.321085452789851
"SX94",295000,45000,1275428.08888889,1251328.91328416,1.92588657937063
"SX95",295000,55000,1214133.01333333,1237341.49498803,-1.8756731063093
"SX96",295000,65000,1214133.01333333,1219737.12789589,-0.459452650442905
"SX97",295000,75000,1214133.01333333,1199603.62014649,1.21118283930044
"SX98",295000,85000,1156062.45333333,1178535.44257221,-1.90685731010576
"SX99",295000,95000,1156062.45333333,1158511.69218664,-0.21141252779955
"SY07",305000,75000,1210203.37777778,1200217.77231141,0.831982803182612
"SY08",305000,85000,1158830.06222222,1179641.61076847,-1.76422638505338
"SY09",305000,95000,1158830.06222222,1159994.93451229,-0.100420463521502
"SY18",315000,85000,1158830.06222222,1182358.95372751,-1.98999562959366
"SY19",315000,95000,1158830.06222222,1163573.44624867,-0.407656606614424
"SY28",325000,85000,1166097.51111111,1186524.16929133,-1.72155432724274
"SY29",325000,95000,1166097.51111111,1168820.68978962,-0.232985153522499
"SY38",335000,85000,1166097.51111111,1191714.84486575,-2.14961942154285
"SY39",335000,95000,1166097.51111111,1175128.20971008,-0.768486240424211
"SY48",345000,85000,1179115.46666667,1197312.23487823,-1.51980140864579
"SY49",345000,95000,1179115.46666667,1181779.425351,-0.225419281059375
"SY57",355000,75000,1230334.88,1217089.73693123,1.08826347531003
"SY58",355000,85000,1179115.46666667,1202532.60356582,-1.94731825396835
"SY59",355000,95000,1179115.46666667,1187939.28250723,-0.742783404042314
"SY66",365000,65000,1237320.60444444,1233410.51399924,0.317014521996447
"SY67",365000,75000,1237320.60444444,1220368.27822056,1.38911560767531
"SY68",365000,85000,1193531.12888889,1206669.87739081,-1.08884366371482
"SY69",365000,95000,1193531.12888889,1192885.01772731,0.0541637418506233
"SY76",375000,65000,1242916.39111111,1234849.57672629,0.653262918565809
"SY77",375000,75000,1242916.39111111,1222478.58314683,1.67183362113956
"SY78",375000,85000,1197798.32888889,1209470.31576832,-0.965049470603556
"SY79",375000,95000,1197798.32888889,1196320.26526235,0.123550830781568
"SY87",385000,75000,1242916.39111111,1223514.36047242,1.5857623960539
"SY88",385000,85000,1197798.32888889,1211042.25444074,-1.09359731283387
"SY89",385000,95000,1197798.32888889,1198415.1453812,-0.0514693505579136
"SY97",395000,75000,1243921.6,1223773.23240912,1.64641349044852
"SY98",395000,85000,1198138.66666667,1211715.43223396,-1.12045825332613
"SY99",395000,95000,1198138.66666667,1199530.61303423,-0.116040920710135
"SZ07",405000,75000,1243921.6,1223651.96531342,1.65648691467458
"SZ08",405000,85000,1198138.66666667,1211922.28324728,-1.13733502314002
"SZ09",405000,95000,1198138.66666667,1200168.65914319,-0.169142266885576
"SZ18",415000,85000,1191407.69777778,1212185.33643615,-1.71406451091576
"SZ19",415000,95000,1191407.69777778,1200886.36249986,-0.789305717682772
"SZ28",425000,85000,1191407.69777778,1212881.35448008,-1.770466387581
"SZ29",425000,95000,1191407.69777778,1202147.64215798,-0.893396451780116
"SZ38",435000,85000,1198936.87111111,1214257.14071688,-1.26169895090916
"SZ39",435000,95000,1198936.87111111,1204176.39219798,-0.435112423795421
"SZ47",445000,75000,1258346.34666667,1226678.8906375,2.58156036358551
"SZ48",445000,85000,1211953.42222222,1216583.8973625,-0.380612890760734
"SZ49",445000,95000,1211953.42222222,1207112.61685587,0.401023508391587
"SZ57",455000,75000,1258346.34666667,1229403.34866266,2.35423126474254
"SZ58",455000,85000,1211953.42222222,1219927.81610624,-0.653677519172784
"SZ59",455000,95000,1211953.42222222,1210995.62547794,0.0790916766446791
"SZ68",465000,85000,1214355.82222222,1224001.04037095,-0.788007348899376
"SZ69",465000,95000,1214355.82222222,1215514.67092784,-0.0953381093078303
"SZ79",475000,95000,1214355.82222222,1220228.28731905,-0.481259544452085
"SZ89",485000,95000,1219112.01777778,1224745.85641873,-0.460000628818434
"SZ99",495000,95000,1219112.01777778,1228962.3908211,-0.801519486429921
"TA00",505000,405000,1072171.85777778,1074091.18007787,-0.178692678581699
"TA01",505000,415000,1072171.85777778,1077367.51708348,-0.482255054410021
"TA02",505000,425000,1078786.08,1080665.7122032,-0.173932806600178
"TA03",505000,435000,1078786.08,1083835.29718359,-0.465865726712046
"TA04",505000,445000,1088289.20888889,1086607.88484817,0.154731441228056
"TA05",505000,455000,1088289.20888889,1088684.10402,-0.036272701112861
"TA06",505000,465000,1088289.20888889,1089881.24419649,-0.146074199925795
"TA07",505000,475000,1080772.26666667,1090266.32263656,-0.870801543877155
"TA08",505000,485000,1080772.26666667,1089949.85642434,-0.842019447369537
"TA09",505000,495000,1080772.26666667,1089369.10348777,-0.78915739335583
"TA10",515000,405000,1078704.37333333,1079821.32036575,-0.103438134749364
"TA11",515000,415000,1078704.37333333,1083602.62429198,-0.45203387744162
"TA12",515000,425000,1086198.63111111,1087550.54045055,-0.124307725402939
"TA13",515000,435000,1086198.63111111,1091499.6552934,-0.485664302007243
"TA14",515000,445000,1102562.04444444,1095168.01741911,0.675150014219383
"TA15",515000,455000,1102562.04444444,1098208.69110398,0.39640492519577
"TA16",515000,465000,1102562.04444444,1100401.97737573,0.196297999560694
"TA17",515000,475000,1114170.20444444,1101780.12531052,1.12455097430903
"TA18",515000,485000,1114170.20444444,1102390.68586957,1.06854300620165
"TA20",525000,405000,1085701.33333333,1085941.71065596,-0.0221353798525267
"TA21",525000,415000,1085701.33333333,1090006.07483959,-0.394928212385434
"TA22",525000,425000,1093276.97777778,1094360.15897431,-0.0989784932913725
"TA23",525000,435000,1093276.97777778,1098852.90062722,-0.50743123545134
"TA24",525000,445000,1110680.94222222,1103176.29870824,0.680275992402074
"TA25",525000,455000,1110680.94222222,1106950.47230376,0.337004230252619
"TA26",525000,465000,1110680.94222222,1109927.05946668,0.0679218286564597
"TA27",525000,475000,1128072.48,1112082.39292595,1.43785093404615
"TA30",535000,405000,1085701.33333333,1093213.64998334,-0.687177355507626
"TA31",535000,415000,1085701.33333333,1097292.07014712,-1.05630370701842
"TA32",535000,425000,1093276.97777778,1101855.87347377,-0.778586011339737
"TA33",535000,435000,1093276.97777778,1106631.33407082,-1.2067574703415
"TA40",545000,405000,1103312.49777778,1102118.96052911,0.108294775012006
"TA41",545000,415000,1103312.49777778,1106063.28395821,-0.248700614180508
"TA42",545000,425000,1112511.04,1110545.38429387,0.176999133392741
"TF00",505000,305000,1062208.94222222,1068494.56828678,-0.588269351208785
"TF01",505000,315000,1062208.94222222,1063455.21980957,-0.117191355511448
"TF02",505000,325000,1062208.94222222,1060164.10939696,0.192878895553419
"TF03",505000,335000,1057459.36,1058650.78660288,-0.112541984378558
"TF04",505000,345000,1057459.36,1058714.30940007,-0.118535226068955
"TF05",505000,355000,1057459.36,1059984.90755562,-0.238262595780238
"TF06",505000,365000,1062582.41777778,1062107.78443081,0.0446878700947364
"TF07",505000,375000,1062582.41777778,1064785.34265546,-0.206889106135441
"TF08",505000,385000,1062582.41777778,1067757.76432016,-0.484692943973248
"TF09",505000,395000,1072171.85777778,1070879.10791438,0.12071856233333
"TF10",515000,305000,1069245.01333333,1072635.74132392,-0.31611178519942
"TF11",515000,315000,1069245.01333333,1067945.20792894,0.121710870065838
"TF12",515000,325000,1069245.01333333,1064904.77336302,0.407570712319097
"TF13",515000,335000,1062247.57333333,1063552.61403776,-0.122705796328338
"TF14",515000,345000,1062247.57333333,1063695.16745091,-0.136091068369272
"TF15",515000,355000,1062247.57333333,1065011.65137065,-0.259535004500203
"TF16",515000,365000,1075785.42222222,1067157.79618757,0.808467694794397
"TF17",515000,375000,1075785.42222222,1069858.09820341,0.554028990271711
"TF18",515000,385000,1075785.42222222,1072921.40103904,0.266936718794717
"TF19",515000,395000,1078704.37333333,1076253.35303659,0.227736368005952
"TF20",525000,305000,1069245.01333333,1076986.37282897,-0.718798277391351
"TF21",525000,315000,1069245.01333333,1073120.53728405,-0.36114525964832
"TF22",525000,325000,1069245.01333333,1070709.72703782,-0.136798393392524
"TF23",525000,335000,1062247.57333333,1069745.65051279,-0.700921492493253
"TF24",525000,345000,1062247.57333333,1070048.90436319,-0.729063036095037
"TF25",525000,355000,1062247.57333333,1071365.48481408,-0.851055182380784
"TF26",525000,365000,1075785.42222222,1073392.5494118,0.222926161704622
"TF27",525000,375000,1075785.42222222,1075939.17666938,-0.0142902545503572
"TF28",525000,385000,1090748.37333333,1078898.77148936,1.09830524949177
"TF29",525000,395000,1085701.33333333,1082241.17340203,0.319721704952619
"TF30",535000,305000,1078944.62222222,1081937.08998567,-0.276584266418519
"TF31",535000,315000,1078944.62222222,1079332.41567027,-0.0359290096743827
"TF32",535000,325000,1078944.62222222,1077877.00139288,0.0990484840068774
"TF33",535000,335000,1068603.18222222,1077553.39119857,-0.830604687382355
"TF34",535000,345000,1068603.18222222,1078182.70486299,-0.888487878497534
"TF35",535000,355000,1068603.18222222,1079502.46033906,-1.00965755218496
"TF36",535000,365000,1090748.37333333,1081361.90178531,0.868023141237721
"TF37",535000,375000,1090748.37333333,1083654.85742354,0.654591806717353
"TF38",535000,385000,1090748.37333333,1086378.82047045,0.402212633433753
"TF39",535000,395000,1085701.33333333,1089587.78580664,-0.356690165210128
"TF40",545000,305000,1093020.53333333,1088084.95338404,0.453602444730582
"TF41",545000,315000,1097821.84888889,1087071.79958503,0.988899657590802
"TF42",545000,325000,1097821.84888889,1086890.10926039,1.00578149854903
"TF43",545000,335000,1089446.57777778,1087408.81243213,0.187396434748952
"TF44",545000,345000,1089446.57777778,1088433.18734193,0.0931054333540887
"TF45",545000,355000,1089446.57777778,1089796.84650318,-0.0321407358196057
"TF46",545000,365000,1103269.31555556,1091423.92750399,1.08531504148496
"TF47",545000,375000,1103269.31555556,1093399.9994799,0.902626310623211
"TF48",545000,385000,1103269.31555556,1095816.38639656,0.680125726492213
"TF49",545000,395000,1103312.49777778,1098735.37453498,0.416581039336678
"TF50",555000,305000,1093020.53333333,1096060.13048977,-0.277320292188718
"TF51",555000,315000,1097821.84888889,1096847.90090215,0.088795172597813
"TF52",555000,325000,1097821.84888889,1098092.31118844,-0.0246301970061265
"TF55",555000,355000,1089446.57777778,1102343.37714419,-1.16994392435362
"TF56",555000,365000,1103269.31555556,1103738.20795308,-0.0424822112840144
"TF57",555000,375000,1103269.31555556,1105354.49751254,-0.188643730285037
"TF58",555000,385000,1103269.31555556,1107368.67231605,-0.370188977074687
"TF59",555000,395000,1103312.49777778,1109838.27595771,-0.587993613240732
"TF60",565000,305000,1107438.36444444,1106234.13901374,0.108858096874008
"TF61",565000,315000,1121239.25333333,1108843.15604316,1.11793063091122
"TF62",565000,325000,1121239.25333333,1111483.36727098,0.877735677350395
"TF63",565000,335000,1114366.70222222,1113791.33241222,0.0516586718948841
"TF64",565000,345000,1114366.70222222,1115581.04672834,-0.108853095853583
"TF70",575000,305000,1107438.36444444,1118671.63635577,-1.00416168125289
"TF71",575000,315000,1121239.25333333,1122840.14341756,-0.142575066772884
"TF72",575000,325000,1121239.25333333,1126698.65068507,-0.484548139683628
"TF73",575000,335000,1114366.70222222,1129717.42228578,-1.35881059818437
"TF74",575000,345000,1114366.70222222,1131712.67529358,-1.53271881194184
"TF80",585000,305000,1120126.57777778,1132905.39251816,-1.12796839213335
"TF81",585000,315000,1148244.21333333,1138249.76229543,0.878054304861254
"TF82",585000,325000,1148244.21333333,1143036.26935523,0.455623685592773
"TF83",585000,335000,1149081.28,1146594.58402175,0.216876654826322
"TF84",585000,345000,1149081.28,1148612.21351149,0.0408376720176391
"TF90",595000,305000,1148541.92,1148005.46675397,0.0467291543089535
"TF91",595000,315000,1173562.20444444,1154125.59042279,1.68409869627236
"TF92",595000,325000,1173562.20444444,1159528.35697944,1.2103065337323
"TF93",595000,335000,1176999.80444444,1163356.64338862,1.17274106211177
"TF94",595000,345000,1176999.80444444,1165305.89346354,1.00350569292589
"TG00",605000,305000,1148541.92,1162831.53909928,-1.22886408037611
"TG01",605000,315000,1173562.20444444,1169315.08827297,0.363214005709259
"TG02",605000,325000,1173562.20444444,1174943.17145769,-0.117534792046774
"TG03",605000,335000,1173562.20444444,1178849.51576563,-0.448514526279608
"TG04",605000,345000,1176999.80444444,1180715.04310356,-0.314660059665799
"TG10",615000,305000,1179471.60888889,1176419.18890073,0.259467034961699
"TG11",615000,315000,1198632.05333333,1182810.67391734,1.33760877923082
"TG12",615000,325000,1198632.05333333,1188383.89892685,0.862360590356331
"TG13",615000,335000,1198632.05333333,1192273.91971315,0.533277925068644
"TG14",615000,345000,1196726.13333333,1194155.388962,0.215277207229176
"TG20",625000,305000,1179471.60888889,1188432.45726986,-0.754005692638056
"TG21",625000,315000,1198632.05333333,1194315.97722271,0.361384775297208
"TG22",625000,325000,1198632.05333333,1199613.39493705,-0.0818048221081903
"TG23",625000,335000,1198632.05333333,1203439.09166718,-0.399441763786016
"TG24",625000,345000,1196726.13333333,1205461.6824699,-0.724664189961571
"TG30",635000,305000,1199989.19111111,1198923.07969387,0.088922420069811
"TG31",635000,315000,1211550.84444444,1204164.79260451,0.613375501866527
"TG32",635000,325000,1211550.84444444,1209016.75114381,0.209599519463995
"TG33",635000,335000,1211550.84444444,1212729.77202464,-0.0972127185620039
"TG40",645000,305000,1199989.19111111,1208392.17549014,-0.695385533725143
"TG41",645000,315000,1211550.84444444,1212915.01393303,-0.112470327509858
"TG42",645000,325000,1217365.17333333,1217289.91727842,0.0061822622408122
"TG43",645000,335000,1217365.17333333,1220858.38422482,-0.286127444151343
"TG50",655000,305000,1212856.28444444,1217442.79969872,-0.376733531580347
"TG51",655000,315000,1217365.17333333,1221260.67867382,-0.318974106717384
"TG52",655000,325000,1217365.17333333,1225144.47660492,-0.634970276578329
"TL00",505000,205000,1114371.37777778,1112012.12939546,0.212160310121982
"TL01",505000,215000,1114371.37777778,1108975.89763986,0.486528169764403
"TL02",505000,225000,1102073.01333333,1107253.69240768,-0.467885463816439
"TL03",505000,235000,1102073.01333333,1105749.54643236,-0.332492390423578
"TL04",505000,245000,1102073.01333333,1103530.58450312,-0.132082534934706
"TL05",505000,255000,1088654.57777778,1100193.55284899,-1.04881318758205
"TL06",505000,265000,1088654.57777778,1095388.52928438,-0.614754612320579
"TL07",505000,275000,1088654.57777778,1089158.01860256,-0.0462229370007999
"TL08",505000,285000,1075496.60444444,1082068.98420096,-0.607390088106982
"TL09",505000,295000,1075496.60444444,1074913.8097506,0.0542178069125104
"TL10",515000,205000,1118646.36444444,1114381.43808312,0.38271692398798
"TL11",515000,215000,1118646.36444444,1111149.32730186,0.674710136466273
"TL12",515000,225000,1107163.59111111,1109260.33190077,-0.189021524466203
"TL13",515000,235000,1107163.59111111,1107672.63359581,-0.0459560405542577
"TL14",515000,245000,1107163.59111111,1105459.48067872,0.154154038404255
"TL15",515000,255000,1093672.26666667,1102208.58494777,-0.774473942380877
"TL16",515000,265000,1093672.26666667,1097666.28619426,-0.363864644275826
"TL17",515000,275000,1093672.26666667,1091814.39835054,0.170163382982367
"TL18",515000,285000,1082915.44888889,1085253.07780182,-0.215399427170535
"TL19",515000,295000,1082915.44888889,1078613.92254083,0.398801300276572
"TL20",525000,205000,1118646.36444444,1118998.71873173,-0.0314883548468177
"TL21",525000,215000,1118646.36444444,1114820.97543255,0.343139310812231
"TL22",525000,225000,1107163.59111111,1112029.66362068,-0.437584775726425
"TL23",525000,235000,1107163.59111111,1109722.53316016,-0.230592961085307
"TL24",525000,245000,1107163.59111111,1107054.87972039,0.00981987367633603
"TL25",525000,255000,1093672.26666667,1103534.94897322,-0.89373538334477
"TL26",525000,265000,1093672.26666667,1098980.73117031,-0.483035266504973
"TL27",525000,275000,1093672.26666667,1093617.7891441,0.00498140420825414
"TL28",525000,285000,1082915.44888889,1087757.0272569,-0.445097411157817
"TL29",525000,295000,1082915.44888889,1082031.20871682,0.081720394471349
"TL30",535000,205000,1124784.32,1126303.02498944,-0.134839821587945
"TL31",535000,215000,1124784.32,1120522.63334858,0.380330260593168
"TL32",535000,225000,1114127.85777778,1116073.35156957,-0.17431594339722
"TL33",535000,235000,1114127.85777778,1112286.80975819,0.165519181153663
"TL34",535000,245000,1114127.85777778,1108527.66031319,0.505192397545196
"TL35",535000,255000,1100995.55555556,1104390.44265112,-0.307399173739015
"TL36",535000,265000,1100995.55555556,1099792.0004702,0.109434791745814
"TL37",535000,275000,1100995.55555556,1094924.53271874,0.554469523277772
"TL38",535000,285000,1088251.18222222,1090062.37599961,-0.166155058395506
"TL39",535000,295000,1088251.18222222,1085603.25635182,0.243912852592588
"TL40",545000,205000,1124784.32,1136509.10224425,-1.03164877616034
"TL41",545000,215000,1124784.32,1128633.89717901,-0.341082895758158
"TL42",545000,225000,1114127.85777778,1121898.36487019,-0.692621304721845
"TL43",545000,235000,1114127.85777778,1115982.35990518,-0.166176652430035
"TL44",545000,245000,1114127.85777778,1110571.74483172,0.320205602439177
"TL45",545000,255000,1100995.55555556,1105470.52288534,-0.404802049186003
"TL46",545000,265000,1100995.55555556,1100698.50045815,0.0269878715450411
"TL47",545000,275000,1106188.44444444,1096439.12586449,0.889180105851447
"TL48",545000,285000,1093020.53333333,1092827.78129274,0.0176379154969667
"TL49",545000,295000,1093020.53333333,1090003.58019231,0.276783782718547
"TL50",555000,205000,1154129.65333333,1149461.47265676,0.406118933746011
"TL51",555000,215000,1154129.65333333,1139168.14857797,1.31337105712113
"TL52",555000,225000,1131058.38222222,1129852.73386354,0.106708451689604
"TL53",555000,235000,1131058.38222222,1121477.36457985,0.854321089749644
"TL54",555000,245000,1131058.38222222,1114116.7244631,1.52063579938531
"TL55",555000,255000,1106188.44444444,1107828.53069724,-0.148045135808664
"TL56",555000,265000,1106188.44444444,1102797.83685736,0.307455045137516
"TL57",555000,275000,1106188.44444444,1099182.16796616,0.637408127830523
"TL58",555000,285000,1093020.53333333,1096972.26630181,-0.360240006960577
"TL59",555000,295000,1093020.53333333,1095990.09426571,-0.270947789392323
"TL60",565000,205000,1174202.06222222,1164379.21259763,0.843612589293569
"TL61",565000,215000,1174202.06222222,1151760.81649336,1.94842934466046
"TL62",565000,225000,1140177.24444444,1139927.24956976,0.0219307745106062
"TL63",565000,235000,1140177.24444444,1129193.03710251,0.972748412452225
"TL64",565000,245000,1140177.24444444,1119922.87114768,1.80855073314222
"TL65",565000,255000,1112753.88444444,1112431.22932681,0.0290045001551545
"TL66",565000,265000,1112753.88444444,1107131.80176605,0.507806086811403
"TL67",565000,275000,1112753.88444444,1104152.68529072,0.778986390949848
"TL68",565000,285000,1107438.36444444,1103315.15530975,0.373710912503583
"TL69",565000,295000,1107438.36444444,1104191.60802164,0.294039222832384
"TL70",575000,205000,1174202.06222222,1180149.48544124,-0.503955074538091
"TL71",575000,215000,1174202.06222222,1165681.01908706,0.730992698314528
"TL72",575000,225000,1140177.24444444,1151817.26908148,-1.01057910395106
"TL73",575000,235000,1140177.24444444,1139123.79801593,0.0924786603832959
"TL74",575000,245000,1140177.24444444,1128225.48464676,1.05934141360314
"TL75",575000,255000,1112753.88444444,1119811.50585103,-0.630250838619898
"TL76",575000,265000,1112753.88444444,1114362.13149817,-0.144319966397425
"TL77",575000,275000,1112753.88444444,1111991.41570144,0.0685678623270221
"TL78",575000,285000,1107438.36444444,1112392.58313413,-0.445366030374993
"TL79",575000,295000,1107438.36444444,1114905.53786251,-0.669758393377863
"TL80",585000,205000,1193949.08444444,1195431.02680229,-0.123967198827503
"TL81",585000,215000,1193949.08444444,1179877.89188369,1.1925973575356
"TL82",585000,225000,1155877.06666667,1164705.47495351,-0.757994916027722
"TL83",585000,235000,1155877.06666667,1150751.26631118,0.445430781225273
"TL84",585000,245000,1155877.06666667,1138888.95365521,1.49163910642354
"TL85",585000,255000,1125025.01333333,1129961.79617726,-0.436898208472903
"TL86",585000,265000,1125025.01333333,1124526.20181509,0.0443574829507645
"TL87",585000,275000,1125025.01333333,1122690.4330966,0.207945143906719
"TL88",585000,285000,1120126.57777778,1124067.46529668,-0.350591725191933
"TL89",585000,295000,1120126.57777778,1127836.46414697,-0.6835996719635
"TL90",595000,205000,1193949.08444444,1208824.48916913,-1.23056778365779
"TL91",595000,215000,1193949.08444444,1193153.78166281,0.0666555136356118
"TL92",595000,225000,1155877.06666667,1177654.13569019,-1.84919055294261
"TL93",595000,235000,1155877.06666667,1163349.55284155,-0.642325099676786
"TL94",595000,245000,1155877.06666667,1151240.36046282,0.40275743998268
"TL95",595000,255000,1125025.01333333,1142265.73151785,-1.50934390385716
"TL96",595000,265000,1125025.01333333,1137002.43881693,-1.05342126583794
"TL97",595000,275000,1125025.01333333,1135575.24014548,-0.929064533918212
"TL98",595000,285000,1120126.57777778,1137570.29483733,-1.53341882595914
"TL99",595000,295000,1120126.57777778,1142100.9584813,-1.92403136871004
"TM00",605000,205000,1214061.77777778,1219417.7637861,-0.439224863486322
"TM01",605000,215000,1214061.77777778,1204583.08176734,0.786886031682657
"TM02",605000,225000,1167564.32,1189738.76667949,-1.86380803084817
"TM03",605000,235000,1167564.32,1175929.97773217,-0.711407812589722
"TM04",605000,245000,1167564.32,1164263.50009874,0.283511413093174
"TM05",605000,255000,1144430.13333333,1155681.88266751,-0.973602641257143
"TM06",605000,265000,1144430.13333333,1150725.31767095,-0.54706229548816
"TM07",605000,275000,1144430.13333333,1149567.93088446,-0.446932922630374
"TM08",605000,285000,1148541.92,1151810.01919656,-0.283735958369597
"TM09",605000,295000,1148541.92,1156602.40898676,-0.696910963017918
"TM11",615000,215000,1214061.77777778,1213869.39875228,0.0158484121683173
"TM12",615000,225000,1167564.32,1200385.39114015,-2.73421114438701
"TM13",615000,235000,1192663.02222222,1187729.48358995,0.415375613760211
"TM14",615000,245000,1192663.02222222,1177006.74072314,1.33017772603918
"TM15",615000,255000,1174932.16,1169106.00850832,0.498342447073381
"TM16",615000,265000,1174932.16,1164581.84888126,0.888757722669518
"TM17",615000,275000,1174932.16,1163581.68691714,0.975477116087241
"TM18",615000,285000,1179471.60888889,1165757.29445704,1.17642964766877
"TM19",615000,295000,1179471.60888889,1170368.35408339,0.777811086034805
"TM21",625000,215000,1225708.33777778,1221423.15153276,0.350835518357091
"TM22",625000,225000,1192663.02222222,1209605.18851309,-1.40063604651833
"TM23",625000,235000,1192663.02222222,1198446.11438172,-0.482549201845745
"TM24",625000,245000,1192663.02222222,1188935.86819288,0.313486549531284
"TM25",625000,255000,1174932.16,1181886.99029679,-0.588451379352919
"TM26",625000,265000,1174932.16,1177812.23708003,-0.24452769205165
"TM27",625000,275000,1174932.16,1176854.76998912,-0.163368500357577
"TM28",625000,285000,1179471.60888889,1178768.62923224,0.0596367802145065
"TM29",625000,295000,1179471.60888889,1182919.99590038,-0.291514812788665
"TM33",635000,235000,1217441.12,1208189.60133502,0.765734008532472
"TM34",635000,245000,1217441.12,1199942.87799715,1.45825624900186
"TM35",635000,255000,1197833.33333333,1193781.27586434,0.339430476161438
"TM36",635000,265000,1197833.33333333,1190113.53426158,0.648660724334928
"TM37",635000,275000,1197833.33333333,1189120.89043582,0.732679323657002
"TM38",635000,285000,1199989.19111111,1190644.73879079,0.784822879225061
"TM39",635000,295000,1199989.19111111,1194151.78340231,0.488832976672941
"TM44",645000,245000,1217441.12,1210201.04412253,0.598253977108478
"TM45",645000,255000,1197833.33333333,1204869.3750554,-0.583967180819251
"TM46",645000,265000,1197833.33333333,1201581.31463031,-0.31192073739378
"TM47",645000,275000,1197833.33333333,1200509.58806139,-0.222926560076355
"TM48",645000,285000,1199989.19111111,1201622.6956348,-0.135941550506566
"TM49",645000,295000,1199989.19111111,1204428.16821628,-0.36855474010923
"TM57",655000,275000,1218158.4,1211298.82851305,0.566298862467694
"TM58",655000,285000,1212856.28444444,1212055.11723292,0.0660998992650578
"TM59",655000,295000,1212856.28444444,1214248.02891868,-0.114617807984263
"TQ00",505000,105000,1226179.30666667,1224634.81686203,0.126118397367675
"TQ01",505000,115000,1209361.40444444,1215508.45765948,-0.505718670758616
"TQ02",505000,125000,1209361.40444444,1205023.79625312,0.359960376285401
"TQ03",505000,135000,1209361.40444444,1192811.89142672,1.38743695771924
"TQ04",505000,145000,1166237.15555556,1178987.16104036,-1.08143717812434
"TQ05",505000,155000,1166237.15555556,1164220.67409885,0.173204402015202
"TQ06",505000,165000,1166237.15555556,1149617.70050691,1.44565058813225
"TQ07",505000,175000,1130766.72,1136374.73075323,-0.493500128211594
"TQ08",505000,185000,1130766.72,1125428.76750931,0.474303895972612
"TQ09",505000,195000,1114371.37777778,1117285.13585405,-0.260789120231641
"TQ10",515000,105000,1234261.97333333,1228670.68836319,0.455067824364517
"TQ11",515000,115000,1217631.85777778,1219317.40172784,-0.138236684531397
"TQ12",515000,125000,1217631.85777778,1208649.33261781,0.743187036765384
"TQ13",515000,135000,1217631.85777778,1196347.00045442,1.77915415136862
"TQ14",515000,145000,1174564.85333333,1182493.34809987,-0.670489587046911
"TQ15",515000,155000,1174564.85333333,1167688.17668575,0.58891378579371
"TQ16",515000,165000,1174564.85333333,1152999.01321857,1.87041271219855
"TQ17",515000,175000,1137764.58666667,1139584.45080726,-0.159695416983642
"TQ18",515000,185000,1137764.58666667,1128383.88204332,0.831339827928041
"TQ19",515000,195000,1118646.36444444,1119917.36096314,-0.113490205884964
"TQ20",525000,105000,1234261.97333333,1233402.44927113,0.0696872349091906
"TQ21",525000,115000,1217631.85777778,1224166.362078,-0.533792179123018
"TQ22",525000,125000,1217631.85777778,1213755.34609548,0.319381636073833
"TQ23",525000,135000,1217631.85777778,1201838.48310811,1.31410126166225
"TQ24",525000,145000,1174564.85333333,1188417.30223497,-1.16562161082548
"TQ25",525000,155000,1174564.85333333,1173997.14011243,0.0483572916415488
"TQ26",525000,165000,1174564.85333333,1159521.74105339,1.29735491343806
"TQ27",525000,175000,1137764.58666667,1146021.50724773,-0.720485656581729
"TQ28",525000,185000,1137764.58666667,1134335.77205073,0.302275102347829
"TQ29",525000,195000,1118646.36444444,1125283.05730714,-0.589779862017414
"TQ30",535000,105000,1242825.79555556,1239202.07601656,0.292423617513662
"TQ31",535000,115000,1226092.60444444,1230507.86188824,-0.358815866241027
"TQ32",535000,125000,1226092.60444444,1220853.95207092,0.42909738422375
"TQ33",535000,135000,1226092.60444444,1209852.14563718,1.34235070506966
"TQ34",535000,145000,1184773.28,1197362.73795563,-1.05143224826935
"TQ35",535000,155000,1184773.28,1183718.5869678,0.0890999806721071
"TQ36",535000,165000,1184773.28,1169717.49686914,1.28712985581242
"TQ37",535000,175000,1143403.30666667,1156123.0926499,-1.10021035511669
"TQ38",535000,185000,1143403.30666667,1143955.07914694,-0.0482337541335988
"TQ39",535000,195000,1124784.32,1133942.20733654,-0.807614998126458
"TQ40",545000,105000,1242825.79555556,1246171.30588168,-0.268463116614078
"TQ41",545000,115000,1226092.60444444,1238450.47582471,-0.997849459586404
"TQ42",545000,125000,1226092.60444444,1229996.97118502,-0.317428971944198
"TQ43",545000,135000,1226092.60444444,1220329.9997664,0.472216915026469
"TQ44",545000,145000,1184773.28,1209177.81612283,-2.01827521125764
"TQ45",545000,155000,1184773.28,1196663.96634428,-0.993652911653096
"TQ46",545000,165000,1184773.28,1183363.25143778,0.119154330718577
"TQ47",545000,175000,1143403.30666667,1169922.8490643,-2.26677702883118
"TQ48",545000,185000,1143403.30666667,1157279.10472305,-1.19900186564782
"TQ49",545000,195000,1124784.32,1146004.01637288,-1.85162495678167
"TQ50",555000,105000,1260754.29333333,1254197.78564784,0.522765050338996
"TQ51",555000,115000,1250091.02222222,1247711.61215366,0.190701925460076
"TQ52",555000,125000,1250091.02222222,1240741.1753043,0.75356948765987
"TQ53",555000,135000,1250091.02222222,1232689.39226393,1.41168002803438
"TQ54",555000,145000,1214461.56444444,1223129.09721844,-0.708635972580847
"TQ55",555000,155000,1214461.56444444,1211997.12752693,0.203336861247177
"TQ56",555000,165000,1214461.56444444,1199616.04810154,1.23752231944506
"TQ57",555000,175000,1179058.45333333,1186546.18694282,-0.631052856760909
"TQ58",555000,185000,1179058.45333333,1173435.71071495,0.479169209445545
"TQ59",555000,195000,1154129.65333333,1160949.13220173,-0.587405483947586
"TQ60",565000,105000,1260754.29333333,1262889.0400825,-0.169036762645892
"TQ61",565000,115000,1250091.02222222,1257636.25054235,-0.599953151546767
"TQ62",565000,125000,1250091.02222222,1252173.3173648,-0.166294482856316
"TQ63",565000,135000,1250091.02222222,1245803.9609027,0.344120058537467
"TQ64",565000,145000,1214461.56444444,1237938.98717497,-1.89649271682603
"TQ65",565000,155000,1214461.56444444,1228315.9114782,-1.12791399218121
"TQ66",565000,165000,1214461.56444444,1217067.01174923,-0.214075911977803
"TQ67",565000,175000,1179058.45333333,1204535.43827741,-2.1150880359746
"TQ68",565000,185000,1209853.04888889,1191201.81204141,1.56574953621975
"TQ69",565000,195000,1174202.06222222,1177642.47640335,-0.29214419911505
"TQ70",575000,105000,1275765.67111111,1271527.04799982,0.3333490324063
"TQ71",575000,115000,1270205.65333333,1267310.16518756,0.228475098307543
"TQ72",575000,125000,1270205.65333333,1263119.4691091,0.561006650402306
"TQ73",575000,135000,1270205.65333333,1258248.8070246,0.950276784844008
"TQ74",575000,145000,1244296.33777778,1252000.35835782,-0.615336930904969
"TQ75",575000,155000,1244296.33777778,1243907.73337369,0.0312406132429955
"TQ76",575000,165000,1244296.33777778,1233937.13212278,0.839524590461036
"TQ77",575000,175000,1209853.04888889,1222195.63967836,-1.00987030134741
"TQ78",575000,185000,1209853.04888889,1208933.02284528,0.0761023171854439
"TQ79",575000,195000,1174202.06222222,1194724.57140156,-1.7177607015531
"TQ80",585000,105000,1287004.33777778,1279439.47366661,0.591263929780478
"TQ81",585000,115000,1283809.81333333,1275874.72877622,0.621932888718802
"TQ82",585000,125000,1283809.81333333,1272503.09709582,0.888541353126934
"TQ83",585000,135000,1283809.81333333,1268708.0926467,1.19032272073964
"TQ84",585000,145000,1271078.80888889,1263806.1237978,0.575458921597533
"TQ85",585000,155000,1271078.80888889,1257213.51207755,1.10285935349429
"TQ86",585000,165000,1271078.80888889,1248537.62029517,1.80540724022287
"TQ87",585000,175000,1230589.15555556,1237673.26700263,-0.57237331014095
"TQ88",585000,185000,1230589.15555556,1224835.41195744,0.469756470293078
"TQ89",585000,195000,1230589.15555556,1210618.72174977,1.64960556507186
"TQ91",595000,115000,1283809.81333333,1282830.81926326,0.0763151348851602
"TQ92",595000,125000,1283809.81333333,1279744.18275632,0.317690881645891
"TQ93",595000,135000,1283809.81333333,1276445.94744566,0.57690385577329
"TQ94",595000,145000,1271078.80888889,1272353.7507688,-0.100203412702277
"TQ95",595000,155000,1271078.80888889,1266873.38295944,0.331953136439359
"TQ96",595000,165000,1271078.80888889,1259300.80294638,0.935281381140549
"TQ97",595000,175000,1230589.15555556,1249428.27620369,-1.5078192967884
"TQ98",595000,185000,1230589.15555556,1237483.63400074,-0.557136939492163
"TQ99",595000,195000,1230589.15555556,1223811.77296194,0.553792890651491
"TR01",605000,115000,1279767.23555556,1288184.98110018,-0.653457823847443
"TR02",605000,125000,1279767.23555556,1284941.38227645,-0.402675701184399
"TR03",605000,135000,1279767.23555556,1281605.91135173,-0.143466550824181
"TR04",605000,145000,1276347.12888889,1277682.91990971,-0.104547928128703
"TR05",605000,155000,1276347.12888889,1272647.04210311,0.290739432330552
"TR06",605000,165000,1276347.12888889,1265784.57212531,0.83446717523531
"TR07",605000,175000,1251473.56444444,1256817.35871714,-0.425184632885216
"TR08",605000,185000,1251473.56444444,1246012.20894318,0.438306740661984
"TR09",605000,195000,1251473.56444444,1233428.013843,1.46304043680837
"TR11",615000,115000,1279767.23555556,1292341.38778753,-0.972974505869547
"TR12",615000,125000,1279767.23555556,1288557.30517656,-0.682163655872575
"TR13",615000,135000,1279767.23555556,1284710.8542981,-0.384803998970541
"TR14",615000,145000,1276347.12888889,1280418.46472634,-0.317969160052671
"TR15",615000,155000,1276347.12888889,1275254.12346953,0.0857088323997825
"TR16",615000,165000,1276347.12888889,1268752.24500775,0.598610478209758
"TR23",625000,135000,1266989.22666667,1286660.59384768,-1.52886995024756
"TR24",625000,145000,1281525.86666667,1281628.26729112,-0.00798988498219693
"TR25",625000,155000,1281525.86666667,1276014.29241458,0.43193671770371
"TR26",625000,165000,1281525.86666667,1269644.57993864,0.935796278404082
"TR27",625000,175000,1266031.57333333,1262289.81103611,0.296426562625378
"TR33",635000,135000,1266989.22666667,1288299.93228445,-1.65417268787704
"TR34",635000,145000,1281525.86666667,1282548.31845235,-0.07972033263547
"TR35",635000,155000,1281525.86666667,1276491.43047491,0.394396395585578
"TR36",635000,165000,1281525.86666667,1270097.58682779,0.899795413942897
"TR37",635000,175000,1265660.17777778,1263307.66644279,0.186218400906978
"TR46",645000,165000,1268597.61777778,1271454.51156583,-0.224694927114101
"TR47",645000,175000,1265660.17777778,1264997.93488493,0.0523513022893043
"TV09",505000,95000,1226179.30666667,1233033.66285624,-0.555893678822384
"TV49",545000,95000,1242825.79555556,1253586.15761593,-0.858366375139582
"TV59",555000,95000,1260754.29333333,1260711.14696574,0.00342238328707433
"TV69",565000,95000,1260754.29333333,1268455.21193455,-0.607110012932027
